jogador,posicao,clube,nacionalidade,partidas,suspensoes_amarelo,cartoes_amarelos,segundo_amarelo,cartoes_vermelhos,expulsoes,pontos_disciplinares,cartoes_por_partida,temporada,url_origem
Emanuel Brítez,Centre-Back,Fortaleza Esporte Clube,Argentina,30,2,11,1,1,2,19,0.43,2023,https://www.transfermarkt.com/campeonato-brasileiro-serie-a/suenderkartei/wettbewerb/BRA1/saison_id/2023/plus/1
Ganso,Attacking Midfield,Fluminense Football Club,Brazil,32,2,12,-,1,1,17,0.41,2023,https://www.transfermarkt.com/campeonato-brasileiro-serie-a/suenderkartei/wettbewerb/BRA1/saison_id/2023/plus/1
Lucas Barbosa,Right Winger,Esporte Clube Juventude,Brazil,33,2,12,-,1,1,17,0.39,2023,https://www.transfermarkt.com/campeonato-brasileiro-serie-a/suenderkartei/wettbewerb/BRA1/saison_id/2023/plus/1
Alexander Barboza,Centre-Back,Botafogo de Futebol e Regatas,Uruguay,26,1,9,1,1,2,17,0.42,2023,https://www.transfermarkt.com/campeonato-brasileiro-serie-a/suenderkartei/wettbewerb/BRA1/saison_id/2023/plus/1
Jádson,Central Midfield,Esporte Clube Juventude,Brazil,33,2,12,1,-,1,15,0.39,2023,https://www.transfermarkt.com/campeonato-brasileiro-serie-a/suenderkartei/wettbewerb/BRA1/saison_id/2023/plus/1
Jadsom,Defensive Midfield,Red Bull Bragantino,Brazil,30,2,10,-,1,1,15,0.37,2023,https://www.transfermarkt.com/campeonato-brasileiro-serie-a/suenderkartei/wettbewerb/BRA1/saison_id/2023/plus/1
Hércules,Central Midfield,Fortaleza Esporte Clube,Brazil,32,1,5,-,2,2,15,0.22,2023,https://www.transfermarkt.com/campeonato-brasileiro-serie-a/suenderkartei/wettbewerb/BRA1/saison_id/2023/plus/1
Luciano,Centre-Forward,São Paulo Futebol Clube,Brazil,31,2,11,1,-,1,14,0.39,2023,https://www.transfermarkt.com/campeonato-brasileiro-serie-a/suenderkartei/wettbewerb/BRA1/saison_id/2023/plus/1
Zé Marcos,Centre-Back,Esporte Clube Juventude,Brazil,25,1,8,2,-,2,14,0.40,2023,https://www.transfermarkt.com/campeonato-brasileiro-serie-a/suenderkartei/wettbewerb/BRA1/saison_id/2023/plus/1
Mateus Carvalho,Defensive Midfield,Clube de Regatas Vasco da Gama,Brazil,32,1,9,-,1,1,14,0.31,2023,https://www.transfermarkt.com/campeonato-brasileiro-serie-a/suenderkartei/wettbewerb/BRA1/saison_id/2023/plus/1
Hugo Moura,Defensive Midfield,,Brazil,30,1,8,-,1,1,13,0.30,2023,https://www.transfermarkt.com/campeonato-brasileiro-serie-a/suenderkartei/wettbewerb/BRA1/saison_id/2023/plus/1
Felipe Melo,Defensive Midfield,Fluminense Football Club,Brazil,10,-,3,-,2,2,13,0.50,2023,https://www.transfermarkt.com/campeonato-brasileiro-serie-a/suenderkartei/wettbewerb/BRA1/saison_id/2023/plus/1
Marlon,Left-Back,Cruzeiro Esporte Clube,Brazil,28,-,3,-,2,2,13,0.18,2023,https://www.transfermarkt.com/campeonato-brasileiro-serie-a/suenderkartei/wettbewerb/BRA1/saison_id/2023/plus/1
Kanu,Centre-Back,Esporte Clube Bahia,Brazil,30,2,12,-,-,-,12,0.40,2023,https://www.transfermarkt.com/campeonato-brasileiro-serie-a/suenderkartei/wettbewerb/BRA1/saison_id/2023/plus/1
Matheus Pereira,Attacking Midfield,Cruzeiro Esporte Clube,Brazil,34,1,9,1,-,1,12,0.29,2023,https://www.transfermarkt.com/campeonato-brasileiro-serie-a/suenderkartei/wettbewerb/BRA1/saison_id/2023/plus/1
Walter Kannemann,Centre-Back,Grêmio Foot-Ball Porto Alegrense,Argentina,13,1,7,-,1,1,12,0.62,2023,https://www.transfermarkt.com/campeonato-brasileiro-serie-a/suenderkartei/wettbewerb/BRA1/saison_id/2023/plus/1
Eduardo Sasha,Centre-Forward,Red Bull Bragantino,Brazil,28,1,7,-,1,1,12,0.29,2023,https://www.transfermarkt.com/campeonato-brasileiro-serie-a/suenderkartei/wettbewerb/BRA1/saison_id/2023/plus/1
Zé Rafael,Central Midfield,Sociedade Esportiva Palmeiras,Brazil,18,1,7,-,1,1,12,0.44,2023,https://www.transfermarkt.com/campeonato-brasileiro-serie-a/suenderkartei/wettbewerb/BRA1/saison_id/2023/plus/1
Allano,Right Winger,Criciúma EC,Brazil,24,1,6,2,-,2,12,0.33,2023,https://www.transfermarkt.com/campeonato-brasileiro-serie-a/suenderkartei/wettbewerb/BRA1/saison_id/2023/plus/1
Gabriel Menino,Right-Back,Sociedade Esportiva Palmeiras,Brazil,26,1,7,-,1,1,12,0.31,2023,https://www.transfermarkt.com/campeonato-brasileiro-serie-a/suenderkartei/wettbewerb/BRA1/saison_id/2023/plus/1
João Marcelo,Centre-Back,Cruzeiro Esporte Clube,Brazil,31,1,7,-,1,1,12,0.26,2023,https://www.transfermarkt.com/campeonato-brasileiro-serie-a/suenderkartei/wettbewerb/BRA1/saison_id/2023/plus/1
João Victor,Centre-Back,Clube de Regatas Vasco da Gama,Brazil,23,-,4,1,1,2,12,0.26,2023,https://www.transfermarkt.com/campeonato-brasileiro-serie-a/suenderkartei/wettbewerb/BRA1/saison_id/2023/plus/1
Alix,Centre-Back,Atlético Clube Goianiense,Brazil,25,-,4,1,1,2,12,0.24,2023,https://www.transfermarkt.com/campeonato-brasileiro-serie-a/suenderkartei/wettbewerb/BRA1/saison_id/2023/plus/1
Wesley,Left Winger,Sport Club Internacional,Brazil,33,2,11,-,-,-,11,0.33,2023,https://www.transfermarkt.com/campeonato-brasileiro-serie-a/suenderkartei/wettbewerb/BRA1/saison_id/2023/plus/1
Lucas Esteves,Left-Back,Esporte Clube Vitória,Brazil,34,2,11,-,-,-,11,0.32,2023,https://www.transfermarkt.com/campeonato-brasileiro-serie-a/suenderkartei/wettbewerb/BRA1/saison_id/2023/plus/1
Luiz Fernando,Left Winger,Atlético Clube Goianiense,Brazil,31,1,8,1,-,1,11,0.29,2023,https://www.transfermarkt.com/campeonato-brasileiro-serie-a/suenderkartei/wettbewerb/BRA1/saison_id/2023/plus/1/page/2
Thiago Heleno,Centre-Back,Club Athletico Paranaense,Brazil,26,1,6,-,1,1,11,0.27,2023,https://www.transfermarkt.com/campeonato-brasileiro-serie-a/suenderkartei/wettbewerb/BRA1/saison_id/2023/plus/1/page/2
Germán Cano,Centre-Forward,Fluminense Football Club,Argentina,27,1,6,-,1,1,11,0.26,2023,https://www.transfermarkt.com/campeonato-brasileiro-serie-a/suenderkartei/wettbewerb/BRA1/saison_id/2023/plus/1/page/2
Marcos Rocha,Right-Back,Sociedade Esportiva Palmeiras,Brazil,28,1,6,-,1,1,11,0.25,2023,https://www.transfermarkt.com/campeonato-brasileiro-serie-a/suenderkartei/wettbewerb/BRA1/saison_id/2023/plus/1/page/2
Everson,Goalkeeper,Clube Atlético Mineiro,Brazil,25,1,6,-,1,1,11,0.28,2023,https://www.transfermarkt.com/campeonato-brasileiro-serie-a/suenderkartei/wettbewerb/BRA1/saison_id/2023/plus/1/page/2
Dodi,Defensive Midfield,Grêmio Foot-Ball Porto Alegrense,Brazil,33,1,6,-,1,1,11,0.21,2023,https://www.transfermarkt.com/campeonato-brasileiro-serie-a/suenderkartei/wettbewerb/BRA1/saison_id/2023/plus/1/page/2
Yuri Alberto,Centre-Forward,Sport Club Corinthians Paulista,Brazil,29,1,6,-,1,1,11,0.24,2023,https://www.transfermarkt.com/campeonato-brasileiro-serie-a/suenderkartei/wettbewerb/BRA1/saison_id/2023/plus/1/page/2
Alan Franco,Centre-Back,São Paulo Futebol Clube,Argentina,27,1,6,-,1,1,11,0.26,2023,https://www.transfermarkt.com/campeonato-brasileiro-serie-a/suenderkartei/wettbewerb/BRA1/saison_id/2023/plus/1/page/2
Guilherme Romão,Left-Back,Atlético Clube Goianiense,Brazil,32,1,6,-,1,1,11,0.22,2023,https://www.transfermarkt.com/campeonato-brasileiro-serie-a/suenderkartei/wettbewerb/BRA1/saison_id/2023/plus/1/page/2
Léo Linck,Goalkeeper,Club Athletico Paranaense,Brazil,14,-,1,-,2,2,11,0.21,2023,https://www.transfermarkt.com/campeonato-brasileiro-serie-a/suenderkartei/wettbewerb/BRA1/saison_id/2023/plus/1/page/2
Rhaldney,Central Midfield,Atlético Clube Goianiense,Brazil,32,2,10,-,-,-,10,0.31,2023,https://www.transfermarkt.com/campeonato-brasileiro-serie-a/suenderkartei/wettbewerb/BRA1/saison_id/2023/plus/1/page/2
Bruno Fuchs,Centre-Back,Clube Atlético Mineiro,Brazil,26,1,7,1,-,1,10,0.31,2023,https://www.transfermarkt.com/campeonato-brasileiro-serie-a/suenderkartei/wettbewerb/BRA1/saison_id/2023/plus/1/page/2
Gabriel,Goalkeeper,Esporte Clube Juventude,Brazil,34,1,5,-,1,1,10,0.18,2023,https://www.transfermarkt.com/campeonato-brasileiro-serie-a/suenderkartei/wettbewerb/BRA1/saison_id/2023/plus/1/page/2
André Ramalho,Centre-Back,Sport Club Corinthians Paulista,Brazil,18,1,5,-,1,1,10,0.33,2023,https://www.transfermarkt.com/campeonato-brasileiro-serie-a/suenderkartei/wettbewerb/BRA1/saison_id/2023/plus/1/page/2
José Martínez,Defensive Midfield,Sport Club Corinthians Paulista,Venezuela,11,1,5,-,1,1,10,0.55,2023,https://www.transfermarkt.com/campeonato-brasileiro-serie-a/suenderkartei/wettbewerb/BRA1/saison_id/2023/plus/1/page/2
Wagner Leonardo,Centre-Back,Esporte Clube Vitória,Brazil,36,1,5,-,1,1,10,0.17,2023,https://www.transfermarkt.com/campeonato-brasileiro-serie-a/suenderkartei/wettbewerb/BRA1/saison_id/2023/plus/1/page/2
Titi,Centre-Back,Fortaleza Esporte Clube,Brazil,23,1,9,-,-,-,9,0.39,2023,https://www.transfermarkt.com/campeonato-brasileiro-serie-a/suenderkartei/wettbewerb/BRA1/saison_id/2023/plus/1/page/2
Alan Empereur,Centre-Back,Cuiabá Esporte Clube (MT),Brazil,30,1,9,-,-,-,9,0.30,2023,https://www.transfermarkt.com/campeonato-brasileiro-serie-a/suenderkartei/wettbewerb/BRA1/saison_id/2023/plus/1/page/2
Gustavo Gómez,Centre-Back,Sociedade Esportiva Palmeiras,Paraguay,27,1,9,-,-,-,9,0.33,2023,https://www.transfermarkt.com/campeonato-brasileiro-serie-a/suenderkartei/wettbewerb/BRA1/saison_id/2023/plus/1/page/2
Thiago Santos,Centre-Back,Fluminense Football Club,Brazil,27,1,9,-,-,-,9,0.33,2023,https://www.transfermarkt.com/campeonato-brasileiro-serie-a/suenderkartei/wettbewerb/BRA1/saison_id/2023/plus/1/page/2
Rodrigo,Centre-Back,Criciúma EC,Brazil,32,1,9,-,-,-,9,0.28,2023,https://www.transfermarkt.com/campeonato-brasileiro-serie-a/suenderkartei/wettbewerb/BRA1/saison_id/2023/plus/1/page/2
Zé Ivaldo,Centre-Back,Cruzeiro Esporte Clube,Brazil,29,1,9,-,-,-,9,0.31,2023,https://www.transfermarkt.com/campeonato-brasileiro-serie-a/suenderkartei/wettbewerb/BRA1/saison_id/2023/plus/1/page/2
Baralhas,Defensive Midfield,Atlético Clube Goianiense,Brazil,33,1,9,-,-,-,9,0.27,2023,https://www.transfermarkt.com/campeonato-brasileiro-serie-a/suenderkartei/wettbewerb/BRA1/saison_id/2023/plus/1/page/2
Ramon,Left-Back,Cuiabá Esporte Clube (MT),Brazil,30,1,9,-,-,-,9,0.30,2023,https://www.transfermarkt.com/campeonato-brasileiro-serie-a/suenderkartei/wettbewerb/BRA1/saison_id/2023/plus/1/page/2
Martinelli,Defensive Midfield,Fluminense Football Club,Brazil,34,1,9,-,-,-,9,0.26,2023,https://www.transfermarkt.com/campeonato-brasileiro-serie-a/suenderkartei/wettbewerb/BRA1/saison_id/2023/plus/1/page/2
Gustavo Henrique,Centre-Back,Sport Club Corinthians Paulista,Brazil,18,1,6,1,-,1,9,0.39,2023,https://www.transfermarkt.com/campeonato-brasileiro-serie-a/suenderkartei/wettbewerb/BRA1/saison_id/2023/plus/1/page/3
Lucas Romero,Defensive Midfield,Cruzeiro Esporte Clube,Argentina,33,1,6,1,-,1,9,0.21,2023,https://www.transfermarkt.com/campeonato-brasileiro-serie-a/suenderkartei/wettbewerb/BRA1/saison_id/2023/plus/1/page/3
Benjamín Kuscevic,Centre-Back,Fortaleza Esporte Clube,Chile,22,1,6,1,-,1,9,0.32,2023,https://www.transfermarkt.com/campeonato-brasileiro-serie-a/suenderkartei/wettbewerb/BRA1/saison_id/2023/plus/1/page/3
Lyanco,Centre-Back,Clube Atlético Mineiro,Brazil,13,1,6,1,-,1,9,0.54,2023,https://www.transfermarkt.com/campeonato-brasileiro-serie-a/suenderkartei/wettbewerb/BRA1/saison_id/2023/plus/1/page/3
Lima,Attacking Midfield,Fluminense Football Club,Brazil,30,1,6,1,-,1,9,0.23,2023,https://www.transfermarkt.com/campeonato-brasileiro-serie-a/suenderkartei/wettbewerb/BRA1/saison_id/2023/plus/1/page/3
João Lucas,Right-Back,Esporte Clube Juventude,Brazil,30,1,6,1,-,1,9,0.23,2023,https://www.transfermarkt.com/campeonato-brasileiro-serie-a/suenderkartei/wettbewerb/BRA1/saison_id/2023/plus/1/page/3
Diego Costa,Centre-Forward,Grêmio Foot-Ball Porto Alegrense,Spain,14,-,4,-,1,1,9,0.36,2023,https://www.transfermarkt.com/campeonato-brasileiro-serie-a/suenderkartei/wettbewerb/BRA1/saison_id/2023/plus/1/page/3
Marinho,Right Winger,Fortaleza Esporte Clube,Brazil,23,-,4,-,1,1,9,0.22,2023,https://www.transfermarkt.com/campeonato-brasileiro-serie-a/suenderkartei/wettbewerb/BRA1/saison_id/2023/plus/1/page/3
Alan Ruschel,Left-Back,Esporte Clube Juventude,Brazil,28,-,3,2,-,2,9,0.18,2023,https://www.transfermarkt.com/campeonato-brasileiro-serie-a/suenderkartei/wettbewerb/BRA1/saison_id/2023/plus/1/page/3
Rodrigo Battaglia,Defensive Midfield,Clube Atlético Mineiro,Argentina,26,-,3,2,-,2,9,0.19,2023,https://www.transfermarkt.com/campeonato-brasileiro-serie-a/suenderkartei/wettbewerb/BRA1/saison_id/2023/plus/1/page/3
Tiquinho Soares,Centre-Forward,Botafogo de Futebol e Regatas,Brazil,28,-,4,-,1,1,9,0.18,2023,https://www.transfermarkt.com/campeonato-brasileiro-serie-a/suenderkartei/wettbewerb/BRA1/saison_id/2023/plus/1/page/3
Maguinho,Right-Back,Atlético Clube Goianiense,Brazil,24,-,4,-,1,1,9,0.21,2023,https://www.transfermarkt.com/campeonato-brasileiro-serie-a/suenderkartei/wettbewerb/BRA1/saison_id/2023/plus/1/page/3
Rodrigo Sam,Centre-Back,Esporte Clube Juventude,Brazil,13,-,4,-,1,1,9,0.38,2023,https://www.transfermarkt.com/campeonato-brasileiro-serie-a/suenderkartei/wettbewerb/BRA1/saison_id/2023/plus/1/page/3
Luiz Felipe,Centre-Back,Atlético Clube Goianiense,Brazil,16,-,4,-,1,1,9,0.31,2023,https://www.transfermarkt.com/campeonato-brasileiro-serie-a/suenderkartei/wettbewerb/BRA1/saison_id/2023/plus/1/page/3
Cleiton,Goalkeeper,Red Bull Bragantino,Brazil,31,-,4,-,1,1,9,0.16,2023,https://www.transfermarkt.com/campeonato-brasileiro-serie-a/suenderkartei/wettbewerb/BRA1/saison_id/2023/plus/1/page/3
Cacá,Centre-Back,Sport Club Corinthians Paulista,Brazil,26,-,4,-,1,1,9,0.19,2023,https://www.transfermarkt.com/campeonato-brasileiro-serie-a/suenderkartei/wettbewerb/BRA1/saison_id/2023/plus/1/page/3
Janderson,Right Winger,Atlético Clube Goianiense,Brazil,20,-,4,-,1,1,9,0.25,2023,https://www.transfermarkt.com/campeonato-brasileiro-serie-a/suenderkartei/wettbewerb/BRA1/saison_id/2023/plus/1/page/3
Fernando,Left-Back,Club Athletico Paranaense,Brazil,16,-,4,-,1,1,9,0.31,2023,https://www.transfermarkt.com/campeonato-brasileiro-serie-a/suenderkartei/wettbewerb/BRA1/saison_id/2023/plus/1/page/3
Fernandinho,Defensive Midfield,Club Athletico Paranaense,Brazil,25,1,8,-,-,-,8,0.32,2023,https://www.transfermarkt.com/campeonato-brasileiro-serie-a/suenderkartei/wettbewerb/BRA1/saison_id/2023/plus/1/page/3
Juan Martín Lucero,Centre-Forward,Fortaleza Esporte Clube,Argentina,32,1,8,-,-,-,8,0.25,2023,https://www.transfermarkt.com/campeonato-brasileiro-serie-a/suenderkartei/wettbewerb/BRA1/saison_id/2023/plus/1/page/3
Willian Oliveira,Defensive Midfield,Esporte Clube Vitória,Brazil,35,1,8,-,-,-,8,0.23,2023,https://www.transfermarkt.com/campeonato-brasileiro-serie-a/suenderkartei/wettbewerb/BRA1/saison_id/2023/plus/1/page/3
William,Right-Back,Cruzeiro Esporte Clube,Brazil,34,1,8,-,-,-,8,0.24,2023,https://www.transfermarkt.com/campeonato-brasileiro-serie-a/suenderkartei/wettbewerb/BRA1/saison_id/2023/plus/1/page/3
Gregore,Defensive Midfield,Botafogo de Futebol e Regatas,Brazil,33,1,8,-,-,-,8,0.24,2023,https://www.transfermarkt.com/campeonato-brasileiro-serie-a/suenderkartei/wettbewerb/BRA1/saison_id/2023/plus/1/page/3
Raniele,Defensive Midfield,Sport Club Corinthians Paulista,Brazil,33,1,8,-,-,-,8,0.24,2023,https://www.transfermarkt.com/campeonato-brasileiro-serie-a/suenderkartei/wettbewerb/BRA1/saison_id/2023/plus/1/page/3
Igor Gomes,Attacking Midfield,Clube Atlético Mineiro,Brazil,22,1,8,-,-,-,8,0.36,2023,https://www.transfermarkt.com/campeonato-brasileiro-serie-a/suenderkartei/wettbewerb/BRA1/saison_id/2023/plus/1/page/3
Pedro Augusto,Central Midfield,Fortaleza Esporte Clube,Brazil,27,1,8,-,-,-,8,0.30,2023,https://www.transfermarkt.com/campeonato-brasileiro-serie-a/suenderkartei/wettbewerb/BRA1/saison_id/2023/plus/1/page/4
Derik Lacerda,Centre-Forward,Cuiabá Esporte Clube (MT),Brazil,27,1,8,-,-,-,8,0.30,2023,https://www.transfermarkt.com/campeonato-brasileiro-serie-a/suenderkartei/wettbewerb/BRA1/saison_id/2023/plus/1/page/4
Gabriel Xavier,Centre-Back,Esporte Clube Bahia,Brazil,35,1,8,-,-,-,8,0.23,2023,https://www.transfermarkt.com/campeonato-brasileiro-serie-a/suenderkartei/wettbewerb/BRA1/saison_id/2023/plus/1/page/4
Denilson,Central Midfield,Cuiabá Esporte Clube (MT),Brazil,33,1,8,-,-,-,8,0.24,2023,https://www.transfermarkt.com/campeonato-brasileiro-serie-a/suenderkartei/wettbewerb/BRA1/saison_id/2023/plus/1/page/4
José Manuel López,Centre-Forward,Sociedade Esportiva Palmeiras,Argentina,35,1,8,-,-,-,8,0.23,2023,https://www.transfermarkt.com/campeonato-brasileiro-serie-a/suenderkartei/wettbewerb/BRA1/saison_id/2023/plus/1/page/4
Erick Pulgar,Defensive Midfield,CR Flamengo,Chile,23,1,5,1,-,1,8,0.26,2023,https://www.transfermarkt.com/campeonato-brasileiro-serie-a/suenderkartei/wettbewerb/BRA1/saison_id/2023/plus/1/page/4
Gustavo Scarpa,Attacking Midfield,Clube Atlético Mineiro,Brazil,32,1,5,1,-,1,8,0.19,2023,https://www.transfermarkt.com/campeonato-brasileiro-serie-a/suenderkartei/wettbewerb/BRA1/saison_id/2023/plus/1/page/4
David,Left Winger,Clube de Regatas Vasco da Gama,Brazil,23,1,5,1,-,1,8,0.26,2023,https://www.transfermarkt.com/campeonato-brasileiro-serie-a/suenderkartei/wettbewerb/BRA1/saison_id/2023/plus/1/page/4
Allan,Defensive Midfield,CR Flamengo,Brazil,24,1,5,1,-,1,8,0.25,2023,https://www.transfermarkt.com/campeonato-brasileiro-serie-a/suenderkartei/wettbewerb/BRA1/saison_id/2023/plus/1/page/4
Murilo,Centre-Back,Sociedade Esportiva Palmeiras,Brazil,25,1,5,1,-,1,8,0.24,2023,https://www.transfermarkt.com/campeonato-brasileiro-serie-a/suenderkartei/wettbewerb/BRA1/saison_id/2023/plus/1/page/4
Igor Vinícius,Right-Back,São Paulo Futebol Clube,Brazil,30,1,5,1,-,1,8,0.20,2023,https://www.transfermarkt.com/campeonato-brasileiro-serie-a/suenderkartei/wettbewerb/BRA1/saison_id/2023/plus/1/page/4
Miguel Trauco,Left-Back,Criciúma EC,Peru,24,-,3,-,1,1,8,0.17,2023,https://www.transfermarkt.com/campeonato-brasileiro-serie-a/suenderkartei/wettbewerb/BRA1/saison_id/2023/plus/1/page/4
Victor Luís,Left-Back,Clube de Regatas Vasco da Gama,Brazil,10,-,3,-,1,1,8,0.40,2023,https://www.transfermarkt.com/campeonato-brasileiro-serie-a/suenderkartei/wettbewerb/BRA1/saison_id/2023/plus/1/page/4
Tinga,Right-Back,Fortaleza Esporte Clube,Brazil,29,-,3,-,1,1,8,0.14,2023,https://www.transfermarkt.com/campeonato-brasileiro-serie-a/suenderkartei/wettbewerb/BRA1/saison_id/2023/plus/1/page/4
Igor Rabello,Centre-Back,Clube Atlético Mineiro,Brazil,16,-,3,-,1,1,8,0.25,2023,https://www.transfermarkt.com/campeonato-brasileiro-serie-a/suenderkartei/wettbewerb/BRA1/saison_id/2023/plus/1/page/4
Neris,Centre-Back,,Brazil,22,-,3,-,1,1,8,0.18,2023,https://www.transfermarkt.com/campeonato-brasileiro-serie-a/suenderkartei/wettbewerb/BRA1/saison_id/2023/plus/1/page/4
Ronaldo,Goalkeeper,Atlético Clube Goianiense,Brazil,32,-,3,-,1,1,8,0.13,2023,https://www.transfermarkt.com/campeonato-brasileiro-serie-a/suenderkartei/wettbewerb/BRA1/saison_id/2023/plus/1/page/4
Paulinho,Second Striker,Clube Atlético Mineiro,Brazil,26,-,3,-,1,1,8,0.15,2023,https://www.transfermarkt.com/campeonato-brasileiro-serie-a/suenderkartei/wettbewerb/BRA1/saison_id/2023/plus/1/page/4
Raphael Veiga,Attacking Midfield,Sociedade Esportiva Palmeiras,Brazil,34,-,3,-,1,1,8,0.12,2023,https://www.transfermarkt.com/campeonato-brasileiro-serie-a/suenderkartei/wettbewerb/BRA1/saison_id/2023/plus/1/page/4
Rodrigo Nestor,Central Midfield,São Paulo Futebol Clube,Brazil,25,-,3,-,1,1,8,0.16,2023,https://www.transfermarkt.com/campeonato-brasileiro-serie-a/suenderkartei/wettbewerb/BRA1/saison_id/2023/plus/1/page/4
Guga,Right-Back,Fluminense Football Club,Brazil,10,-,3,-,1,1,8,0.40,2023,https://www.transfermarkt.com/campeonato-brasileiro-serie-a/suenderkartei/wettbewerb/BRA1/saison_id/2023/plus/1/page/4
Claudinho,Right-Back,Criciúma EC,Brazil,34,-,3,-,1,1,8,0.12,2023,https://www.transfermarkt.com/campeonato-brasileiro-serie-a/suenderkartei/wettbewerb/BRA1/saison_id/2023/plus/1/page/4
Luiz Henrique,Right Winger,Botafogo de Futebol e Regatas,Brazil,35,-,3,-,1,1,8,0.11,2023,https://www.transfermarkt.com/campeonato-brasileiro-serie-a/suenderkartei/wettbewerb/BRA1/saison_id/2023/plus/1/page/4
Miguel Monsalve,Attacking Midfield,Grêmio Foot-Ball Porto Alegrense,Colombia,19,-,3,-,1,1,8,0.21,2023,https://www.transfermarkt.com/campeonato-brasileiro-serie-a/suenderkartei/wettbewerb/BRA1/saison_id/2023/plus/1/page/4
Fernando,Defensive Midfield,Sport Club Internacional,Brazil,24,1,7,-,-,-,7,0.29,2023,https://www.transfermarkt.com/campeonato-brasileiro-serie-a/suenderkartei/wettbewerb/BRA1/saison_id/2023/plus/1/page/4
Mayke,Right-Back,Sociedade Esportiva Palmeiras,Brazil,22,1,7,-,-,-,7,0.32,2023,https://www.transfermarkt.com/campeonato-brasileiro-serie-a/suenderkartei/wettbewerb/BRA1/saison_id/2023/plus/1/page/5
Gonzalo Freitas,Defensive Midfield,Atlético Clube Goianiense,Uruguay,15,1,7,-,-,-,7,0.47,2023,https://www.transfermarkt.com/campeonato-brasileiro-serie-a/suenderkartei/wettbewerb/BRA1/saison_id/2023/plus/1/page/5
Jemerson,Centre-Back,,Brazil,16,1,7,-,-,-,7,0.44,2023,https://www.transfermarkt.com/campeonato-brasileiro-serie-a/suenderkartei/wettbewerb/BRA1/saison_id/2023/plus/1/page/5
Yago Pikachu,Right Winger,Fortaleza Esporte Clube,Brazil,32,1,7,-,-,-,7,0.22,2023,https://www.transfermarkt.com/campeonato-brasileiro-serie-a/suenderkartei/wettbewerb/BRA1/saison_id/2023/plus/1/page/5
Pablo Vegetti,Centre-Forward,Clube de Regatas Vasco da Gama,Argentina,35,1,7,-,-,-,7,0.20,2023,https://www.transfermarkt.com/campeonato-brasileiro-serie-a/suenderkartei/wettbewerb/BRA1/saison_id/2023/plus/1/page/5
Fernando Sobral,Central Midfield,Cuiabá Esporte Clube (MT),Brazil,33,1,7,-,-,-,7,0.21,2023,https://www.transfermarkt.com/campeonato-brasileiro-serie-a/suenderkartei/wettbewerb/BRA1/saison_id/2023/plus/1/page/5
Lucas Mineiro,Defensive Midfield,Cuiabá Esporte Clube (MT),Brazil,33,1,7,-,-,-,7,0.21,2023,https://www.transfermarkt.com/campeonato-brasileiro-serie-a/suenderkartei/wettbewerb/BRA1/saison_id/2023/plus/1/page/5
Rodrigo Garro,Attacking Midfield,Sport Club Corinthians Paulista,Argentina,36,1,7,-,-,-,7,0.19,2023,https://www.transfermarkt.com/campeonato-brasileiro-serie-a/suenderkartei/wettbewerb/BRA1/saison_id/2023/plus/1/page/5
Jean Lucas,Central Midfield,Esporte Clube Bahia,Brazil,36,1,7,-,-,-,7,0.19,2023,https://www.transfermarkt.com/campeonato-brasileiro-serie-a/suenderkartei/wettbewerb/BRA1/saison_id/2023/plus/1/page/5
Aníbal Moreno,Defensive Midfield,Sociedade Esportiva Palmeiras,Argentina,34,1,7,-,-,-,7,0.21,2023,https://www.transfermarkt.com/campeonato-brasileiro-serie-a/suenderkartei/wettbewerb/BRA1/saison_id/2023/plus/1/page/5
Christian,Right Midfield,Club Athletico Paranaense,Brazil,24,1,7,-,-,-,7,0.29,2023,https://www.transfermarkt.com/campeonato-brasileiro-serie-a/suenderkartei/wettbewerb/BRA1/saison_id/2023/plus/1/page/5
Mateo Gamarra,Centre-Back,Club Athletico Paranaense,Paraguay,19,1,7,-,-,-,7,0.37,2023,https://www.transfermarkt.com/campeonato-brasileiro-serie-a/suenderkartei/wettbewerb/BRA1/saison_id/2023/plus/1/page/5
Vitinho,Left Winger,Red Bull Bragantino,Brazil,33,1,7,-,-,-,7,0.21,2023,https://www.transfermarkt.com/campeonato-brasileiro-serie-a/suenderkartei/wettbewerb/BRA1/saison_id/2023/plus/1/page/5
Adriano Martins,Centre-Back,Atlético Clube Goianiense,Brazil,34,1,7,-,-,-,7,0.21,2023,https://www.transfermarkt.com/campeonato-brasileiro-serie-a/suenderkartei/wettbewerb/BRA1/saison_id/2023/plus/1/page/5
Newton,Defensive Midfield,,Brazil,30,1,7,-,-,-,7,0.23,2023,https://www.transfermarkt.com/campeonato-brasileiro-serie-a/suenderkartei/wettbewerb/BRA1/saison_id/2023/plus/1/page/5
Nenê,Attacking Midfield,Esporte Clube Juventude,Brazil,28,-,4,1,-,1,7,0.18,2023,https://www.transfermarkt.com/campeonato-brasileiro-serie-a/suenderkartei/wettbewerb/BRA1/saison_id/2023/plus/1/page/5
Agustín Canobbio,Right Winger,Club Athletico Paranaense,Uruguay,20,-,4,1,-,1,7,0.25,2023,https://www.transfermarkt.com/campeonato-brasileiro-serie-a/suenderkartei/wettbewerb/BRA1/saison_id/2023/plus/1/page/5
Santiago Arias,Right-Back,Esporte Clube Bahia,Colombia,23,-,2,-,1,1,7,0.13,2023,https://www.transfermarkt.com/campeonato-brasileiro-serie-a/suenderkartei/wettbewerb/BRA1/saison_id/2023/plus/1/page/5
Rafa Silva,Centre-Forward,Cruzeiro Esporte Clube,Brazil,9,-,2,-,1,1,7,0.33,2023,https://www.transfermarkt.com/campeonato-brasileiro-serie-a/suenderkartei/wettbewerb/BRA1/saison_id/2023/plus/1/page/5
Lucas Cunha,Centre-Back,Red Bull Bragantino,Brazil,11,-,2,-,1,1,7,0.27,2023,https://www.transfermarkt.com/campeonato-brasileiro-serie-a/suenderkartei/wettbewerb/BRA1/saison_id/2023/plus/1/page/5
Carlinhos,Centre-Forward,CR Flamengo,Brazil,13,-,2,-,1,1,7,0.23,2023,https://www.transfermarkt.com/campeonato-brasileiro-serie-a/suenderkartei/wettbewerb/BRA1/saison_id/2023/plus/1/page/5
Tchê Tchê,Central Midfield,Botafogo de Futebol e Regatas,Brazil,28,-,2,-,1,1,7,0.11,2023,https://www.transfermarkt.com/campeonato-brasileiro-serie-a/suenderkartei/wettbewerb/BRA1/saison_id/2023/plus/1/page/5
Renato Kayzer,Centre-Forward,,Brazil,29,-,2,-,1,1,7,0.10,2023,https://www.transfermarkt.com/campeonato-brasileiro-serie-a/suenderkartei/wettbewerb/BRA1/saison_id/2023/plus/1/page/5
Agustín Rogel,Centre-Back,Sport Club Internacional,Uruguay,15,-,2,-,1,1,7,0.20,2023,https://www.transfermarkt.com/campeonato-brasileiro-serie-a/suenderkartei/wettbewerb/BRA1/saison_id/2023/plus/1/page/5
Jan Hurtado,Centre-Forward,Atlético Clube Goianiense,Venezuela,19,-,2,-,1,1,7,0.16,2023,https://www.transfermarkt.com/campeonato-brasileiro-serie-a/suenderkartei/wettbewerb/BRA1/saison_id/2023/plus/1/page/5
Pepê,Central Midfield,Grêmio Foot-Ball Porto Alegrense,Brazil,26,-,2,-,1,1,7,0.12,2023,https://www.transfermarkt.com/campeonato-brasileiro-serie-a/suenderkartei/wettbewerb/BRA1/saison_id/2023/plus/1/page/6
Mycael,Goalkeeper,Club Athletico Paranaense,Brazil,19,-,2,-,1,1,7,0.16,2023,https://www.transfermarkt.com/campeonato-brasileiro-serie-a/suenderkartei/wettbewerb/BRA1/saison_id/2023/plus/1/page/6
Marcelinho,Right Winger,Esporte Clube Juventude,Brazil,25,-,2,-,1,1,7,0.12,2023,https://www.transfermarkt.com/campeonato-brasileiro-serie-a/suenderkartei/wettbewerb/BRA1/saison_id/2023/plus/1/page/6
Emiliano Rodríguez,Centre-Forward,Atlético Clube Goianiense,Uruguay,21,-,2,-,1,1,7,0.14,2023,https://www.transfermarkt.com/campeonato-brasileiro-serie-a/suenderkartei/wettbewerb/BRA1/saison_id/2023/plus/1/page/6
Gabriel Mercado,Centre-Back,Sport Club Internacional,Argentina,17,1,6,-,-,-,6,0.35,2023,https://www.transfermarkt.com/campeonato-brasileiro-serie-a/suenderkartei/wettbewerb/BRA1/saison_id/2023/plus/1/page/6
Tobias Figueiredo,Centre-Back,Criciúma EC,Portugal,25,1,6,-,-,-,6,0.24,2023,https://www.transfermarkt.com/campeonato-brasileiro-serie-a/suenderkartei/wettbewerb/BRA1/saison_id/2023/plus/1/page/6
Pablo,Centre-Forward,Club Athletico Paranaense,Brazil,29,1,6,-,-,-,6,0.21,2023,https://www.transfermarkt.com/campeonato-brasileiro-serie-a/suenderkartei/wettbewerb/BRA1/saison_id/2023/plus/1/page/6
Diogo Barbosa,Left-Back,Fluminense Football Club,Brazil,25,1,6,-,-,-,6,0.24,2023,https://www.transfermarkt.com/campeonato-brasileiro-serie-a/suenderkartei/wettbewerb/BRA1/saison_id/2023/plus/1/page/6
Bastos,Centre-Back,Botafogo de Futebol e Regatas,Angola,32,1,6,-,-,-,6,0.19,2023,https://www.transfermarkt.com/campeonato-brasileiro-serie-a/suenderkartei/wettbewerb/BRA1/saison_id/2023/plus/1/page/6
Everaldo,Centre-Forward,Esporte Clube Bahia,Brazil,37,1,6,-,-,-,6,0.16,2023,https://www.transfermarkt.com/campeonato-brasileiro-serie-a/suenderkartei/wettbewerb/BRA1/saison_id/2023/plus/1/page/6
Filipe Augusto,Defensive Midfield,Cuiabá Esporte Clube (MT),Brazil,19,1,6,-,-,-,6,0.32,2023,https://www.transfermarkt.com/campeonato-brasileiro-serie-a/suenderkartei/wettbewerb/BRA1/saison_id/2023/plus/1/page/6
Igor Coronado,Attacking Midfield,Sport Club Corinthians Paulista,Italy,30,1,6,-,-,-,6,0.20,2023,https://www.transfermarkt.com/campeonato-brasileiro-serie-a/suenderkartei/wettbewerb/BRA1/saison_id/2023/plus/1/page/6
Reinaldo,Left-Back,Grêmio Foot-Ball Porto Alegrense,Brazil,29,1,6,-,-,-,6,0.21,2023,https://www.transfermarkt.com/campeonato-brasileiro-serie-a/suenderkartei/wettbewerb/BRA1/saison_id/2023/plus/1/page/6
Ángel Romero,Right Winger,Sport Club Corinthians Paulista,Paraguay,28,1,6,-,-,-,6,0.21,2023,https://www.transfermarkt.com/campeonato-brasileiro-serie-a/suenderkartei/wettbewerb/BRA1/saison_id/2023/plus/1/page/6
Walter,Goalkeeper,Cuiabá Esporte Clube (MT),Brazil,36,1,6,-,-,-,6,0.17,2023,https://www.transfermarkt.com/campeonato-brasileiro-serie-a/suenderkartei/wettbewerb/BRA1/saison_id/2023/plus/1/page/6
Jonathan Calleri,Centre-Forward,São Paulo Futebol Clube,Argentina,27,1,6,-,-,-,6,0.22,2023,https://www.transfermarkt.com/campeonato-brasileiro-serie-a/suenderkartei/wettbewerb/BRA1/saison_id/2023/plus/1/page/6
Léo Pereira,Centre-Back,CR Flamengo,Brazil,28,1,6,-,-,-,6,0.21,2023,https://www.transfermarkt.com/campeonato-brasileiro-serie-a/suenderkartei/wettbewerb/BRA1/saison_id/2023/plus/1/page/6
Rafael Santos Borré,Centre-Forward,Sport Club Internacional,Colombia,23,1,6,-,-,-,6,0.26,2023,https://www.transfermarkt.com/campeonato-brasileiro-serie-a/suenderkartei/wettbewerb/BRA1/saison_id/2023/plus/1/page/6
Bruno Henrique,Centre-Forward,CR Flamengo,Brazil,29,1,6,-,-,-,6,0.21,2023,https://www.transfermarkt.com/campeonato-brasileiro-serie-a/suenderkartei/wettbewerb/BRA1/saison_id/2023/plus/1/page/6
Marlon Freitas,Defensive Midfield,Botafogo de Futebol e Regatas,Brazil,32,1,6,-,-,-,6,0.19,2023,https://www.transfermarkt.com/campeonato-brasileiro-serie-a/suenderkartei/wettbewerb/BRA1/saison_id/2023/plus/1/page/6
Thaciano,Attacking Midfield,Esporte Clube Bahia,Brazil,35,1,6,-,-,-,6,0.17,2023,https://www.transfermarkt.com/campeonato-brasileiro-serie-a/suenderkartei/wettbewerb/BRA1/saison_id/2023/plus/1/page/6
Clayson,Left Winger,Cuiabá Esporte Clube (MT),Brazil,33,1,6,-,-,-,6,0.18,2023,https://www.transfermarkt.com/campeonato-brasileiro-serie-a/suenderkartei/wettbewerb/BRA1/saison_id/2023/plus/1/page/6
Paulo Henrique,Right-Back,Clube de Regatas Vasco da Gama,Brazil,35,1,6,-,-,-,6,0.17,2023,https://www.transfermarkt.com/campeonato-brasileiro-serie-a/suenderkartei/wettbewerb/BRA1/saison_id/2023/plus/1/page/6
Fabrício Bruno,Centre-Back,CR Flamengo,Brazil,28,1,6,-,-,-,6,0.21,2023,https://www.transfermarkt.com/campeonato-brasileiro-serie-a/suenderkartei/wettbewerb/BRA1/saison_id/2023/plus/1/page/6
Fellipe Mateus,Attacking Midfield,Criciúma EC,Brazil,31,1,6,-,-,-,6,0.19,2023,https://www.transfermarkt.com/campeonato-brasileiro-serie-a/suenderkartei/wettbewerb/BRA1/saison_id/2023/plus/1/page/6
Breno Lopes,Left Winger,,Brazil,32,1,6,-,-,-,6,0.19,2023,https://www.transfermarkt.com/campeonato-brasileiro-serie-a/suenderkartei/wettbewerb/BRA1/saison_id/2023/plus/1/page/7
Jhon Arias,Right Winger,Fluminense Football Club,Colombia,27,1,6,-,-,-,6,0.22,2023,https://www.transfermarkt.com/campeonato-brasileiro-serie-a/suenderkartei/wettbewerb/BRA1/saison_id/2023/plus/1/page/7
Álvaro Barreal,Left Winger,Cruzeiro Esporte Clube,Argentina,28,1,6,-,-,-,6,0.21,2023,https://www.transfermarkt.com/campeonato-brasileiro-serie-a/suenderkartei/wettbewerb/BRA1/saison_id/2023/plus/1/page/7
Matheus Alexandre,Right-Back,Cuiabá Esporte Clube (MT),Brazil,31,1,6,-,-,-,6,0.19,2023,https://www.transfermarkt.com/campeonato-brasileiro-serie-a/suenderkartei/wettbewerb/BRA1/saison_id/2023/plus/1/page/7
Lucas Piton,Left-Back,Clube de Regatas Vasco da Gama,Italy,32,1,6,-,-,-,6,0.19,2023,https://www.transfermarkt.com/campeonato-brasileiro-serie-a/suenderkartei/wettbewerb/BRA1/saison_id/2023/plus/1/page/7
Ronald,Defensive Midfield,Criciúma EC,Brazil,30,1,6,-,-,-,6,0.20,2023,https://www.transfermarkt.com/campeonato-brasileiro-serie-a/suenderkartei/wettbewerb/BRA1/saison_id/2023/plus/1/page/7
Caio Alexandre,Defensive Midfield,Esporte Clube Bahia,Brazil,36,1,6,-,-,-,6,0.17,2023,https://www.transfermarkt.com/campeonato-brasileiro-serie-a/suenderkartei/wettbewerb/BRA1/saison_id/2023/plus/1/page/7
Welington,Left-Back,São Paulo Futebol Clube,Brazil,22,1,6,-,-,-,6,0.27,2023,https://www.transfermarkt.com/campeonato-brasileiro-serie-a/suenderkartei/wettbewerb/BRA1/saison_id/2023/plus/1/page/7
Richard Ríos,Defensive Midfield,Sociedade Esportiva Palmeiras,Colombia,24,1,6,-,-,-,6,0.25,2023,https://www.transfermarkt.com/campeonato-brasileiro-serie-a/suenderkartei/wettbewerb/BRA1/saison_id/2023/plus/1/page/7
Léo Naldi,Defensive Midfield,Esporte Clube Vitória,Brazil,21,1,6,-,-,-,6,0.29,2023,https://www.transfermarkt.com/campeonato-brasileiro-serie-a/suenderkartei/wettbewerb/BRA1/saison_id/2023/plus/1/page/7
Nathan Mendes,Right-Back,Red Bull Bragantino,Brazil,16,1,6,-,-,-,6,0.38,2023,https://www.transfermarkt.com/campeonato-brasileiro-serie-a/suenderkartei/wettbewerb/BRA1/saison_id/2023/plus/1/page/7
Facundo Bernal,Defensive Midfield,Fluminense Football Club,Uruguay,15,1,6,-,-,-,6,0.40,2023,https://www.transfermarkt.com/campeonato-brasileiro-serie-a/suenderkartei/wettbewerb/BRA1/saison_id/2023/plus/1/page/7
Janderson,Centre-Forward,,Brazil,28,1,6,-,-,-,6,0.21,2023,https://www.transfermarkt.com/campeonato-brasileiro-serie-a/suenderkartei/wettbewerb/BRA1/saison_id/2023/plus/1/page/7
Mariano,Right-Back,Clube Atlético Mineiro,Brazil,11,-,3,1,-,1,6,0.36,2023,https://www.transfermarkt.com/campeonato-brasileiro-serie-a/suenderkartei/wettbewerb/BRA1/saison_id/2023/plus/1/page/7
Hulk,Centre-Forward,Clube Atlético Mineiro,Brazil,24,-,3,1,-,1,6,0.17,2023,https://www.transfermarkt.com/campeonato-brasileiro-serie-a/suenderkartei/wettbewerb/BRA1/saison_id/2023/plus/1/page/7
Lucas Esquivel,Left-Back,Club Athletico Paranaense,Argentina,33,-,3,1,-,1,6,0.12,2023,https://www.transfermarkt.com/campeonato-brasileiro-serie-a/suenderkartei/wettbewerb/BRA1/saison_id/2023/plus/1/page/7
Eros Mancuso,Right-Back,Fortaleza Esporte Clube,Argentina,12,-,3,1,-,1,6,0.33,2023,https://www.transfermarkt.com/campeonato-brasileiro-serie-a/suenderkartei/wettbewerb/BRA1/saison_id/2023/plus/1/page/7
Fábio,Right-Back,Grêmio Foot-Ball Porto Alegrense,Brazil,12,-,1,-,1,1,6,0.17,2023,https://www.transfermarkt.com/campeonato-brasileiro-serie-a/suenderkartei/wettbewerb/BRA1/saison_id/2023/plus/1/page/7
Souza,Defensive Midfield,Clube de Regatas Vasco da Gama,Brazil,4,-,1,-,1,1,6,0.50,2023,https://www.transfermarkt.com/campeonato-brasileiro-serie-a/suenderkartei/wettbewerb/BRA1/saison_id/2023/plus/1/page/7
Zé Welison,Defensive Midfield,Fortaleza Esporte Clube,Brazil,21,-,1,-,1,1,6,0.10,2023,https://www.transfermarkt.com/campeonato-brasileiro-serie-a/suenderkartei/wettbewerb/BRA1/saison_id/2023/plus/1/page/7
PK,Left-Back,Esporte Clube Vitória,Brazil,11,-,1,-,1,1,6,0.18,2023,https://www.transfermarkt.com/campeonato-brasileiro-serie-a/suenderkartei/wettbewerb/BRA1/saison_id/2023/plus/1/page/7
Felipe Vizeu,Centre-Forward,Criciúma EC,Brazil,17,-,1,-,1,1,6,0.12,2023,https://www.transfermarkt.com/campeonato-brasileiro-serie-a/suenderkartei/wettbewerb/BRA1/saison_id/2023/plus/1/page/7
Caio Paulista,Left-Back,Sociedade Esportiva Palmeiras,Brazil,24,-,1,-,1,1,6,0.08,2023,https://www.transfermarkt.com/campeonato-brasileiro-serie-a/suenderkartei/wettbewerb/BRA1/saison_id/2023/plus/1/page/7
Camutanga,Centre-Back,Esporte Clube Vitória,Brazil,5,-,1,-,1,1,6,0.40,2023,https://www.transfermarkt.com/campeonato-brasileiro-serie-a/suenderkartei/wettbewerb/BRA1/saison_id/2023/plus/1/page/7
Derek,Centre-Forward,Atlético Clube Goianiense,Brazil,25,-,1,-,1,1,6,0.08,2023,https://www.transfermarkt.com/campeonato-brasileiro-serie-a/suenderkartei/wettbewerb/BRA1/saison_id/2023/plus/1/page/7
Carlos Alcaraz,Central Midfield,CR Flamengo,Argentina,14,-,1,-,1,1,6,0.14,2023,https://www.transfermarkt.com/campeonato-brasileiro-serie-a/suenderkartei/wettbewerb/BRA1/saison_id/2023/plus/1/page/8
Gustavo Martins,Centre-Back,Grêmio Foot-Ball Porto Alegrense,Brazil,19,-,1,-,1,1,6,0.11,2023,https://www.transfermarkt.com/campeonato-brasileiro-serie-a/suenderkartei/wettbewerb/BRA1/saison_id/2023/plus/1/page/8
Éder,Centre-Forward,Criciúma EC,Italy,16,1,5,-,-,-,5,0.31,2023,https://www.transfermarkt.com/campeonato-brasileiro-serie-a/suenderkartei/wettbewerb/BRA1/saison_id/2023/plus/1/page/8
David Luiz,Centre-Back,CR Flamengo,Brazil,23,1,5,-,-,-,5,0.22,2023,https://www.transfermarkt.com/campeonato-brasileiro-serie-a/suenderkartei/wettbewerb/BRA1/saison_id/2023/plus/1/page/8
Agustín Marchesín,Goalkeeper,Grêmio Foot-Ball Porto Alegrense,Argentina,28,1,5,-,-,-,5,0.18,2023,https://www.transfermarkt.com/campeonato-brasileiro-serie-a/suenderkartei/wettbewerb/BRA1/saison_id/2023/plus/1/page/8
Damián Suárez,Right-Back,Botafogo de Futebol e Regatas,Uruguay,17,1,5,-,-,-,5,0.29,2023,https://www.transfermarkt.com/campeonato-brasileiro-serie-a/suenderkartei/wettbewerb/BRA1/saison_id/2023/plus/1/page/8
Maicon,Centre-Back,Clube de Regatas Vasco da Gama,Brazil,30,1,5,-,-,-,5,0.17,2023,https://www.transfermarkt.com/campeonato-brasileiro-serie-a/suenderkartei/wettbewerb/BRA1/saison_id/2023/plus/1/page/8
Marçal,Left-Back,Botafogo de Futebol e Regatas,Brazil,16,1,5,-,-,-,5,0.31,2023,https://www.transfermarkt.com/campeonato-brasileiro-serie-a/suenderkartei/wettbewerb/BRA1/saison_id/2023/plus/1/page/8
Rodrigo Ely,Centre-Back,Grêmio Foot-Ball Porto Alegrense,Brazil,21,1,5,-,-,-,5,0.24,2023,https://www.transfermarkt.com/campeonato-brasileiro-serie-a/suenderkartei/wettbewerb/BRA1/saison_id/2023/plus/1/page/8
Samuel Xavier,Right-Back,Fluminense Football Club,Brazil,32,1,5,-,-,-,5,0.16,2023,https://www.transfermarkt.com/campeonato-brasileiro-serie-a/suenderkartei/wettbewerb/BRA1/saison_id/2023/plus/1/page/8
Óscar Romero,Attacking Midfield,Botafogo de Futebol e Regatas,Paraguay,19,1,5,-,-,-,5,0.26,2023,https://www.transfermarkt.com/campeonato-brasileiro-serie-a/suenderkartei/wettbewerb/BRA1/saison_id/2023/plus/1/page/8
Lucas Silva,Defensive Midfield,Cruzeiro Esporte Clube,Brazil,31,1,5,-,-,-,5,0.16,2023,https://www.transfermarkt.com/campeonato-brasileiro-serie-a/suenderkartei/wettbewerb/BRA1/saison_id/2023/plus/1/page/8
Alisson,Central Midfield,São Paulo Futebol Clube,Brazil,21,1,5,-,-,-,5,0.24,2023,https://www.transfermarkt.com/campeonato-brasileiro-serie-a/suenderkartei/wettbewerb/BRA1/saison_id/2023/plus/1/page/8
Carlos de Pena,Left Winger,Esporte Clube Bahia,Uruguay,30,1,5,-,-,-,5,0.17,2023,https://www.transfermarkt.com/campeonato-brasileiro-serie-a/suenderkartei/wettbewerb/BRA1/saison_id/2023/plus/1/page/8
Bruno Henrique,Central Midfield,Sport Club Internacional,Brazil,37,1,5,-,-,-,5,0.14,2023,https://www.transfermarkt.com/campeonato-brasileiro-serie-a/suenderkartei/wettbewerb/BRA1/saison_id/2023/plus/1/page/8
Pablo Galdames,Central Midfield,Clube de Regatas Vasco da Gama,Chile,18,1,5,-,-,-,5,0.28,2023,https://www.transfermarkt.com/campeonato-brasileiro-serie-a/suenderkartei/wettbewerb/BRA1/saison_id/2023/plus/1/page/8
Guilherme Arana,Left-Back,Clube Atlético Mineiro,Brazil,17,1,5,-,-,-,5,0.29,2023,https://www.transfermarkt.com/campeonato-brasileiro-serie-a/suenderkartei/wettbewerb/BRA1/saison_id/2023/plus/1/page/8
Gustavo Barreto,Defensive Midfield,Criciúma EC,Brazil,30,1,5,-,-,-,5,0.17,2023,https://www.transfermarkt.com/campeonato-brasileiro-serie-a/suenderkartei/wettbewerb/BRA1/saison_id/2023/plus/1/page/8
Matheus Fernandes,Defensive Midfield,Red Bull Bragantino,Brazil,16,1,5,-,-,-,5,0.31,2023,https://www.transfermarkt.com/campeonato-brasileiro-serie-a/suenderkartei/wettbewerb/BRA1/saison_id/2023/plus/1/page/8
Matheuzinho,Attacking Midfield,Esporte Clube Vitória,Brazil,33,1,5,-,-,-,5,0.15,2023,https://www.transfermarkt.com/campeonato-brasileiro-serie-a/suenderkartei/wettbewerb/BRA1/saison_id/2023/plus/1/page/8
Leonardo Godoy,Right-Back,Club Athletico Paranaense,Argentina,26,1,5,-,-,-,5,0.19,2023,https://www.transfermarkt.com/campeonato-brasileiro-serie-a/suenderkartei/wettbewerb/BRA1/saison_id/2023/plus/1/page/8
Alan Franco,Central Midfield,Clube Atlético Mineiro,Ecuador,22,1,5,-,-,-,5,0.23,2023,https://www.transfermarkt.com/campeonato-brasileiro-serie-a/suenderkartei/wettbewerb/BRA1/saison_id/2023/plus/1/page/8
Vitão,Centre-Back,Sport Club Internacional,Brazil,30,1,5,-,-,-,5,0.17,2023,https://www.transfermarkt.com/campeonato-brasileiro-serie-a/suenderkartei/wettbewerb/BRA1/saison_id/2023/plus/1/page/8
Luan Cândido,Left-Back,Red Bull Bragantino,Brazil,26,1,5,-,-,-,5,0.19,2023,https://www.transfermarkt.com/campeonato-brasileiro-serie-a/suenderkartei/wettbewerb/BRA1/saison_id/2023/plus/1/page/8
Mathías Villasanti,Defensive Midfield,Grêmio Foot-Ball Porto Alegrense,Paraguay,26,1,5,-,-,-,5,0.19,2023,https://www.transfermarkt.com/campeonato-brasileiro-serie-a/suenderkartei/wettbewerb/BRA1/saison_id/2023/plus/1/page/8
Willean Lepo,Right-Back,Esporte Clube Vitória,Brazil,28,1,5,-,-,-,5,0.18,2023,https://www.transfermarkt.com/campeonato-brasileiro-serie-a/suenderkartei/wettbewerb/BRA1/saison_id/2023/plus/1/page/9
Caíque Gonçalves,Defensive Midfield,Esporte Clube Juventude,Brazil,17,1,5,-,-,-,5,0.29,2023,https://www.transfermarkt.com/campeonato-brasileiro-serie-a/suenderkartei/wettbewerb/BRA1/saison_id/2023/plus/1/page/9
Eduardo,Centre-Back,Red Bull Bragantino,Brazil,22,1,5,-,-,-,5,0.23,2023,https://www.transfermarkt.com/campeonato-brasileiro-serie-a/suenderkartei/wettbewerb/BRA1/saison_id/2023/plus/1/page/9
Caio Vinicius,Defensive Midfield,Esporte Clube Vitória,Brazil,11,1,5,-,-,-,5,0.45,2023,https://www.transfermarkt.com/campeonato-brasileiro-serie-a/suenderkartei/wettbewerb/BRA1/saison_id/2023/plus/1/page/9
Luan,Defensive Midfield,Esporte Clube Vitória,Brazil,25,1,5,-,-,-,5,0.20,2023,https://www.transfermarkt.com/campeonato-brasileiro-serie-a/suenderkartei/wettbewerb/BRA1/saison_id/2023/plus/1/page/9
Isidro Pitta,Centre-Forward,Cuiabá Esporte Clube (MT),Paraguay,35,1,5,-,-,-,5,0.14,2023,https://www.transfermarkt.com/campeonato-brasileiro-serie-a/suenderkartei/wettbewerb/BRA1/saison_id/2023/plus/1/page/9
Alexandro Bernabei,Left-Back,Sport Club Internacional,Argentina,23,1,5,-,-,-,5,0.22,2023,https://www.transfermarkt.com/campeonato-brasileiro-serie-a/suenderkartei/wettbewerb/BRA1/saison_id/2023/plus/1/page/9
Roni,Defensive Midfield,Atlético Clube Goianiense,Brazil,22,1,5,-,-,-,5,0.23,2023,https://www.transfermarkt.com/campeonato-brasileiro-serie-a/suenderkartei/wettbewerb/BRA1/saison_id/2023/plus/1/page/9
André,Defensive Midfield,Fluminense Football Club,Brazil,12,1,5,-,-,-,5,0.42,2023,https://www.transfermarkt.com/campeonato-brasileiro-serie-a/suenderkartei/wettbewerb/BRA1/saison_id/2023/plus/1/page/9
Cuiabano,Left-Back,,Brazil,25,1,5,-,-,-,5,0.20,2023,https://www.transfermarkt.com/campeonato-brasileiro-serie-a/suenderkartei/wettbewerb/BRA1/saison_id/2023/plus/1/page/9
Mandaca,Central Midfield,Esporte Clube Juventude,Brazil,30,1,5,-,-,-,5,0.17,2023,https://www.transfermarkt.com/campeonato-brasileiro-serie-a/suenderkartei/wettbewerb/BRA1/saison_id/2023/plus/1/page/9
Breno Bidon,Central Midfield,Sport Club Corinthians Paulista,Brazil,29,1,5,-,-,-,5,0.17,2023,https://www.transfermarkt.com/campeonato-brasileiro-serie-a/suenderkartei/wettbewerb/BRA1/saison_id/2023/plus/1/page/9
Gustavo Nunes,Left Winger,Grêmio Foot-Ball Porto Alegrense,Brazil,20,1,5,-,-,-,5,0.25,2023,https://www.transfermarkt.com/campeonato-brasileiro-serie-a/suenderkartei/wettbewerb/BRA1/saison_id/2023/plus/1/page/9
Fagner,Right-Back,Sport Club Corinthians Paulista,Brazil,14,-,2,1,-,1,5,0.21,2023,https://www.transfermarkt.com/campeonato-brasileiro-serie-a/suenderkartei/wettbewerb/BRA1/saison_id/2023/plus/1/page/9
Bruno Tubarão,Right Winger,Atlético Clube Goianiense,Brazil,23,-,2,1,-,1,5,0.13,2023,https://www.transfermarkt.com/campeonato-brasileiro-serie-a/suenderkartei/wettbewerb/BRA1/saison_id/2023/plus/1/page/9
Dudu,Defensive Midfield,Esporte Clube Vitória,Brazil,5,-,2,1,-,1,5,0.60,2023,https://www.transfermarkt.com/campeonato-brasileiro-serie-a/suenderkartei/wettbewerb/BRA1/saison_id/2023/plus/1/page/9
Rômulo,Centre-Back,Clube Atlético Mineiro,Brazil,8,-,2,1,-,1,5,0.38,2023,https://www.transfermarkt.com/campeonato-brasileiro-serie-a/suenderkartei/wettbewerb/BRA1/saison_id/2023/plus/1/page/9
Rubens,Left-Back,Clube Atlético Mineiro,Brazil,19,-,2,1,-,1,5,0.16,2023,https://www.transfermarkt.com/campeonato-brasileiro-serie-a/suenderkartei/wettbewerb/BRA1/saison_id/2023/plus/1/page/9
Luciano Giménez,Centre-Forward,Cuiabá Esporte Clube (MT),Argentina,6,-,-,-,1,1,5,0.17,2023,https://www.transfermarkt.com/campeonato-brasileiro-serie-a/suenderkartei/wettbewerb/BRA1/saison_id/2023/plus/1/page/9
Zé Breno,Defensive Midfield,Esporte Clube Vitória,Brazil,1,-,-,-,1,1,5,1.00,2023,https://www.transfermarkt.com/campeonato-brasileiro-serie-a/suenderkartei/wettbewerb/BRA1/saison_id/2023/plus/1/page/9
Fábio,Goalkeeper,Fluminense Football Club,Brazil,37,-,4,-,-,-,4,0.11,2023,https://www.transfermarkt.com/campeonato-brasileiro-serie-a/suenderkartei/wettbewerb/BRA1/saison_id/2023/plus/1/page/9
Pedro Geromel,Centre-Back,Grêmio Foot-Ball Porto Alegrense,Brazil,12,-,4,-,-,-,4,0.33,2023,https://www.transfermarkt.com/campeonato-brasileiro-serie-a/suenderkartei/wettbewerb/BRA1/saison_id/2023/plus/1/page/9
Rafinha,Right-Back,São Paulo Futebol Clube,Brazil,9,-,4,-,-,-,4,0.44,2023,https://www.transfermarkt.com/campeonato-brasileiro-serie-a/suenderkartei/wettbewerb/BRA1/saison_id/2023/plus/1/page/9
Everton Ribeiro,Attacking Midfield,Esporte Clube Bahia,Brazil,37,-,4,-,-,-,4,0.11,2023,https://www.transfermarkt.com/campeonato-brasileiro-serie-a/suenderkartei/wettbewerb/BRA1/saison_id/2023/plus/1/page/9
Yannick Bolasie,Centre-Forward,Criciúma EC,DR Congo,34,-,4,-,-,-,4,0.12,2023,https://www.transfermarkt.com/campeonato-brasileiro-serie-a/suenderkartei/wettbewerb/BRA1/saison_id/2023/plus/1/page/9
Lucas Moura,Right Winger,São Paulo Futebol Clube,Brazil,28,-,4,-,-,-,4,0.14,2023,https://www.transfermarkt.com/campeonato-brasileiro-serie-a/suenderkartei/wettbewerb/BRA1/saison_id/2023/plus/1/page/10
Marquinhos Gabriel,Attacking Midfield,Criciúma EC,Brazil,25,-,4,-,-,-,4,0.16,2023,https://www.transfermarkt.com/campeonato-brasileiro-serie-a/suenderkartei/wettbewerb/BRA1/saison_id/2023/plus/1/page/10
Marllon,Centre-Back,Cuiabá Esporte Clube (MT),Brazil,33,-,4,-,-,-,4,0.12,2023,https://www.transfermarkt.com/campeonato-brasileiro-serie-a/suenderkartei/wettbewerb/BRA1/saison_id/2023/plus/1/page/10
Walisson Maia,Centre-Back,Criciúma EC,Brazil,16,-,4,-,-,-,4,0.25,2023,https://www.transfermarkt.com/campeonato-brasileiro-serie-a/suenderkartei/wettbewerb/BRA1/saison_id/2023/plus/1/page/10
Lucas Alario,Centre-Forward,Sport Club Internacional,Argentina,15,-,4,-,-,-,4,0.27,2023,https://www.transfermarkt.com/campeonato-brasileiro-serie-a/suenderkartei/wettbewerb/BRA1/saison_id/2023/plus/1/page/10
Alex Santana,Central Midfield,,Brazil,16,-,4,-,-,-,4,0.25,2023,https://www.transfermarkt.com/campeonato-brasileiro-serie-a/suenderkartei/wettbewerb/BRA1/saison_id/2023/plus/1/page/10
Arthur Caíke,Left Winger,Criciúma EC,Brazil,33,-,4,-,-,-,4,0.12,2023,https://www.transfermarkt.com/campeonato-brasileiro-serie-a/suenderkartei/wettbewerb/BRA1/saison_id/2023/plus/1/page/10
Deyverson,Centre-Forward,,Brazil,21,-,4,-,-,-,4,0.19,2023,https://www.transfermarkt.com/campeonato-brasileiro-serie-a/suenderkartei/wettbewerb/BRA1/saison_id/2023/plus/1/page/10
Sergio Rochet,Goalkeeper,Sport Club Internacional,Uruguay,28,-,4,-,-,-,4,0.14,2023,https://www.transfermarkt.com/campeonato-brasileiro-serie-a/suenderkartei/wettbewerb/BRA1/saison_id/2023/plus/1/page/10
Lucas Evangelista,Central Midfield,Red Bull Bragantino,Brazil,32,-,4,-,-,-,4,0.13,2023,https://www.transfermarkt.com/campeonato-brasileiro-serie-a/suenderkartei/wettbewerb/BRA1/saison_id/2023/plus/1/page/10
Danilo Barbosa,Defensive Midfield,Botafogo de Futebol e Regatas,Brazil,25,-,4,-,-,-,4,0.16,2023,https://www.transfermarkt.com/campeonato-brasileiro-serie-a/suenderkartei/wettbewerb/BRA1/saison_id/2023/plus/1/page/10
Fabricio Bustos,Right-Back,Sport Club Internacional,Argentina,11,-,4,-,-,-,4,0.36,2023,https://www.transfermarkt.com/campeonato-brasileiro-serie-a/suenderkartei/wettbewerb/BRA1/saison_id/2023/plus/1/page/10
Thiago Maia,Defensive Midfield,,Brazil,27,-,4,-,-,-,4,0.15,2023,https://www.transfermarkt.com/campeonato-brasileiro-serie-a/suenderkartei/wettbewerb/BRA1/saison_id/2023/plus/1/page/10
Pedro Henrique,Centre-Back,,Brazil,28,-,4,-,-,-,4,0.14,2023,https://www.transfermarkt.com/campeonato-brasileiro-serie-a/suenderkartei/wettbewerb/BRA1/saison_id/2023/plus/1/page/10
Keno,Left Winger,Fluminense Football Club,Brazil,27,-,4,-,-,-,4,0.15,2023,https://www.transfermarkt.com/campeonato-brasileiro-serie-a/suenderkartei/wettbewerb/BRA1/saison_id/2023/plus/1/page/10
Tomás Pochettino,Attacking Midfield,Fortaleza Esporte Clube,Argentina,32,-,4,-,-,-,4,0.13,2023,https://www.transfermarkt.com/campeonato-brasileiro-serie-a/suenderkartei/wettbewerb/BRA1/saison_id/2023/plus/1/page/10
Marcelo Hermes,Left-Back,Criciúma EC,Brazil,36,-,4,-,-,-,4,0.11,2023,https://www.transfermarkt.com/campeonato-brasileiro-serie-a/suenderkartei/wettbewerb/BRA1/saison_id/2023/plus/1/page/10
Lincoln,Attacking Midfield,Red Bull Bragantino,Brazil,28,-,4,-,-,-,4,0.14,2023,https://www.transfermarkt.com/campeonato-brasileiro-serie-a/suenderkartei/wettbewerb/BRA1/saison_id/2023/plus/1/page/10
Emmanuel Martínez,Attacking Midfield,Fortaleza Esporte Clube,Argentina,20,-,4,-,-,-,4,0.20,2023,https://www.transfermarkt.com/campeonato-brasileiro-serie-a/suenderkartei/wettbewerb/BRA1/saison_id/2023/plus/1/page/10
Carlos Eduardo,Right Winger,Esporte Clube Vitória,Brazil,17,-,4,-,-,-,4,0.24,2023,https://www.transfermarkt.com/campeonato-brasileiro-serie-a/suenderkartei/wettbewerb/BRA1/saison_id/2023/plus/1/page/10
Rony,Centre-Forward,Sociedade Esportiva Palmeiras,Brazil,35,-,4,-,-,-,4,0.11,2023,https://www.transfermarkt.com/campeonato-brasileiro-serie-a/suenderkartei/wettbewerb/BRA1/saison_id/2023/plus/1/page/10
Alerrandro,Centre-Forward,Esporte Clube Vitória,Brazil,34,-,4,-,-,-,4,0.12,2023,https://www.transfermarkt.com/campeonato-brasileiro-serie-a/suenderkartei/wettbewerb/BRA1/saison_id/2023/plus/1/page/10
Cristian Pavón,Right Winger,Grêmio Foot-Ball Porto Alegrense,Argentina,21,-,4,-,-,-,4,0.19,2023,https://www.transfermarkt.com/campeonato-brasileiro-serie-a/suenderkartei/wettbewerb/BRA1/saison_id/2023/plus/1/page/10
Juninho Capixaba,Left-Back,Red Bull Bragantino,Brazil,24,-,4,-,-,-,4,0.17,2023,https://www.transfermarkt.com/campeonato-brasileiro-serie-a/suenderkartei/wettbewerb/BRA1/saison_id/2023/plus/1/page/10
Helinho,Right Winger,Red Bull Bragantino,Brazil,17,-,4,-,-,-,4,0.24,2023,https://www.transfermarkt.com/campeonato-brasileiro-serie-a/suenderkartei/wettbewerb/BRA1/saison_id/2023/plus/1/page/10
Tomás Cardona,Centre-Back,Fortaleza Esporte Clube,Argentina,17,-,4,-,-,-,4,0.24,2023,https://www.transfermarkt.com/campeonato-brasileiro-serie-a/suenderkartei/wettbewerb/BRA1/saison_id/2023/plus/1/page/11
Bruno Pacheco,Left-Back,Fortaleza Esporte Clube,Brazil,20,-,4,-,-,-,4,0.20,2023,https://www.transfermarkt.com/campeonato-brasileiro-serie-a/suenderkartei/wettbewerb/BRA1/saison_id/2023/plus/1/page/11
Everton Galdino,Right Winger,Grêmio Foot-Ball Porto Alegrense,Brazil,12,-,4,-,-,-,4,0.33,2023,https://www.transfermarkt.com/campeonato-brasileiro-serie-a/suenderkartei/wettbewerb/BRA1/saison_id/2023/plus/1/page/11
Lucas Halter,Centre-Back,Botafogo de Futebol e Regatas,Brazil,17,-,4,-,-,-,4,0.24,2023,https://www.transfermarkt.com/campeonato-brasileiro-serie-a/suenderkartei/wettbewerb/BRA1/saison_id/2023/plus/1/page/11
Michel Araújo,Right Winger,São Paulo Futebol Clube,Uruguay,20,-,4,-,-,-,4,0.20,2023,https://www.transfermarkt.com/campeonato-brasileiro-serie-a/suenderkartei/wettbewerb/BRA1/saison_id/2023/plus/1/page/11
Charles,Defensive Midfield,Sport Club Corinthians Paulista,Brazil,13,-,4,-,-,-,4,0.31,2023,https://www.transfermarkt.com/campeonato-brasileiro-serie-a/suenderkartei/wettbewerb/BRA1/saison_id/2023/plus/1/page/11
Filipe Machado,Defensive Midfield,,Brazil,24,-,4,-,-,-,4,0.17,2023,https://www.transfermarkt.com/campeonato-brasileiro-serie-a/suenderkartei/wettbewerb/BRA1/saison_id/2023/plus/1/page/11
Matheus Henrique,Central Midfield,Cruzeiro Esporte Clube,Brazil,17,-,4,-,-,-,4,0.24,2023,https://www.transfermarkt.com/campeonato-brasileiro-serie-a/suenderkartei/wettbewerb/BRA1/saison_id/2023/plus/1/page/11
Julimar,Left Winger,Club Athletico Paranaense,Brazil,31,-,4,-,-,-,4,0.13,2023,https://www.transfermarkt.com/campeonato-brasileiro-serie-a/suenderkartei/wettbewerb/BRA1/saison_id/2023/plus/1/page/11
Matheuzinho,Right-Back,Sport Club Corinthians Paulista,Brazil,31,-,4,-,-,-,4,0.13,2023,https://www.transfermarkt.com/campeonato-brasileiro-serie-a/suenderkartei/wettbewerb/BRA1/saison_id/2023/plus/1/page/11
Eric Ramires,Central Midfield,Red Bull Bragantino,Brazil,22,-,4,-,-,-,4,0.18,2023,https://www.transfermarkt.com/campeonato-brasileiro-serie-a/suenderkartei/wettbewerb/BRA1/saison_id/2023/plus/1/page/11
Gabriel Veron,Right Winger,Cruzeiro Esporte Clube,Brazil,27,-,4,-,-,-,4,0.15,2023,https://www.transfermarkt.com/campeonato-brasileiro-serie-a/suenderkartei/wettbewerb/BRA1/saison_id/2023/plus/1/page/11
Kaique Rocha,Centre-Back,Club Athletico Paranaense,Brazil,29,-,4,-,-,-,4,0.14,2023,https://www.transfermarkt.com/campeonato-brasileiro-serie-a/suenderkartei/wettbewerb/BRA1/saison_id/2023/plus/1/page/11
Gustavo Silva,Right Winger,,Brazil,23,-,4,-,-,-,4,0.17,2023,https://www.transfermarkt.com/campeonato-brasileiro-serie-a/suenderkartei/wettbewerb/BRA1/saison_id/2023/plus/1/page/11
Lucas Arcanjo,Goalkeeper,Esporte Clube Vitória,Brazil,37,-,4,-,-,-,4,0.11,2023,https://www.transfermarkt.com/campeonato-brasileiro-serie-a/suenderkartei/wettbewerb/BRA1/saison_id/2023/plus/1/page/11
Ferreirinha,Left Winger,São Paulo Futebol Clube,Brazil,26,-,4,-,-,-,4,0.15,2023,https://www.transfermarkt.com/campeonato-brasileiro-serie-a/suenderkartei/wettbewerb/BRA1/saison_id/2023/plus/1/page/11
Thiago Borbas,Centre-Forward,Red Bull Bragantino,Uruguay,21,-,4,-,-,-,4,0.19,2023,https://www.transfermarkt.com/campeonato-brasileiro-serie-a/suenderkartei/wettbewerb/BRA1/saison_id/2023/plus/1/page/11
Railan,Right-Back,Cuiabá Esporte Clube (MT),Brazil,23,-,4,-,-,-,4,0.17,2023,https://www.transfermarkt.com/campeonato-brasileiro-serie-a/suenderkartei/wettbewerb/BRA1/saison_id/2023/plus/1/page/11
Mateo Ponte,Right-Back,Botafogo de Futebol e Regatas,Uruguay,17,-,4,-,-,-,4,0.24,2023,https://www.transfermarkt.com/campeonato-brasileiro-serie-a/suenderkartei/wettbewerb/BRA1/saison_id/2023/plus/1/page/11
Alejo Cruz,Left Winger,Atlético Clube Goianiense,Uruguay,36,-,4,-,-,-,4,0.11,2023,https://www.transfermarkt.com/campeonato-brasileiro-serie-a/suenderkartei/wettbewerb/BRA1/saison_id/2023/plus/1/page/11
Kaiki,Left-Back,Cruzeiro Esporte Clube,Brazil,18,-,4,-,-,-,4,0.22,2023,https://www.transfermarkt.com/campeonato-brasileiro-serie-a/suenderkartei/wettbewerb/BRA1/saison_id/2023/plus/1/page/11
Henry Mosquera,Left Winger,Red Bull Bragantino,Colombia,34,-,4,-,-,-,4,0.12,2023,https://www.transfermarkt.com/campeonato-brasileiro-serie-a/suenderkartei/wettbewerb/BRA1/saison_id/2023/plus/1/page/11
Brahian Palacios,Right Winger,Clube Atlético Mineiro,Colombia,19,-,4,-,-,-,4,0.21,2023,https://www.transfermarkt.com/campeonato-brasileiro-serie-a/suenderkartei/wettbewerb/BRA1/saison_id/2023/plus/1/page/11
Alexsander,Defensive Midfield,Fluminense Football Club,Brazil,15,-,4,-,-,-,4,0.27,2023,https://www.transfermarkt.com/campeonato-brasileiro-serie-a/suenderkartei/wettbewerb/BRA1/saison_id/2023/plus/1/page/11
Estêvão,Right Winger,Sociedade Esportiva Palmeiras,Brazil,31,-,4,-,-,-,4,0.13,2023,https://www.transfermarkt.com/campeonato-brasileiro-serie-a/suenderkartei/wettbewerb/BRA1/saison_id/2023/plus/1/page/11
Paulo Vitor,Defensive Midfield,Clube Atlético Mineiro,Brazil,13,-,4,-,-,-,4,0.31,2023,https://www.transfermarkt.com/campeonato-brasileiro-serie-a/suenderkartei/wettbewerb/BRA1/saison_id/2023/plus/1/page/12
Kauã Elias,Centre-Forward,Fluminense Football Club,Brazil,30,-,4,-,-,-,4,0.13,2023,https://www.transfermarkt.com/campeonato-brasileiro-serie-a/suenderkartei/wettbewerb/BRA1/saison_id/2023/plus/1/page/12
Gustavo,Goalkeeper,Criciúma EC,Brazil,34,-,1,1,-,1,4,0.06,2023,https://www.transfermarkt.com/campeonato-brasileiro-serie-a/suenderkartei/wettbewerb/BRA1/saison_id/2023/plus/1/page/12
Lucas Freitas,Centre-Back,Esporte Clube Juventude,Brazil,16,-,1,1,-,1,4,0.13,2023,https://www.transfermarkt.com/campeonato-brasileiro-serie-a/suenderkartei/wettbewerb/BRA1/saison_id/2023/plus/1/page/12
Luiz Gustavo,Defensive Midfield,São Paulo Futebol Clube,Brazil,28,-,3,-,-,-,3,0.11,2023,https://www.transfermarkt.com/campeonato-brasileiro-serie-a/suenderkartei/wettbewerb/BRA1/saison_id/2023/plus/1/page/12
Marcelo,Left-Back,Fluminense Football Club,Brazil,17,-,3,-,-,-,3,0.18,2023,https://www.transfermarkt.com/campeonato-brasileiro-serie-a/suenderkartei/wettbewerb/BRA1/saison_id/2023/plus/1/page/12
Jean Carlos,Attacking Midfield,Esporte Clube Juventude,Brazil,22,-,3,-,-,-,3,0.14,2023,https://www.transfermarkt.com/campeonato-brasileiro-serie-a/suenderkartei/wettbewerb/BRA1/saison_id/2023/plus/1/page/12
Victor Cuesta,Centre-Back,Esporte Clube Bahia,Argentina,7,-,3,-,-,-,3,0.43,2023,https://www.transfermarkt.com/campeonato-brasileiro-serie-a/suenderkartei/wettbewerb/BRA1/saison_id/2023/plus/1/page/12
Alan Patrick,Attacking Midfield,Sport Club Internacional,Brazil,23,-,3,-,-,-,3,0.13,2023,https://www.transfermarkt.com/campeonato-brasileiro-serie-a/suenderkartei/wettbewerb/BRA1/saison_id/2023/plus/1/page/12
Joel Campbell,Second Striker,Atlético Clube Goianiense,Costa Rica,10,-,3,-,-,-,3,0.30,2023,https://www.transfermarkt.com/campeonato-brasileiro-serie-a/suenderkartei/wettbewerb/BRA1/saison_id/2023/plus/1/page/12
André Carrillo,Central Midfield,Sport Club Corinthians Paulista,Peru,13,-,3,-,-,-,3,0.23,2023,https://www.transfermarkt.com/campeonato-brasileiro-serie-a/suenderkartei/wettbewerb/BRA1/saison_id/2023/plus/1/page/12
Robert Arboleda,Centre-Back,São Paulo Futebol Clube,Ecuador,27,-,3,-,-,-,3,0.11,2023,https://www.transfermarkt.com/campeonato-brasileiro-serie-a/suenderkartei/wettbewerb/BRA1/saison_id/2023/plus/1/page/12
Gilberto,Centre-Forward,Esporte Clube Juventude,Brazil,24,-,3,-,-,-,3,0.13,2023,https://www.transfermarkt.com/campeonato-brasileiro-serie-a/suenderkartei/wettbewerb/BRA1/saison_id/2023/plus/1/page/12
Pedro Henrique,Centre-Back,Atlético Clube Goianiense,Brazil,12,-,3,-,-,-,3,0.25,2023,https://www.transfermarkt.com/campeonato-brasileiro-serie-a/suenderkartei/wettbewerb/BRA1/saison_id/2023/plus/1/page/12
Memphis Depay,Centre-Forward,Sport Club Corinthians Paulista,Netherlands,11,-,3,-,-,-,3,0.27,2023,https://www.transfermarkt.com/campeonato-brasileiro-serie-a/suenderkartei/wettbewerb/BRA1/saison_id/2023/plus/1/page/12
Edenilson,Central Midfield,,Brazil,30,-,3,-,-,-,3,0.10,2023,https://www.transfermarkt.com/campeonato-brasileiro-serie-a/suenderkartei/wettbewerb/BRA1/saison_id/2023/plus/1/page/12
Bruno Alves,Centre-Back,Cuiabá Esporte Clube (MT),Brazil,28,-,3,-,-,-,3,0.11,2023,https://www.transfermarkt.com/campeonato-brasileiro-serie-a/suenderkartei/wettbewerb/BRA1/saison_id/2023/plus/1/page/12
Madson,Right-Back,Club Athletico Paranaense,Brazil,19,-,3,-,-,-,3,0.16,2023,https://www.transfermarkt.com/campeonato-brasileiro-serie-a/suenderkartei/wettbewerb/BRA1/saison_id/2023/plus/1/page/12
Wilker Ángel,Centre-Back,Criciúma EC,Venezuela,13,-,3,-,-,-,3,0.23,2023,https://www.transfermarkt.com/campeonato-brasileiro-serie-a/suenderkartei/wettbewerb/BRA1/saison_id/2023/plus/1/page/12
Rossi,Right Winger,Clube de Regatas Vasco da Gama,Brazil,11,-,3,-,-,-,3,0.27,2023,https://www.transfermarkt.com/campeonato-brasileiro-serie-a/suenderkartei/wettbewerb/BRA1/saison_id/2023/plus/1/page/12
Gabriel,Defensive Midfield,,Brazil,20,-,3,-,-,-,3,0.15,2023,https://www.transfermarkt.com/campeonato-brasileiro-serie-a/suenderkartei/wettbewerb/BRA1/saison_id/2023/plus/1/page/12
Wanderson,Left Winger,Sport Club Internacional,Brazil,23,-,3,-,-,-,3,0.13,2023,https://www.transfermarkt.com/campeonato-brasileiro-serie-a/suenderkartei/wettbewerb/BRA1/saison_id/2023/plus/1/page/12
Giorgian de Arrascaeta,Attacking Midfield,CR Flamengo,Uruguay,15,-,3,-,-,-,3,0.20,2023,https://www.transfermarkt.com/campeonato-brasileiro-serie-a/suenderkartei/wettbewerb/BRA1/saison_id/2023/plus/1/page/12
Ramiro,Central Midfield,Cruzeiro Esporte Clube,Brazil,27,-,3,-,-,-,3,0.11,2023,https://www.transfermarkt.com/campeonato-brasileiro-serie-a/suenderkartei/wettbewerb/BRA1/saison_id/2023/plus/1/page/12
Renzo Saravia,Right-Back,Clube Atlético Mineiro,Argentina,31,-,3,-,-,-,3,0.10,2023,https://www.transfermarkt.com/campeonato-brasileiro-serie-a/suenderkartei/wettbewerb/BRA1/saison_id/2023/plus/1/page/12
Mauricio Lemos,Centre-Back,Clube Atlético Mineiro,Uruguay,8,-,3,-,-,-,3,0.38,2023,https://www.transfermarkt.com/campeonato-brasileiro-serie-a/suenderkartei/wettbewerb/BRA1/saison_id/2023/plus/1/page/13
Jefferson Savarino,Attacking Midfield,Botafogo de Futebol e Regatas,Venezuela,28,-,3,-,-,-,3,0.11,2023,https://www.transfermarkt.com/campeonato-brasileiro-serie-a/suenderkartei/wettbewerb/BRA1/saison_id/2023/plus/1/page/13
Gerson,Central Midfield,CR Flamengo,Brazil,32,-,3,-,-,-,3,0.09,2023,https://www.transfermarkt.com/campeonato-brasileiro-serie-a/suenderkartei/wettbewerb/BRA1/saison_id/2023/plus/1/page/13
João Pedro,Right-Back,Grêmio Foot-Ball Porto Alegrense,Brazil,32,-,3,-,-,-,3,0.09,2023,https://www.transfermarkt.com/campeonato-brasileiro-serie-a/suenderkartei/wettbewerb/BRA1/saison_id/2023/plus/1/page/13
Yago Felipe,Central Midfield,Esporte Clube Bahia,Brazil,8,-,3,-,-,-,3,0.38,2023,https://www.transfermarkt.com/campeonato-brasileiro-serie-a/suenderkartei/wettbewerb/BRA1/saison_id/2023/plus/1/page/13
Ayrton Lucas,Left-Back,CR Flamengo,Brazil,32,-,3,-,-,-,3,0.09,2023,https://www.transfermarkt.com/campeonato-brasileiro-serie-a/suenderkartei/wettbewerb/BRA1/saison_id/2023/plus/1/page/13
Everaldo,Left Winger,Esporte Clube Vitória,Brazil,15,-,3,-,-,-,3,0.20,2023,https://www.transfermarkt.com/campeonato-brasileiro-serie-a/suenderkartei/wettbewerb/BRA1/saison_id/2023/plus/1/page/13
Felipe Carballo,Central Midfield,Grêmio Foot-Ball Porto Alegrense,Uruguay,9,-,3,-,-,-,3,0.33,2023,https://www.transfermarkt.com/campeonato-brasileiro-serie-a/suenderkartei/wettbewerb/BRA1/saison_id/2023/plus/1/page/13
Nicolás de la Cruz,Central Midfield,CR Flamengo,Uruguay,15,-,3,-,-,-,3,0.20,2023,https://www.transfermarkt.com/campeonato-brasileiro-serie-a/suenderkartei/wettbewerb/BRA1/saison_id/2023/plus/1/page/13
Matheusinho,Attacking Midfield,Criciúma EC,Brazil,28,-,3,-,-,-,3,0.11,2023,https://www.transfermarkt.com/campeonato-brasileiro-serie-a/suenderkartei/wettbewerb/BRA1/saison_id/2023/plus/1/page/13
Lucas Fernandes,Attacking Midfield,Cuiabá Esporte Clube (MT),Brazil,21,-,3,-,-,-,3,0.14,2023,https://www.transfermarkt.com/campeonato-brasileiro-serie-a/suenderkartei/wettbewerb/BRA1/saison_id/2023/plus/1/page/13
Pedro,Centre-Forward,CR Flamengo,Brazil,21,-,3,-,-,-,3,0.14,2023,https://www.transfermarkt.com/campeonato-brasileiro-serie-a/suenderkartei/wettbewerb/BRA1/saison_id/2023/plus/1/page/13
John Victor,Goalkeeper,Botafogo de Futebol e Regatas,Brazil,34,-,3,-,-,-,3,0.09,2023,https://www.transfermarkt.com/campeonato-brasileiro-serie-a/suenderkartei/wettbewerb/BRA1/saison_id/2023/plus/1/page/13
Luiz Araújo,Right Winger,CR Flamengo,Brazil,25,-,3,-,-,-,3,0.12,2023,https://www.transfermarkt.com/campeonato-brasileiro-serie-a/suenderkartei/wettbewerb/BRA1/saison_id/2023/plus/1/page/13
Matheus Rossetto,Central Midfield,Fortaleza Esporte Clube,Brazil,22,-,3,-,-,-,3,0.14,2023,https://www.transfermarkt.com/campeonato-brasileiro-serie-a/suenderkartei/wettbewerb/BRA1/saison_id/2023/plus/1/page/13
Félix Torres,Centre-Back,Sport Club Corinthians Paulista,Ecuador,22,-,3,-,-,-,3,0.14,2023,https://www.transfermarkt.com/campeonato-brasileiro-serie-a/suenderkartei/wettbewerb/BRA1/saison_id/2023/plus/1/page/13
Shaylon,Attacking Midfield,Atlético Clube Goianiense,Brazil,35,-,3,-,-,-,3,0.09,2023,https://www.transfermarkt.com/campeonato-brasileiro-serie-a/suenderkartei/wettbewerb/BRA1/saison_id/2023/plus/1/page/13
Tomás Cuello,Left Winger,Club Athletico Paranaense,Argentina,32,-,3,-,-,-,3,0.09,2023,https://www.transfermarkt.com/campeonato-brasileiro-serie-a/suenderkartei/wettbewerb/BRA1/saison_id/2023/plus/1/page/13
Erick,Right Winger,São Paulo Futebol Clube,Brazil,19,-,3,-,-,-,3,0.16,2023,https://www.transfermarkt.com/campeonato-brasileiro-serie-a/suenderkartei/wettbewerb/BRA1/saison_id/2023/plus/1/page/13
André Luis,Right Winger,Cuiabá Esporte Clube (MT),Brazil,20,-,3,-,-,-,3,0.15,2023,https://www.transfermarkt.com/campeonato-brasileiro-serie-a/suenderkartei/wettbewerb/BRA1/saison_id/2023/plus/1/page/13
Sabino,Centre-Back,São Paulo Futebol Clube,Brazil,13,-,3,-,-,-,3,0.23,2023,https://www.transfermarkt.com/campeonato-brasileiro-serie-a/suenderkartei/wettbewerb/BRA1/saison_id/2023/plus/1/page/13
André Silva,Centre-Forward,São Paulo Futebol Clube,Brazil,30,-,3,-,-,-,3,0.10,2023,https://www.transfermarkt.com/campeonato-brasileiro-serie-a/suenderkartei/wettbewerb/BRA1/saison_id/2023/plus/1/page/13
Kaio Jorge,Centre-Forward,Cruzeiro Esporte Clube,Brazil,16,-,3,-,-,-,3,0.19,2023,https://www.transfermarkt.com/campeonato-brasileiro-serie-a/suenderkartei/wettbewerb/BRA1/saison_id/2023/plus/1/page/13
Carlos Miguel,Goalkeeper,Sport Club Corinthians Paulista,Brazil,6,-,3,-,-,-,3,0.50,2023,https://www.transfermarkt.com/campeonato-brasileiro-serie-a/suenderkartei/wettbewerb/BRA1/saison_id/2023/plus/1/page/13
Higor Meritão,Defensive Midfield,Criciúma EC,Brazil,17,-,3,-,-,-,3,0.18,2023,https://www.transfermarkt.com/campeonato-brasileiro-serie-a/suenderkartei/wettbewerb/BRA1/saison_id/2023/plus/1/page/13
Juan Sforza,Defensive Midfield,Clube de Regatas Vasco da Gama,Argentina,26,-,3,-,-,-,3,0.12,2023,https://www.transfermarkt.com/campeonato-brasileiro-serie-a/suenderkartei/wettbewerb/BRA1/saison_id/2023/plus/1/page/14
Matheus Bidu,Left-Back,Sport Club Corinthians Paulista,Brazil,23,-,3,-,-,-,3,0.13,2023,https://www.transfermarkt.com/campeonato-brasileiro-serie-a/suenderkartei/wettbewerb/BRA1/saison_id/2023/plus/1/page/14
Zé Gabriel,Defensive Midfield,Clube de Regatas Vasco da Gama,Brazil,14,-,3,-,-,-,3,0.21,2023,https://www.transfermarkt.com/campeonato-brasileiro-serie-a/suenderkartei/wettbewerb/BRA1/saison_id/2023/plus/1/page/14
Rômulo,Defensive Midfield,Sport Club Internacional,Brazil,30,-,3,-,-,-,3,0.10,2023,https://www.transfermarkt.com/campeonato-brasileiro-serie-a/suenderkartei/wettbewerb/BRA1/saison_id/2023/plus/1/page/14
Bruno Gomes,Right-Back,Sport Club Internacional,Brazil,30,-,3,-,-,-,3,0.10,2023,https://www.transfermarkt.com/campeonato-brasileiro-serie-a/suenderkartei/wettbewerb/BRA1/saison_id/2023/plus/1/page/14
Bruno Zapelli,Attacking Midfield,Club Athletico Paranaense,Argentina,32,-,3,-,-,-,3,0.09,2023,https://www.transfermarkt.com/campeonato-brasileiro-serie-a/suenderkartei/wettbewerb/BRA1/saison_id/2023/plus/1/page/14
Hugo,Left-Back,Sport Club Corinthians Paulista,Brazil,25,-,3,-,-,-,3,0.12,2023,https://www.transfermarkt.com/campeonato-brasileiro-serie-a/suenderkartei/wettbewerb/BRA1/saison_id/2023/plus/1/page/14
Mateus Claus,Goalkeeper,Esporte Clube Juventude,Brazil,5,-,3,-,-,-,3,0.60,2023,https://www.transfermarkt.com/campeonato-brasileiro-serie-a/suenderkartei/wettbewerb/BRA1/saison_id/2023/plus/1/page/14
Patrick de Paula,Defensive Midfield,,Brazil,9,-,3,-,-,-,3,0.33,2023,https://www.transfermarkt.com/campeonato-brasileiro-serie-a/suenderkartei/wettbewerb/BRA1/saison_id/2023/plus/1/page/14
Rezende,Defensive Midfield,Esporte Clube Bahia,Brazil,18,-,3,-,-,-,3,0.17,2023,https://www.transfermarkt.com/campeonato-brasileiro-serie-a/suenderkartei/wettbewerb/BRA1/saison_id/2023/plus/1/page/14
Diego Hernández,Left Winger,Botafogo de Futebol e Regatas,Uruguay,10,-,3,-,-,-,3,0.30,2023,https://www.transfermarkt.com/campeonato-brasileiro-serie-a/suenderkartei/wettbewerb/BRA1/saison_id/2023/plus/1/page/14
Pedro Rangel,Goalkeeper,,Brazil,6,-,3,-,-,-,3,0.50,2023,https://www.transfermarkt.com/campeonato-brasileiro-serie-a/suenderkartei/wettbewerb/BRA1/saison_id/2023/plus/1/page/14
Damián Bobadilla,Central Midfield,São Paulo Futebol Clube,Paraguay,18,-,3,-,-,-,3,0.17,2023,https://www.transfermarkt.com/campeonato-brasileiro-serie-a/suenderkartei/wettbewerb/BRA1/saison_id/2023/plus/1/page/14
Biel,Left Winger,Esporte Clube Bahia,Brazil,26,-,3,-,-,-,3,0.12,2023,https://www.transfermarkt.com/campeonato-brasileiro-serie-a/suenderkartei/wettbewerb/BRA1/saison_id/2023/plus/1/page/14
Max,Attacking Midfield,Cuiabá Esporte Clube (MT),Brazil,23,-,3,-,-,-,3,0.13,2023,https://www.transfermarkt.com/campeonato-brasileiro-serie-a/suenderkartei/wettbewerb/BRA1/saison_id/2023/plus/1/page/14
Evertton Araújo,Defensive Midfield,CR Flamengo,Brazil,16,-,3,-,-,-,3,0.19,2023,https://www.transfermarkt.com/campeonato-brasileiro-serie-a/suenderkartei/wettbewerb/BRA1/saison_id/2023/plus/1/page/14
Zé Hugo,Left Winger,Esporte Clube Vitória,Brazil,27,-,3,-,-,-,3,0.11,2023,https://www.transfermarkt.com/campeonato-brasileiro-serie-a/suenderkartei/wettbewerb/BRA1/saison_id/2023/plus/1/page/14
Jhon Jhon,Attacking Midfield,,Brazil,21,-,3,-,-,-,3,0.14,2023,https://www.transfermarkt.com/campeonato-brasileiro-serie-a/suenderkartei/wettbewerb/BRA1/saison_id/2023/plus/1/page/14
Endrick,Centre-Forward,Sociedade Esportiva Palmeiras,Brazil,6,-,3,-,-,-,3,0.50,2023,https://www.transfermarkt.com/campeonato-brasileiro-serie-a/suenderkartei/wettbewerb/BRA1/saison_id/2023/plus/1/page/14
Vitor Reis,Centre-Back,Sociedade Esportiva Palmeiras,Brazil,18,-,3,-,-,-,3,0.17,2023,https://www.transfermarkt.com/campeonato-brasileiro-serie-a/suenderkartei/wettbewerb/BRA1/saison_id/2023/plus/1/page/14
Vinicinho,Left Winger,Red Bull Bragantino,Brazil,19,-,3,-,-,-,3,0.16,2023,https://www.transfermarkt.com/campeonato-brasileiro-serie-a/suenderkartei/wettbewerb/BRA1/saison_id/2023/plus/1/page/14
Nathan Fernandes,Right Winger,Grêmio Foot-Ball Porto Alegrense,Brazil,19,-,3,-,-,-,3,0.16,2023,https://www.transfermarkt.com/campeonato-brasileiro-serie-a/suenderkartei/wettbewerb/BRA1/saison_id/2023/plus/1/page/14
Gabriel Carvalho,Right Winger,Sport Club Internacional,Brazil,24,-,3,-,-,-,3,0.13,2023,https://www.transfermarkt.com/campeonato-brasileiro-serie-a/suenderkartei/wettbewerb/BRA1/saison_id/2023/plus/1/page/14
Felipinho,Central Midfield,Club Athletico Paranaense,Brazil,18,-,3,-,-,-,3,0.17,2023,https://www.transfermarkt.com/campeonato-brasileiro-serie-a/suenderkartei/wettbewerb/BRA1/saison_id/2023/plus/1/page/14
Max,Right Winger,Atlético Clube Goianiense,Brazil,14,-,3,-,-,-,3,0.21,2023,https://www.transfermarkt.com/campeonato-brasileiro-serie-a/suenderkartei/wettbewerb/BRA1/saison_id/2023/plus/1/page/14
Caetano,Centre-Back,Sport Club Corinthians Paulista,Brazil,5,-,-,1,-,1,3,0.20,2023,https://www.transfermarkt.com/campeonato-brasileiro-serie-a/suenderkartei/wettbewerb/BRA1/saison_id/2023/plus/1/page/15
Gabriel Barros,Right Winger,,Brazil,2,-,-,1,-,1,3,0.50,2023,https://www.transfermarkt.com/campeonato-brasileiro-serie-a/suenderkartei/wettbewerb/BRA1/saison_id/2023/plus/1/page/15
Werik Popó,Centre-Forward,,Brazil,6,-,-,1,-,1,3,0.17,2023,https://www.transfermarkt.com/campeonato-brasileiro-serie-a/suenderkartei/wettbewerb/BRA1/saison_id/2023/plus/1/page/15
Jan Lucumi,Right Winger,Fluminense Football Club,Colombia,3,-,-,1,-,1,3,0.33,2023,https://www.transfermarkt.com/campeonato-brasileiro-serie-a/suenderkartei/wettbewerb/BRA1/saison_id/2023/plus/1/page/15
Muriel,Goalkeeper,Esporte Clube Vitória,Brazil,1,-,2,-,-,-,2,2.00,2023,https://www.transfermarkt.com/campeonato-brasileiro-serie-a/suenderkartei/wettbewerb/BRA1/saison_id/2023/plus/1/page/15
Thiago Silva,Centre-Back,Fluminense Football Club,Brazil,15,-,2,-,-,-,2,0.13,2023,https://www.transfermarkt.com/campeonato-brasileiro-serie-a/suenderkartei/wettbewerb/BRA1/saison_id/2023/plus/1/page/15
Dimitri Payet,Attacking Midfield,Clube de Regatas Vasco da Gama,France,23,-,2,-,-,-,2,0.09,2023,https://www.transfermarkt.com/campeonato-brasileiro-serie-a/suenderkartei/wettbewerb/BRA1/saison_id/2023/plus/1/page/15
Cássio,Goalkeeper,,Brazil,24,-,2,-,-,-,2,0.08,2023,https://www.transfermarkt.com/campeonato-brasileiro-serie-a/suenderkartei/wettbewerb/BRA1/saison_id/2023/plus/1/page/15
Weverton,Goalkeeper,Sociedade Esportiva Palmeiras,Brazil,37,-,2,-,-,-,2,0.05,2023,https://www.transfermarkt.com/campeonato-brasileiro-serie-a/suenderkartei/wettbewerb/BRA1/saison_id/2023/plus/1/page/15
Charles Aránguiz,Central Midfield,Sport Club Internacional,Chile,7,-,2,-,-,-,2,0.29,2023,https://www.transfermarkt.com/campeonato-brasileiro-serie-a/suenderkartei/wettbewerb/BRA1/saison_id/2023/plus/1/page/15
Martin Braithwaite,Centre-Forward,Grêmio Foot-Ball Porto Alegrense,Denmark,18,-,2,-,-,-,2,0.11,2023,https://www.transfermarkt.com/campeonato-brasileiro-serie-a/suenderkartei/wettbewerb/BRA1/saison_id/2023/plus/1/page/15
Manoel,Centre-Back,Fluminense Football Club,Brazil,14,-,2,-,-,-,2,0.14,2023,https://www.transfermarkt.com/campeonato-brasileiro-serie-a/suenderkartei/wettbewerb/BRA1/saison_id/2023/plus/1/page/15
Hugo Mallo,Right-Back,Sport Club Internacional,Spain,6,-,2,-,-,-,2,0.33,2023,https://www.transfermarkt.com/campeonato-brasileiro-serie-a/suenderkartei/wettbewerb/BRA1/saison_id/2023/plus/1/page/15
Lucas Sasha,Defensive Midfield,Fortaleza Esporte Clube,Brazil,21,-,2,-,-,-,2,0.10,2023,https://www.transfermarkt.com/campeonato-brasileiro-serie-a/suenderkartei/wettbewerb/BRA1/saison_id/2023/plus/1/page/15
Allan,Defensive Midfield,Botafogo de Futebol e Regatas,Brazil,11,-,2,-,-,-,2,0.18,2023,https://www.transfermarkt.com/campeonato-brasileiro-serie-a/suenderkartei/wettbewerb/BRA1/saison_id/2023/plus/1/page/15
Enner Valencia,Centre-Forward,Sport Club Internacional,Ecuador,24,-,2,-,-,-,2,0.08,2023,https://www.transfermarkt.com/campeonato-brasileiro-serie-a/suenderkartei/wettbewerb/BRA1/saison_id/2023/plus/1/page/15
Jonathan,Right-Back,Criciúma EC,Brazil,17,-,2,-,-,-,2,0.12,2023,https://www.transfermarkt.com/campeonato-brasileiro-serie-a/suenderkartei/wettbewerb/BRA1/saison_id/2023/plus/1/page/15
Raúl Cáceres,Right-Back,Esporte Clube Vitória,Paraguay,23,-,2,-,-,-,2,0.09,2023,https://www.transfermarkt.com/campeonato-brasileiro-serie-a/suenderkartei/wettbewerb/BRA1/saison_id/2023/plus/1/page/15
Nikão,Attacking Midfield,,Brazil,26,-,2,-,-,-,2,0.08,2023,https://www.transfermarkt.com/campeonato-brasileiro-serie-a/suenderkartei/wettbewerb/BRA1/saison_id/2023/plus/1/page/15
Guillermo Varela,Right-Back,CR Flamengo,Uruguay,18,-,2,-,-,-,2,0.11,2023,https://www.transfermarkt.com/campeonato-brasileiro-serie-a/suenderkartei/wettbewerb/BRA1/saison_id/2023/plus/1/page/15
Maxime Dominguez,Attacking Midfield,Clube de Regatas Vasco da Gama,Switzerland,8,-,2,-,-,-,2,0.25,2023,https://www.transfermarkt.com/campeonato-brasileiro-serie-a/suenderkartei/wettbewerb/BRA1/saison_id/2023/plus/1/page/15
Renê,Left-Back,Sport Club Internacional,Brazil,15,-,2,-,-,-,2,0.13,2023,https://www.transfermarkt.com/campeonato-brasileiro-serie-a/suenderkartei/wettbewerb/BRA1/saison_id/2023/plus/1/page/15
Pedro Henrique,Right Winger,Sport Club Corinthians Paulista,Brazil,11,-,2,-,-,-,2,0.18,2023,https://www.transfermarkt.com/campeonato-brasileiro-serie-a/suenderkartei/wettbewerb/BRA1/saison_id/2023/plus/1/page/15
Gilberto,Right-Back,Esporte Clube Bahia,Brazil,19,-,2,-,-,-,2,0.11,2023,https://www.transfermarkt.com/campeonato-brasileiro-serie-a/suenderkartei/wettbewerb/BRA1/saison_id/2023/plus/1/page/15
Jair,Defensive Midfield,Clube de Regatas Vasco da Gama,Brazil,7,-,2,-,-,-,2,0.29,2023,https://www.transfermarkt.com/campeonato-brasileiro-serie-a/suenderkartei/wettbewerb/BRA1/saison_id/2023/plus/1/page/15
Lucas Villalba,Centre-Back,Cruzeiro Esporte Clube,Argentina,23,-,2,-,-,-,2,0.09,2023,https://www.transfermarkt.com/campeonato-brasileiro-serie-a/suenderkartei/wettbewerb/BRA1/saison_id/2023/plus/1/page/16
Gabriel Barbosa,Centre-Forward,CR Flamengo,Brazil,19,-,2,-,-,-,2,0.11,2023,https://www.transfermarkt.com/campeonato-brasileiro-serie-a/suenderkartei/wettbewerb/BRA1/saison_id/2023/plus/1/page/16
João Ricardo,Goalkeeper,Fortaleza Esporte Clube,Brazil,38,-,2,-,-,-,2,0.05,2023,https://www.transfermarkt.com/campeonato-brasileiro-serie-a/suenderkartei/wettbewerb/BRA1/saison_id/2023/plus/1/page/16
Júnior Alonso,Centre-Back,Clube Atlético Mineiro,Paraguay,12,-,2,-,-,-,2,0.17,2023,https://www.transfermarkt.com/campeonato-brasileiro-serie-a/suenderkartei/wettbewerb/BRA1/saison_id/2023/plus/1/page/16
Marcos Felipe,Goalkeeper,Esporte Clube Bahia,Brazil,34,-,2,-,-,-,2,0.06,2023,https://www.transfermarkt.com/campeonato-brasileiro-serie-a/suenderkartei/wettbewerb/BRA1/saison_id/2023/plus/1/page/16
Yeferson Soteldo,Left Winger,Grêmio Foot-Ball Porto Alegrense,Venezuela,24,-,2,-,-,-,2,0.08,2023,https://www.transfermarkt.com/campeonato-brasileiro-serie-a/suenderkartei/wettbewerb/BRA1/saison_id/2023/plus/1/page/16
Otávio,Defensive Midfield,Clube Atlético Mineiro,Brazil,25,-,2,-,-,-,2,0.08,2023,https://www.transfermarkt.com/campeonato-brasileiro-serie-a/suenderkartei/wettbewerb/BRA1/saison_id/2023/plus/1/page/16
Walace,Defensive Midfield,Cruzeiro Esporte Clube,Brazil,11,-,2,-,-,-,2,0.18,2023,https://www.transfermarkt.com/campeonato-brasileiro-serie-a/suenderkartei/wettbewerb/BRA1/saison_id/2023/plus/1/page/16
Jonathan Cafu,Right Winger,Cuiabá Esporte Clube (MT),Brazil,28,-,2,-,-,-,2,0.07,2023,https://www.transfermarkt.com/campeonato-brasileiro-serie-a/suenderkartei/wettbewerb/BRA1/saison_id/2023/plus/1/page/16
Edu Ribeiro,Centre-Back,Esporte Clube Vitória,Brazil,12,-,2,-,-,-,2,0.17,2023,https://www.transfermarkt.com/campeonato-brasileiro-serie-a/suenderkartei/wettbewerb/BRA1/saison_id/2023/plus/1/page/16
Léo Ortiz,Centre-Back,CR Flamengo,Brazil,25,-,2,-,-,-,2,0.08,2023,https://www.transfermarkt.com/campeonato-brasileiro-serie-a/suenderkartei/wettbewerb/BRA1/saison_id/2023/plus/1/page/16
Alisson,Goalkeeper,Criciúma EC,Brazil,6,-,2,-,-,-,2,0.33,2023,https://www.transfermarkt.com/campeonato-brasileiro-serie-a/suenderkartei/wettbewerb/BRA1/saison_id/2023/plus/1/page/16
Léo,Centre-Back,Clube de Regatas Vasco da Gama,Brazil,30,-,2,-,-,-,2,0.07,2023,https://www.transfermarkt.com/campeonato-brasileiro-serie-a/suenderkartei/wettbewerb/BRA1/saison_id/2023/plus/1/page/16
Igor Jesus,Centre-Forward,Botafogo de Futebol e Regatas,Brazil,22,-,2,-,-,-,2,0.09,2023,https://www.transfermarkt.com/campeonato-brasileiro-serie-a/suenderkartei/wettbewerb/BRA1/saison_id/2023/plus/1/page/16
Bruno Tabata,Right Winger,,Brazil,17,-,2,-,-,-,2,0.12,2023,https://www.transfermarkt.com/campeonato-brasileiro-serie-a/suenderkartei/wettbewerb/BRA1/saison_id/2023/plus/1/page/16
Nahuel Ferraresi,Centre-Back,São Paulo Futebol Clube,Venezuela,14,-,2,-,-,-,2,0.14,2023,https://www.transfermarkt.com/campeonato-brasileiro-serie-a/suenderkartei/wettbewerb/BRA1/saison_id/2023/plus/1/page/16
Raul,Defensive Midfield,Red Bull Bragantino,Brazil,28,-,2,-,-,-,2,0.07,2023,https://www.transfermarkt.com/campeonato-brasileiro-serie-a/suenderkartei/wettbewerb/BRA1/saison_id/2023/plus/1/page/16
Matías Zaracho,Attacking Midfield,Clube Atlético Mineiro,Argentina,16,-,2,-,-,-,2,0.13,2023,https://www.transfermarkt.com/campeonato-brasileiro-serie-a/suenderkartei/wettbewerb/BRA1/saison_id/2023/plus/1/page/16
Joaquín Piquerez,Left-Back,Sociedade Esportiva Palmeiras,Uruguay,16,-,2,-,-,-,2,0.13,2023,https://www.transfermarkt.com/campeonato-brasileiro-serie-a/suenderkartei/wettbewerb/BRA1/saison_id/2023/plus/1/page/16
Wellington Rato,Right Winger,São Paulo Futebol Clube,Brazil,25,-,2,-,-,-,2,0.08,2023,https://www.transfermarkt.com/campeonato-brasileiro-serie-a/suenderkartei/wettbewerb/BRA1/saison_id/2023/plus/1/page/16
Diego Costa,Centre-Back,São Paulo Futebol Clube,Brazil,14,-,2,-,-,-,2,0.14,2023,https://www.transfermarkt.com/campeonato-brasileiro-serie-a/suenderkartei/wettbewerb/BRA1/saison_id/2023/plus/1/page/16
Pedro Raul,Centre-Forward,Sport Club Corinthians Paulista,Brazil,19,-,2,-,-,-,2,0.11,2023,https://www.transfermarkt.com/campeonato-brasileiro-serie-a/suenderkartei/wettbewerb/BRA1/saison_id/2023/plus/1/page/16
Luís Oyama,Defensive Midfield,Esporte Clube Juventude,Brazil,17,-,2,-,-,-,2,0.12,2023,https://www.transfermarkt.com/campeonato-brasileiro-serie-a/suenderkartei/wettbewerb/BRA1/saison_id/2023/plus/1/page/16
Giuliano Galoppo,Central Midfield,São Paulo Futebol Clube,Argentina,13,-,2,-,-,-,2,0.15,2023,https://www.transfermarkt.com/campeonato-brasileiro-serie-a/suenderkartei/wettbewerb/BRA1/saison_id/2023/plus/1/page/16
Praxedes,Central Midfield,,Brazil,13,-,2,-,-,-,2,0.15,2023,https://www.transfermarkt.com/campeonato-brasileiro-serie-a/suenderkartei/wettbewerb/BRA1/saison_id/2023/plus/1/page/16
Hugo Souza,Goalkeeper,,Brazil,22,-,2,-,-,-,2,0.09,2023,https://www.transfermarkt.com/campeonato-brasileiro-serie-a/suenderkartei/wettbewerb/BRA1/saison_id/2023/plus/1/page/17
Rafael Elias,Centre-Forward,Cruzeiro Esporte Clube,Brazil,5,-,2,-,-,-,2,0.40,2023,https://www.transfermarkt.com/campeonato-brasileiro-serie-a/suenderkartei/wettbewerb/BRA1/saison_id/2023/plus/1/page/17
Júnior Santos,Right Winger,Botafogo de Futebol e Regatas,Brazil,24,-,2,-,-,-,2,0.08,2023,https://www.transfermarkt.com/campeonato-brasileiro-serie-a/suenderkartei/wettbewerb/BRA1/saison_id/2023/plus/1/page/17
Anderson,Goalkeeper,Cruzeiro Esporte Clube,Brazil,17,-,2,-,-,-,2,0.12,2023,https://www.transfermarkt.com/campeonato-brasileiro-serie-a/suenderkartei/wettbewerb/BRA1/saison_id/2023/plus/1/page/17
Danilo Boza,Centre-Back,Esporte Clube Juventude,Brazil,32,-,2,-,-,-,2,0.06,2023,https://www.transfermarkt.com/campeonato-brasileiro-serie-a/suenderkartei/wettbewerb/BRA1/saison_id/2023/plus/1/page/17
Nicolás Acevedo,Defensive Midfield,Esporte Clube Bahia,Uruguay,8,-,2,-,-,-,2,0.25,2023,https://www.transfermarkt.com/campeonato-brasileiro-serie-a/suenderkartei/wettbewerb/BRA1/saison_id/2023/plus/1/page/17
Fabinho,Defensive Midfield,Sociedade Esportiva Palmeiras,Brazil,19,-,2,-,-,-,2,0.11,2023,https://www.transfermarkt.com/campeonato-brasileiro-serie-a/suenderkartei/wettbewerb/BRA1/saison_id/2023/plus/1/page/17
Erick,Defensive Midfield,Club Athletico Paranaense,Brazil,34,-,2,-,-,-,2,0.06,2023,https://www.transfermarkt.com/campeonato-brasileiro-serie-a/suenderkartei/wettbewerb/BRA1/saison_id/2023/plus/1/page/17
Matías Lacava,Left Winger,Atlético Clube Goianiense,Venezuela,12,-,2,-,-,-,2,0.17,2023,https://www.transfermarkt.com/campeonato-brasileiro-serie-a/suenderkartei/wettbewerb/BRA1/saison_id/2023/plus/1/page/17
Fabrizio Peralta,Central Midfield,Cruzeiro Esporte Clube,Paraguay,9,-,2,-,-,-,2,0.22,2023,https://www.transfermarkt.com/campeonato-brasileiro-serie-a/suenderkartei/wettbewerb/BRA1/saison_id/2023/plus/1/page/17
Lucas Belezi,Centre-Back,Club Athletico Paranaense,Brazil,9,-,2,-,-,-,2,0.22,2023,https://www.transfermarkt.com/campeonato-brasileiro-serie-a/suenderkartei/wettbewerb/BRA1/saison_id/2023/plus/1/page/17
Marquinhos,Right Winger,Fluminense Football Club,Brazil,20,-,2,-,-,-,2,0.10,2023,https://www.transfermarkt.com/campeonato-brasileiro-serie-a/suenderkartei/wettbewerb/BRA1/saison_id/2023/plus/1/page/17
Luciano Juba,Left-Back,Esporte Clube Bahia,Brazil,37,-,2,-,-,-,2,0.05,2023,https://www.transfermarkt.com/campeonato-brasileiro-serie-a/suenderkartei/wettbewerb/BRA1/saison_id/2023/plus/1/page/17
Talles Magno,Left Winger,Sport Club Corinthians Paulista,Brazil,14,-,2,-,-,-,2,0.14,2023,https://www.transfermarkt.com/campeonato-brasileiro-serie-a/suenderkartei/wettbewerb/BRA1/saison_id/2023/plus/1/page/17
Mauricio,Attacking Midfield,,Paraguay,25,-,2,-,-,-,2,0.08,2023,https://www.transfermarkt.com/campeonato-brasileiro-serie-a/suenderkartei/wettbewerb/BRA1/saison_id/2023/plus/1/page/17
José Andrés Hurtado,Right-Back,Red Bull Bragantino,Ecuador,17,-,2,-,-,-,2,0.12,2023,https://www.transfermarkt.com/campeonato-brasileiro-serie-a/suenderkartei/wettbewerb/BRA1/saison_id/2023/plus/1/page/17
Igor Gomes,Centre-Back,Sport Club Internacional,Brazil,13,-,2,-,-,-,2,0.15,2023,https://www.transfermarkt.com/campeonato-brasileiro-serie-a/suenderkartei/wettbewerb/BRA1/saison_id/2023/plus/1/page/17
Gabriel Inocêncio,Right-Back,Esporte Clube Juventude,Brazil,17,-,2,-,-,-,2,0.12,2023,https://www.transfermarkt.com/campeonato-brasileiro-serie-a/suenderkartei/wettbewerb/BRA1/saison_id/2023/plus/1/page/17
Edson Carioca,Centre-Forward,Esporte Clube Juventude,Brazil,16,-,2,-,-,-,2,0.13,2023,https://www.transfermarkt.com/campeonato-brasileiro-serie-a/suenderkartei/wettbewerb/BRA1/saison_id/2023/plus/1/page/17
Zé Vitor,Central Midfield,Club Athletico Paranaense,Brazil,9,-,2,-,-,-,2,0.22,2023,https://www.transfermarkt.com/campeonato-brasileiro-serie-a/suenderkartei/wettbewerb/BRA1/saison_id/2023/plus/1/page/17
Luciano Rodríguez,Centre-Forward,Esporte Clube Bahia,Uruguay,19,-,2,-,-,-,2,0.11,2023,https://www.transfermarkt.com/campeonato-brasileiro-serie-a/suenderkartei/wettbewerb/BRA1/saison_id/2023/plus/1/page/17
Adson,Right Winger,Clube de Regatas Vasco da Gama,Brazil,20,-,2,-,-,-,2,0.10,2023,https://www.transfermarkt.com/campeonato-brasileiro-serie-a/suenderkartei/wettbewerb/BRA1/saison_id/2023/plus/1/page/17
Jeffinho,Left Winger,Botafogo de Futebol e Regatas,Brazil,7,-,2,-,-,-,2,0.29,2023,https://www.transfermarkt.com/campeonato-brasileiro-serie-a/suenderkartei/wettbewerb/BRA1/saison_id/2023/plus/1/page/17
Kervin Andrade,Attacking Midfield,Fortaleza Esporte Clube,Venezuela,13,-,2,-,-,-,2,0.15,2023,https://www.transfermarkt.com/campeonato-brasileiro-serie-a/suenderkartei/wettbewerb/BRA1/saison_id/2023/plus/1/page/17
Du Queiroz,Central Midfield,Grêmio Foot-Ball Porto Alegrense,Brazil,14,-,2,-,-,-,2,0.14,2023,https://www.transfermarkt.com/campeonato-brasileiro-serie-a/suenderkartei/wettbewerb/BRA1/saison_id/2023/plus/1/page/17
Douglas Mendes,Centre-Back,Red Bull Bragantino,Brazil,20,-,2,-,-,-,2,0.10,2023,https://www.transfermarkt.com/campeonato-brasileiro-serie-a/suenderkartei/wettbewerb/BRA1/saison_id/2023/plus/1/page/18
Robert Renan,Centre-Back,Sport Club Internacional,Brazil,12,-,2,-,-,-,2,0.17,2023,https://www.transfermarkt.com/campeonato-brasileiro-serie-a/suenderkartei/wettbewerb/BRA1/saison_id/2023/plus/1/page/18
William Gomes,Right Winger,São Paulo Futebol Clube,Brazil,11,-,2,-,-,-,2,0.18,2023,https://www.transfermarkt.com/campeonato-brasileiro-serie-a/suenderkartei/wettbewerb/BRA1/saison_id/2023/plus/1/page/18
João Cruz,Central Midfield,Club Athletico Paranaense,Brazil,18,-,2,-,-,-,2,0.11,2023,https://www.transfermarkt.com/campeonato-brasileiro-serie-a/suenderkartei/wettbewerb/BRA1/saison_id/2023/plus/1/page/18
Ryan,Defensive Midfield,Sport Club Corinthians Paulista,Brazil,11,-,2,-,-,-,2,0.18,2023,https://www.transfermarkt.com/campeonato-brasileiro-serie-a/suenderkartei/wettbewerb/BRA1/saison_id/2023/plus/1/page/18
Wesley,Left Winger,Sport Club Corinthians Paulista,Brazil,23,-,2,-,-,-,2,0.09,2023,https://www.transfermarkt.com/campeonato-brasileiro-serie-a/suenderkartei/wettbewerb/BRA1/saison_id/2023/plus/1/page/18
Rayan,Right Winger,Clube de Regatas Vasco da Gama,Brazil,24,-,2,-,-,-,2,0.08,2023,https://www.transfermarkt.com/campeonato-brasileiro-serie-a/suenderkartei/wettbewerb/BRA1/saison_id/2023/plus/1/page/18
Eliel,Left Winger,Cuiabá Esporte Clube (MT),Brazil,23,-,2,-,-,-,2,0.09,2023,https://www.transfermarkt.com/campeonato-brasileiro-serie-a/suenderkartei/wettbewerb/BRA1/saison_id/2023/plus/1/page/18
Ricardo Mathias,Centre-Forward,Sport Club Internacional,Brazil,6,-,2,-,-,-,2,0.33,2023,https://www.transfermarkt.com/campeonato-brasileiro-serie-a/suenderkartei/wettbewerb/BRA1/saison_id/2023/plus/1/page/18
Vitinho,Central Midfield,Cruzeiro Esporte Clube,Brazil,21,-,2,-,-,-,2,0.10,2023,https://www.transfermarkt.com/campeonato-brasileiro-serie-a/suenderkartei/wettbewerb/BRA1/saison_id/2023/plus/1/page/18
Guilherme Madruga,Defensive Midfield,Cuiabá Esporte Clube (MT),Brazil,6,-,2,-,-,-,2,0.33,2023,https://www.transfermarkt.com/campeonato-brasileiro-serie-a/suenderkartei/wettbewerb/BRA1/saison_id/2023/plus/1/page/18
Davi Góes,Defensive Midfield,Esporte Clube Juventude,Brazil,3,-,2,-,-,-,2,0.67,2023,https://www.transfermarkt.com/campeonato-brasileiro-serie-a/suenderkartei/wettbewerb/BRA1/saison_id/2023/plus/1/page/18
Vágner Love,Centre-Forward,Atlético Clube Goianiense,Brazil,6,-,1,-,-,-,1,0.17,2023,https://www.transfermarkt.com/campeonato-brasileiro-serie-a/suenderkartei/wettbewerb/BRA1/saison_id/2023/plus/1/page/18
Luiz Adriano,Centre-Forward,Esporte Clube Vitória,Brazil,8,-,1,-,-,-,1,0.13,2023,https://www.transfermarkt.com/campeonato-brasileiro-serie-a/suenderkartei/wettbewerb/BRA1/saison_id/2023/plus/1/page/18
Rafael,Goalkeeper,São Paulo Futebol Clube,Brazil,25,-,1,-,-,-,1,0.04,2023,https://www.transfermarkt.com/campeonato-brasileiro-serie-a/suenderkartei/wettbewerb/BRA1/saison_id/2023/plus/1/page/18
Douglas Costa,Right Winger,Fluminense Football Club,Brazil,10,-,1,-,-,-,1,0.10,2023,https://www.transfermarkt.com/campeonato-brasileiro-serie-a/suenderkartei/wettbewerb/BRA1/saison_id/2023/plus/1/page/18
Osvaldo,Right Winger,Esporte Clube Vitória,Brazil,19,-,1,-,-,-,1,0.05,2023,https://www.transfermarkt.com/campeonato-brasileiro-serie-a/suenderkartei/wettbewerb/BRA1/saison_id/2023/plus/1/page/18
Alex Sandro,Left-Back,CR Flamengo,Brazil,8,-,1,-,-,-,1,0.13,2023,https://www.transfermarkt.com/campeonato-brasileiro-serie-a/suenderkartei/wettbewerb/BRA1/saison_id/2023/plus/1/page/18
Eduardo Vargas,Centre-Forward,Clube Atlético Mineiro,Chile,23,-,1,-,-,-,1,0.04,2023,https://www.transfermarkt.com/campeonato-brasileiro-serie-a/suenderkartei/wettbewerb/BRA1/saison_id/2023/plus/1/page/18
Danilo Fernandes,Goalkeeper,Esporte Clube Bahia,Brazil,1,-,1,-,-,-,1,1.00,2023,https://www.transfermarkt.com/campeonato-brasileiro-serie-a/suenderkartei/wettbewerb/BRA1/saison_id/2023/plus/1/page/18
Cicinho,Right-Back,Esporte Clube Bahia,Bulgaria,6,-,1,-,-,-,1,0.17,2023,https://www.transfermarkt.com/campeonato-brasileiro-serie-a/suenderkartei/wettbewerb/BRA1/saison_id/2023/plus/1/page/18
Roberto Fernández,Goalkeeper,Botafogo de Futebol e Regatas,Paraguay,4,-,1,-,-,-,1,0.25,2023,https://www.transfermarkt.com/campeonato-brasileiro-serie-a/suenderkartei/wettbewerb/BRA1/saison_id/2023/plus/1/page/18
Eduardo,Attacking Midfield,Botafogo de Futebol e Regatas,Brazil,17,-,1,-,-,-,1,0.06,2023,https://www.transfermarkt.com/campeonato-brasileiro-serie-a/suenderkartei/wettbewerb/BRA1/saison_id/2023/plus/1/page/18
Bruno Uvini,Centre-Back,Esporte Clube Vitória,Brazil,6,-,1,-,-,-,1,0.17,2023,https://www.transfermarkt.com/campeonato-brasileiro-serie-a/suenderkartei/wettbewerb/BRA1/saison_id/2023/plus/1/page/18
Ivan Cavaleiro,Left Winger,Red Bull Bragantino,Angola,5,-,1,-,-,-,1,0.20,2023,https://www.transfermarkt.com/campeonato-brasileiro-serie-a/suenderkartei/wettbewerb/BRA1/saison_id/2023/plus/1/page/18
Jorginho,Attacking Midfield,Atlético Clube Goianiense,Brazil,3,-,1,-,-,-,1,0.33,2023,https://www.transfermarkt.com/campeonato-brasileiro-serie-a/suenderkartei/wettbewerb/BRA1/saison_id/2023/plus/1/page/19
Cauly,Attacking Midfield,Esporte Clube Bahia,Brazil,38,-,1,-,-,-,1,0.03,2023,https://www.transfermarkt.com/campeonato-brasileiro-serie-a/suenderkartei/wettbewerb/BRA1/saison_id/2023/plus/1/page/19
Gabriel Pires,Defensive Midfield,Fluminense Football Club,Brazil,5,-,1,-,-,-,1,0.20,2023,https://www.transfermarkt.com/campeonato-brasileiro-serie-a/suenderkartei/wettbewerb/BRA1/saison_id/2023/plus/1/page/19
Bernard,Left Winger,Clube Atlético Mineiro,Brazil,16,-,1,-,-,-,1,0.06,2023,https://www.transfermarkt.com/campeonato-brasileiro-serie-a/suenderkartei/wettbewerb/BRA1/saison_id/2023/plus/1/page/19
Antônio Carlos,Centre-Back,Fluminense Football Club,Brazil,13,-,1,-,-,-,1,0.08,2023,https://www.transfermarkt.com/campeonato-brasileiro-serie-a/suenderkartei/wettbewerb/BRA1/saison_id/2023/plus/1/page/19
Alex Telles,Left-Back,Botafogo de Futebol e Regatas,Brazil,11,-,1,-,-,-,1,0.09,2023,https://www.transfermarkt.com/campeonato-brasileiro-serie-a/suenderkartei/wettbewerb/BRA1/saison_id/2023/plus/1/page/19
David Terans,Attacking Midfield,Fluminense Football Club,Uruguay,7,-,1,-,-,-,1,0.14,2023,https://www.transfermarkt.com/campeonato-brasileiro-serie-a/suenderkartei/wettbewerb/BRA1/saison_id/2023/plus/1/page/19
Marlon,Centre-Back,Fluminense Football Club,Brazil,4,-,1,-,-,-,1,0.25,2023,https://www.transfermarkt.com/campeonato-brasileiro-serie-a/suenderkartei/wettbewerb/BRA1/saison_id/2023/plus/1/page/19
Juan Dinenno,Centre-Forward,Cruzeiro Esporte Clube,Argentina,7,-,1,-,-,-,1,0.14,2023,https://www.transfermarkt.com/campeonato-brasileiro-serie-a/suenderkartei/wettbewerb/BRA1/saison_id/2023/plus/1/page/19
Nathan,Attacking Midfield,Grêmio Foot-Ball Porto Alegrense,Brazil,8,-,1,-,-,-,1,0.13,2023,https://www.transfermarkt.com/campeonato-brasileiro-serie-a/suenderkartei/wettbewerb/BRA1/saison_id/2023/plus/1/page/19
Everton,Left Winger,CR Flamengo,Brazil,10,-,1,-,-,-,1,0.10,2023,https://www.transfermarkt.com/campeonato-brasileiro-serie-a/suenderkartei/wettbewerb/BRA1/saison_id/2023/plus/1/page/19
Zeca,Right-Back,Esporte Clube Vitória,Brazil,5,-,1,-,-,-,1,0.20,2023,https://www.transfermarkt.com/campeonato-brasileiro-serie-a/suenderkartei/wettbewerb/BRA1/saison_id/2023/plus/1/page/19
Franco Cristaldo,Attacking Midfield,Grêmio Foot-Ball Porto Alegrense,Argentina,35,-,1,-,-,-,1,0.03,2023,https://www.transfermarkt.com/campeonato-brasileiro-serie-a/suenderkartei/wettbewerb/BRA1/saison_id/2023/plus/1/page/19
Mateus Pasinato,Goalkeeper,Cuiabá Esporte Clube (MT),Brazil,2,-,1,-,-,-,1,0.50,2023,https://www.transfermarkt.com/campeonato-brasileiro-serie-a/suenderkartei/wettbewerb/BRA1/saison_id/2023/plus/1/page/19
Iury Castilho,Centre-Forward,Esporte Clube Vitória,Brazil,5,-,1,-,-,-,1,0.20,2023,https://www.transfermarkt.com/campeonato-brasileiro-serie-a/suenderkartei/wettbewerb/BRA1/saison_id/2023/plus/1/page/19
Clayton,Centre-Back,Sport Club Internacional,Brazil,8,-,1,-,-,-,1,0.13,2023,https://www.transfermarkt.com/campeonato-brasileiro-serie-a/suenderkartei/wettbewerb/BRA1/saison_id/2023/plus/1/page/19
Caíque,Goalkeeper,Grêmio Foot-Ball Porto Alegrense,Brazil,6,-,1,-,-,-,1,0.17,2023,https://www.transfermarkt.com/campeonato-brasileiro-serie-a/suenderkartei/wettbewerb/BRA1/saison_id/2023/plus/1/page/19
Óscar Estupiñán,Centre-Forward,Esporte Clube Bahia,Colombia,11,-,1,-,-,-,1,0.09,2023,https://www.transfermarkt.com/campeonato-brasileiro-serie-a/suenderkartei/wettbewerb/BRA1/saison_id/2023/plus/1/page/19
Allyson,Centre-Back,Cuiabá Esporte Clube (MT),Brazil,1,-,1,-,-,-,1,1.00,2023,https://www.transfermarkt.com/campeonato-brasileiro-serie-a/suenderkartei/wettbewerb/BRA1/saison_id/2023/plus/1/page/19
Liziero,Central Midfield,São Paulo Futebol Clube,Brazil,9,-,1,-,-,-,1,0.11,2023,https://www.transfermarkt.com/campeonato-brasileiro-serie-a/suenderkartei/wettbewerb/BRA1/saison_id/2023/plus/1/page/19
Arthur Gomes,Left Winger,Cruzeiro Esporte Clube,Brazil,21,-,1,-,-,-,1,0.05,2023,https://www.transfermarkt.com/campeonato-brasileiro-serie-a/suenderkartei/wettbewerb/BRA1/saison_id/2023/plus/1/page/19
Ronaldo,Defensive Midfield,Esporte Clube Juventude,Brazil,13,-,1,-,-,-,1,0.08,2023,https://www.transfermarkt.com/campeonato-brasileiro-serie-a/suenderkartei/wettbewerb/BRA1/saison_id/2023/plus/1/page/19
Lucão,Goalkeeper,Red Bull Bragantino,Brazil,8,-,1,-,-,-,1,0.13,2023,https://www.transfermarkt.com/campeonato-brasileiro-serie-a/suenderkartei/wettbewerb/BRA1/saison_id/2023/plus/1/page/19
Maycon,Central Midfield,Sport Club Corinthians Paulista,Brazil,2,-,1,-,-,-,1,0.50,2023,https://www.transfermarkt.com/campeonato-brasileiro-serie-a/suenderkartei/wettbewerb/BRA1/saison_id/2023/plus/1/page/19
José Luis Rodríguez,Right-Back,Clube de Regatas Vasco da Gama,Uruguay,22,-,1,-,-,-,1,0.05,2023,https://www.transfermarkt.com/campeonato-brasileiro-serie-a/suenderkartei/wettbewerb/BRA1/saison_id/2023/plus/1/page/19
Japa,Central Midfield,Cruzeiro Esporte Clube,Brazil,10,-,1,-,-,-,1,0.10,2023,https://www.transfermarkt.com/campeonato-brasileiro-serie-a/suenderkartei/wettbewerb/BRA1/saison_id/2023/plus/1/page/20
Lucas Kal,Central Midfield,Atlético Clube Goianiense,Brazil,17,-,1,-,-,-,1,0.06,2023,https://www.transfermarkt.com/campeonato-brasileiro-serie-a/suenderkartei/wettbewerb/BRA1/saison_id/2023/plus/1/page/20
Matías Viña,Left-Back,CR Flamengo,Uruguay,9,-,1,-,-,-,1,0.11,2023,https://www.transfermarkt.com/campeonato-brasileiro-serie-a/suenderkartei/wettbewerb/BRA1/saison_id/2023/plus/1/page/20
Lucas Di Yorio,Centre-Forward,Club Athletico Paranaense,Argentina,20,-,1,-,-,-,1,0.05,2023,https://www.transfermarkt.com/campeonato-brasileiro-serie-a/suenderkartei/wettbewerb/BRA1/saison_id/2023/plus/1/page/20
Serginho,Left Winger,,Brazil,5,-,1,-,-,-,1,0.20,2023,https://www.transfermarkt.com/campeonato-brasileiro-serie-a/suenderkartei/wettbewerb/BRA1/saison_id/2023/plus/1/page/20
Marcos Antônio,Central Midfield,São Paulo Futebol Clube,Brazil,13,-,1,-,-,-,1,0.08,2023,https://www.transfermarkt.com/campeonato-brasileiro-serie-a/suenderkartei/wettbewerb/BRA1/saison_id/2023/plus/1/page/20
Gabriel Fuentes,Left-Back,Fluminense Football Club,Colombia,6,-,1,-,-,-,1,0.17,2023,https://www.transfermarkt.com/campeonato-brasileiro-serie-a/suenderkartei/wettbewerb/BRA1/saison_id/2023/plus/1/page/20
Fausto Vera,Defensive Midfield,,Argentina,26,-,1,-,-,-,1,0.04,2023,https://www.transfermarkt.com/campeonato-brasileiro-serie-a/suenderkartei/wettbewerb/BRA1/saison_id/2023/plus/1/page/20
Reynaldo,Centre-Back,Esporte Clube Vitória,Brazil,5,-,1,-,-,-,1,0.20,2023,https://www.transfermarkt.com/campeonato-brasileiro-serie-a/suenderkartei/wettbewerb/BRA1/saison_id/2023/plus/1/page/20
Pedrinho,Right Winger,Clube Atlético Mineiro,Brazil,8,-,1,-,-,-,1,0.13,2023,https://www.transfermarkt.com/campeonato-brasileiro-serie-a/suenderkartei/wettbewerb/BRA1/saison_id/2023/plus/1/page/20
Dudu Vieira,Central Midfield,Esporte Clube Juventude,Brazil,5,-,1,-,-,-,1,0.20,2023,https://www.transfermarkt.com/campeonato-brasileiro-serie-a/suenderkartei/wettbewerb/BRA1/saison_id/2023/plus/1/page/20
Erick Farias,Centre-Forward,Esporte Clube Juventude,Brazil,35,-,1,-,-,-,1,0.03,2023,https://www.transfermarkt.com/campeonato-brasileiro-serie-a/suenderkartei/wettbewerb/BRA1/saison_id/2023/plus/1/page/20
Nonato,Central Midfield,Fluminense Football Club,Brazil,10,-,1,-,-,-,1,0.10,2023,https://www.transfermarkt.com/campeonato-brasileiro-serie-a/suenderkartei/wettbewerb/BRA1/saison_id/2023/plus/1/page/20
Ruan,Centre-Back,São Paulo Futebol Clube,Brazil,8,-,1,-,-,-,1,0.13,2023,https://www.transfermarkt.com/campeonato-brasileiro-serie-a/suenderkartei/wettbewerb/BRA1/saison_id/2023/plus/1/page/20
Thiago Almada,Attacking Midfield,Botafogo de Futebol e Regatas,Argentina,17,-,1,-,-,-,1,0.06,2023,https://www.transfermarkt.com/campeonato-brasileiro-serie-a/suenderkartei/wettbewerb/BRA1/saison_id/2023/plus/1/page/20
Thiaguinho,Central Midfield,Esporte Clube Juventude,Brazil,7,-,1,-,-,-,1,0.14,2023,https://www.transfermarkt.com/campeonato-brasileiro-serie-a/suenderkartei/wettbewerb/BRA1/saison_id/2023/plus/1/page/20
Gabriel Taliari,Centre-Forward,Esporte Clube Juventude,Brazil,21,-,1,-,-,-,1,0.05,2023,https://www.transfermarkt.com/campeonato-brasileiro-serie-a/suenderkartei/wettbewerb/BRA1/saison_id/2023/plus/1/page/20
Gonzalo Plata,Right Winger,CR Flamengo,Ecuador,11,-,1,-,-,-,1,0.09,2023,https://www.transfermarkt.com/campeonato-brasileiro-serie-a/suenderkartei/wettbewerb/BRA1/saison_id/2023/plus/1/page/20
Matheus Mendes,Goalkeeper,Clube Atlético Mineiro,Brazil,13,-,1,-,-,-,1,0.08,2023,https://www.transfermarkt.com/campeonato-brasileiro-serie-a/suenderkartei/wettbewerb/BRA1/saison_id/2023/plus/1/page/20
Patryck,Left-Back,São Paulo Futebol Clube,Brazil,12,-,1,-,-,-,1,0.08,2023,https://www.transfermarkt.com/campeonato-brasileiro-serie-a/suenderkartei/wettbewerb/BRA1/saison_id/2023/plus/1/page/20
Daniel Peixoto,Defensive Midfield,Esporte Clube Juventude,Brazil,2,-,1,-,-,-,1,0.50,2023,https://www.transfermarkt.com/campeonato-brasileiro-serie-a/suenderkartei/wettbewerb/BRA1/saison_id/2023/plus/1/page/20
Ewerthon,Right-Back,Esporte Clube Juventude,Brazil,24,-,1,-,-,-,1,0.04,2023,https://www.transfermarkt.com/campeonato-brasileiro-serie-a/suenderkartei/wettbewerb/BRA1/saison_id/2023/plus/1/page/20
Guilherme Lopes,Left-Back,Red Bull Bragantino,Brazil,14,-,1,-,-,-,1,0.07,2023,https://www.transfermarkt.com/campeonato-brasileiro-serie-a/suenderkartei/wettbewerb/BRA1/saison_id/2023/plus/1/page/20
Bento,Goalkeeper,Club Athletico Paranaense,Brazil,7,-,1,-,-,-,1,0.14,2023,https://www.transfermarkt.com/campeonato-brasileiro-serie-a/suenderkartei/wettbewerb/BRA1/saison_id/2023/plus/1/page/20
Emerson Rodríguez,Left Winger,Clube de Regatas Vasco da Gama,Colombia,15,-,1,-,-,-,1,0.07,2023,https://www.transfermarkt.com/campeonato-brasileiro-serie-a/suenderkartei/wettbewerb/BRA1/saison_id/2023/plus/1/page/20
Lautaro Díaz,Centre-Forward,Cruzeiro Esporte Clube,Argentina,18,-,1,-,-,-,1,0.06,2023,https://www.transfermarkt.com/campeonato-brasileiro-serie-a/suenderkartei/wettbewerb/BRA1/saison_id/2023/plus/1/page/21
Kevin Serna,Right Winger,Fluminense Football Club,Colombia,16,-,1,-,-,-,1,0.06,2023,https://www.transfermarkt.com/campeonato-brasileiro-serie-a/suenderkartei/wettbewerb/BRA1/saison_id/2023/plus/1/page/21
Daniel Jr,Attacking Midfield,Esporte Clube Vitória,Brazil,5,-,1,-,-,-,1,0.20,2023,https://www.transfermarkt.com/campeonato-brasileiro-serie-a/suenderkartei/wettbewerb/BRA1/saison_id/2023/plus/1/page/21
Victor Hugo,Central Midfield,CR Flamengo,Brazil,10,-,1,-,-,-,1,0.10,2023,https://www.transfermarkt.com/campeonato-brasileiro-serie-a/suenderkartei/wettbewerb/BRA1/saison_id/2023/plus/1/page/21
Calebe,Attacking Midfield,Fortaleza Esporte Clube,Brazil,7,-,1,-,-,-,1,0.14,2023,https://www.transfermarkt.com/campeonato-brasileiro-serie-a/suenderkartei/wettbewerb/BRA1/saison_id/2023/plus/1/page/21
Matheus Dias,Defensive Midfield,Sport Club Internacional,Brazil,3,-,1,-,-,-,1,0.33,2023,https://www.transfermarkt.com/campeonato-brasileiro-serie-a/suenderkartei/wettbewerb/BRA1/saison_id/2023/plus/1/page/21
Léo Mana,Right-Back,Sport Club Corinthians Paulista,Brazil,5,-,1,-,-,-,1,0.20,2023,https://www.transfermarkt.com/campeonato-brasileiro-serie-a/suenderkartei/wettbewerb/BRA1/saison_id/2023/plus/1/page/21
Everton,Left Winger,Red Bull Bragantino,Brazil,1,-,1,-,-,-,1,1.00,2023,https://www.transfermarkt.com/campeonato-brasileiro-serie-a/suenderkartei/wettbewerb/BRA1/saison_id/2023/plus/1/page/21
Agustín Giay,Right-Back,Sociedade Esportiva Palmeiras,Argentina,10,-,1,-,-,-,1,0.10,2023,https://www.transfermarkt.com/campeonato-brasileiro-serie-a/suenderkartei/wettbewerb/BRA1/saison_id/2023/plus/1/page/21
John Kennedy,Centre-Forward,Fluminense Football Club,Brazil,22,-,1,-,-,-,1,0.05,2023,https://www.transfermarkt.com/campeonato-brasileiro-serie-a/suenderkartei/wettbewerb/BRA1/saison_id/2023/plus/1/page/21
Anthoni,Goalkeeper,Sport Club Internacional,Brazil,2,-,1,-,-,-,1,0.50,2023,https://www.transfermarkt.com/campeonato-brasileiro-serie-a/suenderkartei/wettbewerb/BRA1/saison_id/2023/plus/1/page/21
Juan Tavares,Left-Back,Cuiabá Esporte Clube (MT),Brazil,4,-,1,-,-,-,1,0.25,2023,https://www.transfermarkt.com/campeonato-brasileiro-serie-a/suenderkartei/wettbewerb/BRA1/saison_id/2023/plus/1/page/21
Matheus Gonçalves,Right Winger,CR Flamengo,Brazil,14,-,1,-,-,-,1,0.07,2023,https://www.transfermarkt.com/campeonato-brasileiro-serie-a/suenderkartei/wettbewerb/BRA1/saison_id/2023/plus/1/page/21
Wesley,Right-Back,CR Flamengo,Brazil,31,-,1,-,-,-,1,0.03,2023,https://www.transfermarkt.com/campeonato-brasileiro-serie-a/suenderkartei/wettbewerb/BRA1/saison_id/2023/plus/1/page/21
Naves,Centre-Back,Sociedade Esportiva Palmeiras,Brazil,11,-,1,-,-,-,1,0.09,2023,https://www.transfermarkt.com/campeonato-brasileiro-serie-a/suenderkartei/wettbewerb/BRA1/saison_id/2023/plus/1/page/21
Natã,Centre-Back,Grêmio Foot-Ball Porto Alegrense,Brazil,11,-,1,-,-,-,1,0.09,2023,https://www.transfermarkt.com/campeonato-brasileiro-serie-a/suenderkartei/wettbewerb/BRA1/saison_id/2023/plus/1/page/21
Igor Jesus,Defensive Midfield,CR Flamengo,Brazil,3,-,1,-,-,-,1,0.33,2023,https://www.transfermarkt.com/campeonato-brasileiro-serie-a/suenderkartei/wettbewerb/BRA1/saison_id/2023/plus/1/page/21
Marcos Victor,Centre-Back,,Brazil,1,-,1,-,-,-,1,1.00,2023,https://www.transfermarkt.com/campeonato-brasileiro-serie-a/suenderkartei/wettbewerb/BRA1/saison_id/2023/plus/1/page/21
Gabriel,Centre-Back,Cuiabá Esporte Clube (MT),Brazil,5,-,1,-,-,-,1,0.20,2023,https://www.transfermarkt.com/campeonato-brasileiro-serie-a/suenderkartei/wettbewerb/BRA1/saison_id/2023/plus/1/page/21
Arthur Viana,Centre-Forward,Cruzeiro Esporte Clube,Brazil,3,-,1,-,-,-,1,0.33,2023,https://www.transfermarkt.com/campeonato-brasileiro-serie-a/suenderkartei/wettbewerb/BRA1/saison_id/2023/plus/1/page/21
Giovane,Centre-Forward,Sport Club Corinthians Paulista,Brazil,11,-,1,-,-,-,1,0.09,2023,https://www.transfermarkt.com/campeonato-brasileiro-serie-a/suenderkartei/wettbewerb/BRA1/saison_id/2023/plus/1/page/21
Arthur Sousa,Centre-Forward,,Brazil,9,-,1,-,-,-,1,0.11,2023,https://www.transfermarkt.com/campeonato-brasileiro-serie-a/suenderkartei/wettbewerb/BRA1/saison_id/2023/plus/1/page/21
Victor Hugo,Central Midfield,Fluminense Football Club,Brazil,5,-,1,-,-,-,1,0.20,2023,https://www.transfermarkt.com/campeonato-brasileiro-serie-a/suenderkartei/wettbewerb/BRA1/saison_id/2023/plus/1/page/21
Alisson,Right Winger,Clube Atlético Mineiro,Brazil,19,-,1,-,-,-,1,0.05,2023,https://www.transfermarkt.com/campeonato-brasileiro-serie-a/suenderkartei/wettbewerb/BRA1/saison_id/2023/plus/1/page/21
Caio Maia,Left Winger,Clube Atlético Mineiro,Brazil,2,-,1,-,-,-,1,0.50,2023,https://www.transfermarkt.com/campeonato-brasileiro-serie-a/suenderkartei/wettbewerb/BRA1/saison_id/2023/plus/1/page/21
Cadu,Centre-Forward,Clube Atlético Mineiro,Brazil,20,-,1,-,-,-,1,0.05,2023,https://www.transfermarkt.com/campeonato-brasileiro-serie-a/suenderkartei/wettbewerb/BRA1/saison_id/2023/plus/1/page/22
Lawan,Centre-Forward,Esporte Clube Vitória,Brazil,4,-,1,-,-,-,1,0.25,2023,https://www.transfermarkt.com/campeonato-brasileiro-serie-a/suenderkartei/wettbewerb/BRA1/saison_id/2023/plus/1/page/22
Leandrinho,Left-Back,Clube de Regatas Vasco da Gama,Brazil,18,-,1,-,-,-,1,0.06,2023,https://www.transfermarkt.com/campeonato-brasileiro-serie-a/suenderkartei/wettbewerb/BRA1/saison_id/2023/plus/1/page/22
GB,Centre-Forward,Clube de Regatas Vasco da Gama,Brazil,2,-,1,-,-,-,1,0.50,2023,https://www.transfermarkt.com/campeonato-brasileiro-serie-a/suenderkartei/wettbewerb/BRA1/saison_id/2023/plus/1/page/22
Guilherme Estrella,Attacking Midfield,Clube de Regatas Vasco da Gama,Brazil,3,-,1,-,-,-,1,0.33,2023,https://www.transfermarkt.com/campeonato-brasileiro-serie-a/suenderkartei/wettbewerb/BRA1/saison_id/2023/plus/1/page/22
Gustavo Neves,Central Midfield,Red Bull Bragantino,Brazil,27,-,1,-,-,-,1,0.04,2023,https://www.transfermarkt.com/campeonato-brasileiro-serie-a/suenderkartei/wettbewerb/BRA1/saison_id/2023/plus/1/page/22
Robert,Left Winger,Cruzeiro Esporte Clube,Brazil,12,-,1,-,-,-,1,0.08,2023,https://www.transfermarkt.com/campeonato-brasileiro-serie-a/suenderkartei/wettbewerb/BRA1/saison_id/2023/plus/1/page/22
Abner,Centre-Back,Esporte Clube Juventude,Brazil,3,-,1,-,-,-,1,0.33,2023,https://www.transfermarkt.com/campeonato-brasileiro-serie-a/suenderkartei/wettbewerb/BRA1/saison_id/2023/plus/1/page/22
Gustavo Prado,Left Winger,Sport Club Internacional,Brazil,28,-,1,-,-,-,1,0.04,2023,https://www.transfermarkt.com/campeonato-brasileiro-serie-a/suenderkartei/wettbewerb/BRA1/saison_id/2023/plus/1/page/22
Pablo,Attacking Midfield,Esporte Clube Vitória,Brazil,3,-,1,-,-,-,1,0.33,2023,https://www.transfermarkt.com/campeonato-brasileiro-serie-a/suenderkartei/wettbewerb/BRA1/saison_id/2023/plus/1/page/22
Mateo Zuleta,Left Winger,Atlético Clube Goianiense,Colombia,4,-,1,-,-,-,1,0.25,2023,https://www.transfermarkt.com/campeonato-brasileiro-serie-a/suenderkartei/wettbewerb/BRA1/saison_id/2023/plus/1/page/22
Sergio Palacios,Centre-Back,Red Bull Bragantino,Colombia,1,-,1,-,-,-,1,1.00,2023,https://www.transfermarkt.com/campeonato-brasileiro-serie-a/suenderkartei/wettbewerb/BRA1/saison_id/2023/plus/1/page/22
Yarlen,Right Winger,Botafogo de Futebol e Regatas,Brazil,4,-,1,-,-,-,1,0.25,2023,https://www.transfermarkt.com/campeonato-brasileiro-serie-a/suenderkartei/wettbewerb/BRA1/saison_id/2023/plus/1/page/22
Bruno Lopes,Centre-Forward,Clube de Regatas Vasco da Gama,Brazil,1,-,1,-,-,-,1,1.00,2023,https://www.transfermarkt.com/campeonato-brasileiro-serie-a/suenderkartei/wettbewerb/BRA1/saison_id/2023/plus/1/page/22
José Martínez,Defensive Midfield,Sport Club Corinthians Paulista,Venezuela,24,1,9,1,1,2,17,0.46,2024,https://www.transfermarkt.com/campeonato-brasileiro-serie-a/suenderkartei/wettbewerb/BRA1/saison_id/2024/plus/1
Hugo Moura,Defensive Midfield,Clube de Regatas Vasco da Gama,Brazil,33,1,6,-,2,2,16,0.24,2024,https://www.transfermarkt.com/campeonato-brasileiro-serie-a/suenderkartei/wettbewerb/BRA1/saison_id/2024/plus/1
Júnior Alonso,Centre-Back,Clube Atlético Mineiro,Paraguay,31,1,5,-,2,2,15,0.23,2024,https://www.transfermarkt.com/campeonato-brasileiro-serie-a/suenderkartei/wettbewerb/BRA1/saison_id/2024/plus/1
Alexander Barboza,Centre-Back,Botafogo de Futebol e Regatas,Uruguay,24,2,14,-,-,-,14,0.58,2024,https://www.transfermarkt.com/campeonato-brasileiro-serie-a/suenderkartei/wettbewerb/BRA1/saison_id/2024/plus/1
Dodi,Defensive Midfield,Grêmio Foot-Ball Porto Alegrense,Brazil,32,1,9,-,1,1,14,0.31,2024,https://www.transfermarkt.com/campeonato-brasileiro-serie-a/suenderkartei/wettbewerb/BRA1/saison_id/2024/plus/1
Walter Kannemann,Centre-Back,Grêmio Foot-Ball Porto Alegrense,Argentina,20,1,8,-,1,1,13,0.45,2024,https://www.transfermarkt.com/campeonato-brasileiro-serie-a/suenderkartei/wettbewerb/BRA1/saison_id/2024/plus/1
Eduardo Sasha,Centre-Forward,Red Bull Bragantino,Brazil,33,1,8,-,1,1,13,0.27,2024,https://www.transfermarkt.com/campeonato-brasileiro-serie-a/suenderkartei/wettbewerb/BRA1/saison_id/2024/plus/1
João Victor,Centre-Back,Mirassol Futebol Clube (SP),Brazil,34,1,8,-,1,1,13,0.26,2024,https://www.transfermarkt.com/campeonato-brasileiro-serie-a/suenderkartei/wettbewerb/BRA1/saison_id/2024/plus/1
Juan Pablo Freytes,Centre-Back,Fluminense Football Club,Argentina,33,1,8,-,1,1,13,0.27,2024,https://www.transfermarkt.com/campeonato-brasileiro-serie-a/suenderkartei/wettbewerb/BRA1/saison_id/2024/plus/1
Jean Lucas,Central Midfield,Esporte Clube Bahia,Brazil,34,-,3,-,2,2,13,0.15,2024,https://www.transfermarkt.com/campeonato-brasileiro-serie-a/suenderkartei/wettbewerb/BRA1/saison_id/2024/plus/1
David Ricardo,Centre-Back,Botafogo de Futebol e Regatas,Brazil,22,-,3,-,2,2,13,0.23,2024,https://www.transfermarkt.com/campeonato-brasileiro-serie-a/suenderkartei/wettbewerb/BRA1/saison_id/2024/plus/1
Lucas Romero,Defensive Midfield,Cruzeiro Esporte Clube,Argentina,33,2,12,-,-,-,12,0.36,2024,https://www.transfermarkt.com/campeonato-brasileiro-serie-a/suenderkartei/wettbewerb/BRA1/saison_id/2024/plus/1
Matheuzinho,Right-Back,Sport Club Corinthians Paulista,Brazil,31,2,12,-,-,-,12,0.39,2024,https://www.transfermarkt.com/campeonato-brasileiro-serie-a/suenderkartei/wettbewerb/BRA1/saison_id/2024/plus/1
Paulo Henrique,Right-Back,Clube de Regatas Vasco da Gama,Brazil,28,1,9,1,-,1,12,0.36,2024,https://www.transfermarkt.com/campeonato-brasileiro-serie-a/suenderkartei/wettbewerb/BRA1/saison_id/2024/plus/1
Lyanco,Centre-Back,Clube Atlético Mineiro,Brazil,17,1,6,2,-,2,12,0.47,2024,https://www.transfermarkt.com/campeonato-brasileiro-serie-a/suenderkartei/wettbewerb/BRA1/saison_id/2024/plus/1
Joaquín Piquerez,Left-Back,Sociedade Esportiva Palmeiras,Uruguay,30,-,2,-,2,2,12,0.13,2024,https://www.transfermarkt.com/campeonato-brasileiro-serie-a/suenderkartei/wettbewerb/BRA1/saison_id/2024/plus/1
Gabriel,Defensive Midfield,Red Bull Bragantino,Brazil,33,2,11,-,-,-,11,0.33,2024,https://www.transfermarkt.com/campeonato-brasileiro-serie-a/suenderkartei/wettbewerb/BRA1/saison_id/2024/plus/1
Lucas Lima,Attacking Midfield,Sport Club do Recife,Brazil,33,2,11,-,-,-,11,0.33,2024,https://www.transfermarkt.com/campeonato-brasileiro-serie-a/suenderkartei/wettbewerb/BRA1/saison_id/2024/plus/1
Jhon Jhon,Attacking Midfield,Red Bull Bragantino,Brazil,34,2,11,-,-,-,11,0.32,2024,https://www.transfermarkt.com/campeonato-brasileiro-serie-a/suenderkartei/wettbewerb/BRA1/saison_id/2024/plus/1
Fabrício Bruno,Centre-Back,Cruzeiro Esporte Clube,Brazil,33,1,8,1,-,1,11,0.27,2024,https://www.transfermarkt.com/campeonato-brasileiro-serie-a/suenderkartei/wettbewerb/BRA1/saison_id/2024/plus/1
Alexandro Bernabei,Left-Back,Sport Club Internacional,Argentina,30,1,8,1,-,1,11,0.30,2024,https://www.transfermarkt.com/campeonato-brasileiro-serie-a/suenderkartei/wettbewerb/BRA1/saison_id/2024/plus/1
Lucas Barbosa,Right Winger,Red Bull Bragantino,Brazil,34,1,8,1,-,1,11,0.26,2024,https://www.transfermarkt.com/campeonato-brasileiro-serie-a/suenderkartei/wettbewerb/BRA1/saison_id/2024/plus/1
Breno Bidon,Central Midfield,Sport Club Corinthians Paulista,Brazil,33,1,8,1,-,1,11,0.27,2024,https://www.transfermarkt.com/campeonato-brasileiro-serie-a/suenderkartei/wettbewerb/BRA1/saison_id/2024/plus/1
Alan Ruschel,Left-Back,Esporte Clube Juventude,Brazil,21,1,6,-,1,1,11,0.33,2024,https://www.transfermarkt.com/campeonato-brasileiro-serie-a/suenderkartei/wettbewerb/BRA1/saison_id/2024/plus/1
Johan Carbonero,Left Winger,Sport Club Internacional,Colombia,23,1,6,-,1,1,11,0.30,2024,https://www.transfermarkt.com/campeonato-brasileiro-serie-a/suenderkartei/wettbewerb/BRA1/saison_id/2024/plus/1
Hulk,Centre-Forward,Clube Atlético Mineiro,Brazil,33,2,10,-,-,-,10,0.30,2024,https://www.transfermarkt.com/campeonato-brasileiro-serie-a/suenderkartei/wettbewerb/BRA1/saison_id/2024/plus/1/page/2
Luciano,Centre-Forward,São Paulo Futebol Clube,Brazil,32,2,10,-,-,-,10,0.31,2024,https://www.transfermarkt.com/campeonato-brasileiro-serie-a/suenderkartei/wettbewerb/BRA1/saison_id/2024/plus/1/page/2
Lucas Villalba,Centre-Back,Cruzeiro Esporte Clube,Argentina,32,2,10,-,-,-,10,0.31,2024,https://www.transfermarkt.com/campeonato-brasileiro-serie-a/suenderkartei/wettbewerb/BRA1/saison_id/2024/plus/1/page/2
Emanuel Brítez,Centre-Back,Fortaleza Esporte Clube,Argentina,18,2,10,-,-,-,10,0.56,2024,https://www.transfermarkt.com/campeonato-brasileiro-serie-a/suenderkartei/wettbewerb/BRA1/saison_id/2024/plus/1/page/2
Neto Moura,Defensive Midfield,Mirassol Futebol Clube (SP),Brazil,34,2,10,-,-,-,10,0.29,2024,https://www.transfermarkt.com/campeonato-brasileiro-serie-a/suenderkartei/wettbewerb/BRA1/saison_id/2024/plus/1/page/2
Enzo Díaz,Left-Back,São Paulo Futebol Clube,Argentina,27,2,10,-,-,-,10,0.37,2024,https://www.transfermarkt.com/campeonato-brasileiro-serie-a/suenderkartei/wettbewerb/BRA1/saison_id/2024/plus/1/page/2
Baralhas,Defensive Midfield,Esporte Clube Vitória,Brazil,28,2,10,-,-,-,10,0.36,2024,https://www.transfermarkt.com/campeonato-brasileiro-serie-a/suenderkartei/wettbewerb/BRA1/saison_id/2024/plus/1/page/2
Caíque Gonçalves,Defensive Midfield,Esporte Clube Juventude,Brazil,28,2,10,-,-,-,10,0.36,2024,https://www.transfermarkt.com/campeonato-brasileiro-serie-a/suenderkartei/wettbewerb/BRA1/saison_id/2024/plus/1/page/2
Kaiki,Left-Back,Cruzeiro Esporte Clube,Brazil,34,2,10,-,-,-,10,0.29,2024,https://www.transfermarkt.com/campeonato-brasileiro-serie-a/suenderkartei/wettbewerb/BRA1/saison_id/2024/plus/1/page/2
Lucas Halter,Centre-Back,Esporte Clube Vitória,Brazil,33,1,7,1,-,1,10,0.24,2024,https://www.transfermarkt.com/campeonato-brasileiro-serie-a/suenderkartei/wettbewerb/BRA1/saison_id/2024/plus/1/page/2
Matheus Alexandre,Right-Back,Sport Club do Recife,Brazil,26,1,7,1,-,1,10,0.31,2024,https://www.transfermarkt.com/campeonato-brasileiro-serie-a/suenderkartei/wettbewerb/BRA1/saison_id/2024/plus/1/page/2
Santiago Ramos Mingo,Centre-Back,Esporte Clube Bahia,Argentina,33,1,7,1,-,1,10,0.24,2024,https://www.transfermarkt.com/campeonato-brasileiro-serie-a/suenderkartei/wettbewerb/BRA1/saison_id/2024/plus/1/page/2
Matheuzinho,Attacking Midfield,Esporte Clube Vitória,Brazil,29,1,5,-,1,1,10,0.21,2024,https://www.transfermarkt.com/campeonato-brasileiro-serie-a/suenderkartei/wettbewerb/BRA1/saison_id/2024/plus/1/page/2
Jádson,Central Midfield,Esporte Clube Juventude,Brazil,35,1,9,-,-,-,9,0.26,2024,https://www.transfermarkt.com/campeonato-brasileiro-serie-a/suenderkartei/wettbewerb/BRA1/saison_id/2024/plus/1/page/2
Pedro Henrique,Right Winger,Ceará Sporting Club,Brazil,28,1,9,-,-,-,9,0.32,2024,https://www.transfermarkt.com/campeonato-brasileiro-serie-a/suenderkartei/wettbewerb/BRA1/saison_id/2024/plus/1/page/2
Christian Rivera,Defensive Midfield,Sport Club do Recife,Colombia,33,1,9,-,-,-,9,0.27,2024,https://www.transfermarkt.com/campeonato-brasileiro-serie-a/suenderkartei/wettbewerb/BRA1/saison_id/2024/plus/1/page/2
Aníbal Moreno,Defensive Midfield,Sociedade Esportiva Palmeiras,Argentina,28,1,9,-,-,-,9,0.32,2024,https://www.transfermarkt.com/campeonato-brasileiro-serie-a/suenderkartei/wettbewerb/BRA1/saison_id/2024/plus/1/page/2
Christian,Right Midfield,Cruzeiro Esporte Clube,Brazil,30,1,9,-,-,-,9,0.30,2024,https://www.transfermarkt.com/campeonato-brasileiro-serie-a/suenderkartei/wettbewerb/BRA1/saison_id/2024/plus/1/page/2
Zé Ivaldo,Centre-Back,Santos FC,Brazil,21,1,6,1,-,1,9,0.33,2024,https://www.transfermarkt.com/campeonato-brasileiro-serie-a/suenderkartei/wettbewerb/BRA1/saison_id/2024/plus/1/page/2
Adam Bareiro,Centre-Forward,Fortaleza Esporte Clube,Paraguay,21,1,6,1,-,1,9,0.33,2024,https://www.transfermarkt.com/campeonato-brasileiro-serie-a/suenderkartei/wettbewerb/BRA1/saison_id/2024/plus/1/page/2
Marcos Paulo,Centre-Back,Esporte Clube Juventude,Brazil,19,1,6,1,-,1,9,0.37,2024,https://www.transfermarkt.com/campeonato-brasileiro-serie-a/suenderkartei/wettbewerb/BRA1/saison_id/2024/plus/1/page/2
Tomás Rincón,Defensive Midfield,Santos FC,Venezuela,17,-,4,-,1,1,9,0.29,2024,https://www.transfermarkt.com/campeonato-brasileiro-serie-a/suenderkartei/wettbewerb/BRA1/saison_id/2024/plus/1/page/2
Andreas Pereira,Central Midfield,Sociedade Esportiva Palmeiras,Brazil,15,-,4,-,1,1,9,0.33,2024,https://www.transfermarkt.com/campeonato-brasileiro-serie-a/suenderkartei/wettbewerb/BRA1/saison_id/2024/plus/1/page/2
Matheus Pereira,Central Midfield,Fortaleza Esporte Clube,Brazil,19,-,4,-,1,1,9,0.26,2024,https://www.transfermarkt.com/campeonato-brasileiro-serie-a/suenderkartei/wettbewerb/BRA1/saison_id/2024/plus/1/page/2
Rony,Centre-Forward,Clube Atlético Mineiro,Brazil,35,-,4,-,1,1,9,0.14,2024,https://www.transfermarkt.com/campeonato-brasileiro-serie-a/suenderkartei/wettbewerb/BRA1/saison_id/2024/plus/1/page/2
Ronaldo,Defensive Midfield,Sport Club Internacional,Brazil,15,-,4,-,1,1,9,0.33,2024,https://www.transfermarkt.com/campeonato-brasileiro-serie-a/suenderkartei/wettbewerb/BRA1/saison_id/2024/plus/1/page/3
Bruno Tabata,Right Winger,Sport Club Internacional,Brazil,24,-,4,-,1,1,9,0.21,2024,https://www.transfermarkt.com/campeonato-brasileiro-serie-a/suenderkartei/wettbewerb/BRA1/saison_id/2024/plus/1/page/3
Kaio Jorge,Centre-Forward,Cruzeiro Esporte Clube,Brazil,33,-,4,-,1,1,9,0.15,2024,https://www.transfermarkt.com/campeonato-brasileiro-serie-a/suenderkartei/wettbewerb/BRA1/saison_id/2024/plus/1/page/3
Dudu,Defensive Midfield,Esporte Clube Vitória,Brazil,12,-,3,2,-,2,9,0.42,2024,https://www.transfermarkt.com/campeonato-brasileiro-serie-a/suenderkartei/wettbewerb/BRA1/saison_id/2024/plus/1/page/3
Everson,Goalkeeper,Clube Atlético Mineiro,Brazil,36,1,8,-,-,-,8,0.22,2024,https://www.transfermarkt.com/campeonato-brasileiro-serie-a/suenderkartei/wettbewerb/BRA1/saison_id/2024/plus/1/page/3
Allan,Defensive Midfield,Botafogo de Futebol e Regatas,Brazil,21,1,8,-,-,-,8,0.38,2024,https://www.transfermarkt.com/campeonato-brasileiro-serie-a/suenderkartei/wettbewerb/BRA1/saison_id/2024/plus/1/page/3
Gustavo Gómez,Centre-Back,Sociedade Esportiva Palmeiras,Paraguay,27,1,8,-,-,-,8,0.30,2024,https://www.transfermarkt.com/campeonato-brasileiro-serie-a/suenderkartei/wettbewerb/BRA1/saison_id/2024/plus/1/page/3
Lucas Silva,Defensive Midfield,Cruzeiro Esporte Clube,Brazil,34,1,8,-,-,-,8,0.24,2024,https://www.transfermarkt.com/campeonato-brasileiro-serie-a/suenderkartei/wettbewerb/BRA1/saison_id/2024/plus/1/page/3
Willian Oliveira,Defensive Midfield,Esporte Clube Vitória,Brazil,20,1,8,-,-,-,8,0.40,2024,https://www.transfermarkt.com/campeonato-brasileiro-serie-a/suenderkartei/wettbewerb/BRA1/saison_id/2024/plus/1/page/3
Fernando Sobral,Central Midfield,Ceará Sporting Club,Brazil,30,1,8,-,-,-,8,0.27,2024,https://www.transfermarkt.com/campeonato-brasileiro-serie-a/suenderkartei/wettbewerb/BRA1/saison_id/2024/plus/1/page/3
Bruno Henrique,Centre-Forward,CR Flamengo,Brazil,32,1,8,-,-,-,8,0.25,2024,https://www.transfermarkt.com/campeonato-brasileiro-serie-a/suenderkartei/wettbewerb/BRA1/saison_id/2024/plus/1/page/3
Rodrigo Sam,Centre-Back,Esporte Clube Juventude,Brazil,18,1,8,-,-,-,8,0.44,2024,https://www.transfermarkt.com/campeonato-brasileiro-serie-a/suenderkartei/wettbewerb/BRA1/saison_id/2024/plus/1/page/3
Marlon Freitas,Defensive Midfield,Botafogo de Futebol e Regatas,Brazil,35,1,8,-,-,-,8,0.23,2024,https://www.transfermarkt.com/campeonato-brasileiro-serie-a/suenderkartei/wettbewerb/BRA1/saison_id/2024/plus/1/page/3
Lucas Ramon,Right-Back,Mirassol Futebol Clube (SP),Brazil,31,1,8,-,-,-,8,0.26,2024,https://www.transfermarkt.com/campeonato-brasileiro-serie-a/suenderkartei/wettbewerb/BRA1/saison_id/2024/plus/1/page/3
Marlon,Left-Back,,Brazil,32,1,8,-,-,-,8,0.25,2024,https://www.transfermarkt.com/campeonato-brasileiro-serie-a/suenderkartei/wettbewerb/BRA1/saison_id/2024/plus/1/page/3
Erick,Right Winger,Esporte Clube Vitória,Brazil,31,1,8,-,-,-,8,0.26,2024,https://www.transfermarkt.com/campeonato-brasileiro-serie-a/suenderkartei/wettbewerb/BRA1/saison_id/2024/plus/1/page/3
Fabiano,Right-Back,Ceará Sporting Club,Brazil,34,1,8,-,-,-,8,0.24,2024,https://www.transfermarkt.com/campeonato-brasileiro-serie-a/suenderkartei/wettbewerb/BRA1/saison_id/2024/plus/1/page/3
Matheus Bidu,Left-Back,Sport Club Corinthians Paulista,Brazil,26,1,8,-,-,-,8,0.31,2024,https://www.transfermarkt.com/campeonato-brasileiro-serie-a/suenderkartei/wettbewerb/BRA1/saison_id/2024/plus/1/page/3
Derik Lacerda,Centre-Forward,Sport Club do Recife,Brazil,17,1,8,-,-,-,8,0.47,2024,https://www.transfermarkt.com/campeonato-brasileiro-serie-a/suenderkartei/wettbewerb/BRA1/saison_id/2024/plus/1/page/3
Facundo Bernal,Defensive Midfield,Fluminense Football Club,Uruguay,22,1,8,-,-,-,8,0.36,2024,https://www.transfermarkt.com/campeonato-brasileiro-serie-a/suenderkartei/wettbewerb/BRA1/saison_id/2024/plus/1/page/3
Neymar,Attacking Midfield,Santos FC,Brazil,20,1,5,1,-,1,8,0.30,2024,https://www.transfermarkt.com/campeonato-brasileiro-serie-a/suenderkartei/wettbewerb/BRA1/saison_id/2024/plus/1/page/3
Gonzalo Escobar,Left-Back,Santos FC,Argentina,30,1,5,1,-,1,8,0.20,2024,https://www.transfermarkt.com/campeonato-brasileiro-serie-a/suenderkartei/wettbewerb/BRA1/saison_id/2024/plus/1/page/3
Pedro Augusto,Central Midfield,,Brazil,14,1,5,1,-,1,8,0.43,2024,https://www.transfermarkt.com/campeonato-brasileiro-serie-a/suenderkartei/wettbewerb/BRA1/saison_id/2024/plus/1/page/3
Mandaca,Central Midfield,Esporte Clube Juventude,Brazil,32,1,5,1,-,1,8,0.19,2024,https://www.transfermarkt.com/campeonato-brasileiro-serie-a/suenderkartei/wettbewerb/BRA1/saison_id/2024/plus/1/page/3
Marinho,Right Winger,Fortaleza Esporte Clube,Brazil,17,-,3,-,1,1,8,0.24,2024,https://www.transfermarkt.com/campeonato-brasileiro-serie-a/suenderkartei/wettbewerb/BRA1/saison_id/2024/plus/1/page/3
Philippe Coutinho,Attacking Midfield,Clube de Regatas Vasco da Gama,Brazil,30,-,3,-,1,1,8,0.13,2024,https://www.transfermarkt.com/campeonato-brasileiro-serie-a/suenderkartei/wettbewerb/BRA1/saison_id/2024/plus/1/page/4
Vina,Attacking Midfield,Ceará Sporting Club,Brazil,16,-,3,-,1,1,8,0.25,2024,https://www.transfermarkt.com/campeonato-brasileiro-serie-a/suenderkartei/wettbewerb/BRA1/saison_id/2024/plus/1/page/4
Vitor Hugo,Centre-Back,Clube Atlético Mineiro,Brazil,23,-,3,-,1,1,8,0.17,2024,https://www.transfermarkt.com/campeonato-brasileiro-serie-a/suenderkartei/wettbewerb/BRA1/saison_id/2024/plus/1/page/4
Ángel Romero,Right Winger,Sport Club Corinthians Paulista,Paraguay,27,-,3,-,1,1,8,0.15,2024,https://www.transfermarkt.com/campeonato-brasileiro-serie-a/suenderkartei/wettbewerb/BRA1/saison_id/2024/plus/1/page/4
Rafael Santos Borré,Centre-Forward,Sport Club Internacional,Colombia,30,-,3,-,1,1,8,0.13,2024,https://www.transfermarkt.com/campeonato-brasileiro-serie-a/suenderkartei/wettbewerb/BRA1/saison_id/2024/plus/1/page/4
Benjamín Kuscevic,Centre-Back,Fortaleza Esporte Clube,Chile,20,-,3,-,1,1,8,0.20,2024,https://www.transfermarkt.com/campeonato-brasileiro-serie-a/suenderkartei/wettbewerb/BRA1/saison_id/2024/plus/1/page/4
Arthur Melo,Defensive Midfield,Grêmio Foot-Ball Porto Alegrense,Brazil,13,-,3,-,1,1,8,0.31,2024,https://www.transfermarkt.com/campeonato-brasileiro-serie-a/suenderkartei/wettbewerb/BRA1/saison_id/2024/plus/1/page/4
David,Left Winger,Clube de Regatas Vasco da Gama,Brazil,24,-,3,-,1,1,8,0.17,2024,https://www.transfermarkt.com/campeonato-brasileiro-serie-a/suenderkartei/wettbewerb/BRA1/saison_id/2024/plus/1/page/4
Charles,Defensive Midfield,Sport Club Corinthians Paulista,Brazil,17,-,3,-,1,1,8,0.24,2024,https://www.transfermarkt.com/campeonato-brasileiro-serie-a/suenderkartei/wettbewerb/BRA1/saison_id/2024/plus/1/page/4
Tomás Cuello,Left Winger,Clube Atlético Mineiro,Argentina,16,-,3,-,1,1,8,0.25,2024,https://www.transfermarkt.com/campeonato-brasileiro-serie-a/suenderkartei/wettbewerb/BRA1/saison_id/2024/plus/1/page/4
Carlos Vinícius,Centre-Forward,Grêmio Foot-Ball Porto Alegrense,Brazil,14,-,3,-,1,1,8,0.29,2024,https://www.transfermarkt.com/campeonato-brasileiro-serie-a/suenderkartei/wettbewerb/BRA1/saison_id/2024/plus/1/page/4
Igor Gomes,Attacking Midfield,Clube Atlético Mineiro,Brazil,34,-,3,-,1,1,8,0.12,2024,https://www.transfermarkt.com/campeonato-brasileiro-serie-a/suenderkartei/wettbewerb/BRA1/saison_id/2024/plus/1/page/4
Pepê,Central Midfield,Esporte Clube Vitória,Brazil,14,-,3,-,1,1,8,0.29,2024,https://www.transfermarkt.com/campeonato-brasileiro-serie-a/suenderkartei/wettbewerb/BRA1/saison_id/2024/plus/1/page/4
João Schmidt,Defensive Midfield,Santos FC,Brazil,31,1,7,-,-,-,7,0.23,2024,https://www.transfermarkt.com/campeonato-brasileiro-serie-a/suenderkartei/wettbewerb/BRA1/saison_id/2024/plus/1/page/4
Erick Pulgar,Defensive Midfield,CR Flamengo,Chile,17,1,7,-,-,-,7,0.41,2024,https://www.transfermarkt.com/campeonato-brasileiro-serie-a/suenderkartei/wettbewerb/BRA1/saison_id/2024/plus/1/page/4
Matheus Pereira,Attacking Midfield,Cruzeiro Esporte Clube,Brazil,34,1,7,-,-,-,7,0.21,2024,https://www.transfermarkt.com/campeonato-brasileiro-serie-a/suenderkartei/wettbewerb/BRA1/saison_id/2024/plus/1/page/4
Gabriel Barbosa,Centre-Forward,Cruzeiro Esporte Clube,Brazil,30,1,7,-,-,-,7,0.23,2024,https://www.transfermarkt.com/campeonato-brasileiro-serie-a/suenderkartei/wettbewerb/BRA1/saison_id/2024/plus/1/page/4
Guilherme Arana,Left-Back,Clube Atlético Mineiro,Brazil,25,1,7,-,-,-,7,0.28,2024,https://www.transfermarkt.com/campeonato-brasileiro-serie-a/suenderkartei/wettbewerb/BRA1/saison_id/2024/plus/1/page/4
Cristian Pavón,Right Winger,Grêmio Foot-Ball Porto Alegrense,Argentina,28,1,7,-,-,-,7,0.25,2024,https://www.transfermarkt.com/campeonato-brasileiro-serie-a/suenderkartei/wettbewerb/BRA1/saison_id/2024/plus/1/page/4
Benjamín Rollheiser,Right Winger,Santos FC,Argentina,36,1,7,-,-,-,7,0.19,2024,https://www.transfermarkt.com/campeonato-brasileiro-serie-a/suenderkartei/wettbewerb/BRA1/saison_id/2024/plus/1/page/4
Alan Franco,Centre-Back,São Paulo Futebol Clube,Argentina,29,1,7,-,-,-,7,0.24,2024,https://www.transfermarkt.com/campeonato-brasileiro-serie-a/suenderkartei/wettbewerb/BRA1/saison_id/2024/plus/1/page/4
Ademir,Right Winger,Esporte Clube Bahia,Brazil,30,1,7,-,-,-,7,0.23,2024,https://www.transfermarkt.com/campeonato-brasileiro-serie-a/suenderkartei/wettbewerb/BRA1/saison_id/2024/plus/1/page/4
Raniele,Defensive Midfield,Sport Club Corinthians Paulista,Brazil,30,1,7,-,-,-,7,0.23,2024,https://www.transfermarkt.com/campeonato-brasileiro-serie-a/suenderkartei/wettbewerb/BRA1/saison_id/2024/plus/1/page/4
Gabriel Taliari,Centre-Forward,Esporte Clube Juventude,Brazil,34,1,7,-,-,-,7,0.21,2024,https://www.transfermarkt.com/campeonato-brasileiro-serie-a/suenderkartei/wettbewerb/BRA1/saison_id/2024/plus/1/page/4
Willian Machado,Centre-Back,Ceará Sporting Club,Brazil,36,1,7,-,-,-,7,0.19,2024,https://www.transfermarkt.com/campeonato-brasileiro-serie-a/suenderkartei/wettbewerb/BRA1/saison_id/2024/plus/1/page/4
Camutanga,Centre-Back,Esporte Clube Vitória,Brazil,15,1,7,-,-,-,7,0.47,2024,https://www.transfermarkt.com/campeonato-brasileiro-serie-a/suenderkartei/wettbewerb/BRA1/saison_id/2024/plus/1/page/5
Ronald,Defensive Midfield,Esporte Clube Vitória,Brazil,29,1,7,-,-,-,7,0.24,2024,https://www.transfermarkt.com/campeonato-brasileiro-serie-a/suenderkartei/wettbewerb/BRA1/saison_id/2024/plus/1/page/5
Ramon Menezes,Centre-Back,,Brazil,23,-,4,1,-,1,7,0.22,2024,https://www.transfermarkt.com/campeonato-brasileiro-serie-a/suenderkartei/wettbewerb/BRA1/saison_id/2024/plus/1/page/5
Danilo,Centre-Back,CR Flamengo,Brazil,20,-,2,-,1,1,7,0.15,2024,https://www.transfermarkt.com/campeonato-brasileiro-serie-a/suenderkartei/wettbewerb/BRA1/saison_id/2024/plus/1/page/5
Carlinhos,Centre-Forward,Esporte Clube Vitória,Brazil,6,-,2,-,1,1,7,0.50,2024,https://www.transfermarkt.com/campeonato-brasileiro-serie-a/suenderkartei/wettbewerb/BRA1/saison_id/2024/plus/1/page/5
Brenno,Goalkeeper,Fortaleza Esporte Clube,Brazil,15,-,2,-,1,1,7,0.20,2024,https://www.transfermarkt.com/campeonato-brasileiro-serie-a/suenderkartei/wettbewerb/BRA1/saison_id/2024/plus/1/page/5
José Andrés Hurtado,Right-Back,Red Bull Bragantino,Ecuador,28,-,2,-,1,1,7,0.11,2024,https://www.transfermarkt.com/campeonato-brasileiro-serie-a/suenderkartei/wettbewerb/BRA1/saison_id/2024/plus/1/page/5
Evertton Araújo,Defensive Midfield,CR Flamengo,Brazil,18,-,2,-,1,1,7,0.17,2024,https://www.transfermarkt.com/campeonato-brasileiro-serie-a/suenderkartei/wettbewerb/BRA1/saison_id/2024/plus/1/page/5
Hudson,Defensive Midfield,Esporte Clube Juventude,Brazil,4,-,2,-,1,1,7,0.75,2024,https://www.transfermarkt.com/campeonato-brasileiro-serie-a/suenderkartei/wettbewerb/BRA1/saison_id/2024/plus/1/page/5
Gustavo Mancha,Centre-Back,Fortaleza Esporte Clube,Brazil,13,-,2,-,1,1,7,0.23,2024,https://www.transfermarkt.com/campeonato-brasileiro-serie-a/suenderkartei/wettbewerb/BRA1/saison_id/2024/plus/1/page/5
Alan Patrick,Attacking Midfield,Sport Club Internacional,Brazil,30,1,6,-,-,-,6,0.20,2024,https://www.transfermarkt.com/campeonato-brasileiro-serie-a/suenderkartei/wettbewerb/BRA1/saison_id/2024/plus/1/page/5
Raúl Cáceres,Right-Back,Esporte Clube Vitória,Paraguay,20,1,6,-,-,-,6,0.30,2024,https://www.transfermarkt.com/campeonato-brasileiro-serie-a/suenderkartei/wettbewerb/BRA1/saison_id/2024/plus/1/page/5
Juan Martín Lucero,Centre-Forward,Fortaleza Esporte Clube,Argentina,27,1,6,-,-,-,6,0.22,2024,https://www.transfermarkt.com/campeonato-brasileiro-serie-a/suenderkartei/wettbewerb/BRA1/saison_id/2024/plus/1/page/5
Edenilson,Central Midfield,Grêmio Foot-Ball Porto Alegrense,Brazil,31,1,6,-,-,-,6,0.19,2024,https://www.transfermarkt.com/campeonato-brasileiro-serie-a/suenderkartei/wettbewerb/BRA1/saison_id/2024/plus/1/page/5
Zé Rafael,Central Midfield,Santos FC,Brazil,27,1,6,-,-,-,6,0.22,2024,https://www.transfermarkt.com/campeonato-brasileiro-serie-a/suenderkartei/wettbewerb/BRA1/saison_id/2024/plus/1/page/5
Reinaldo,Left-Back,Mirassol Futebol Clube (SP),Brazil,34,1,6,-,-,-,6,0.18,2024,https://www.transfermarkt.com/campeonato-brasileiro-serie-a/suenderkartei/wettbewerb/BRA1/saison_id/2024/plus/1/page/5
Alisson,Central Midfield,São Paulo Futebol Clube,Brazil,31,1,6,-,-,-,6,0.19,2024,https://www.transfermarkt.com/campeonato-brasileiro-serie-a/suenderkartei/wettbewerb/BRA1/saison_id/2024/plus/1/page/5
Gilberto,Right-Back,Esporte Clube Bahia,Brazil,23,1,6,-,-,-,6,0.26,2024,https://www.transfermarkt.com/campeonato-brasileiro-serie-a/suenderkartei/wettbewerb/BRA1/saison_id/2024/plus/1/page/5
Zé Marcos,Centre-Back,Esporte Clube Vitória,Brazil,28,1,6,-,-,-,6,0.21,2024,https://www.transfermarkt.com/campeonato-brasileiro-serie-a/suenderkartei/wettbewerb/BRA1/saison_id/2024/plus/1/page/5
Pedro Henrique,Centre-Back,Red Bull Bragantino,Brazil,31,1,6,-,-,-,6,0.19,2024,https://www.transfermarkt.com/campeonato-brasileiro-serie-a/suenderkartei/wettbewerb/BRA1/saison_id/2024/plus/1/page/5
Luan Peres,Centre-Back,Santos FC,Brazil,24,1,6,-,-,-,6,0.25,2024,https://www.transfermarkt.com/campeonato-brasileiro-serie-a/suenderkartei/wettbewerb/BRA1/saison_id/2024/plus/1/page/5
Emmanuel Martínez,Attacking Midfield,Fortaleza Esporte Clube,Argentina,14,1,6,-,-,-,6,0.43,2024,https://www.transfermarkt.com/campeonato-brasileiro-serie-a/suenderkartei/wettbewerb/BRA1/saison_id/2024/plus/1/page/5
Agustín Canobbio,Right Winger,Fluminense Football Club,Uruguay,30,1,6,-,-,-,6,0.20,2024,https://www.transfermarkt.com/campeonato-brasileiro-serie-a/suenderkartei/wettbewerb/BRA1/saison_id/2024/plus/1/page/5
Murilo,Centre-Back,Sociedade Esportiva Palmeiras,Brazil,20,1,6,-,-,-,6,0.30,2024,https://www.transfermarkt.com/campeonato-brasileiro-serie-a/suenderkartei/wettbewerb/BRA1/saison_id/2024/plus/1/page/5
Santiago Rodríguez,Attacking Midfield,Botafogo de Futebol e Regatas,Uruguay,26,1,6,-,-,-,6,0.23,2024,https://www.transfermarkt.com/campeonato-brasileiro-serie-a/suenderkartei/wettbewerb/BRA1/saison_id/2024/plus/1/page/5
Cleiton,Goalkeeper,Red Bull Bragantino,Brazil,34,1,6,-,-,-,6,0.18,2024,https://www.transfermarkt.com/campeonato-brasileiro-serie-a/suenderkartei/wettbewerb/BRA1/saison_id/2024/plus/1/page/6
Pedro Raul,Centre-Forward,Ceará Sporting Club,Brazil,34,1,6,-,-,-,6,0.18,2024,https://www.transfermarkt.com/campeonato-brasileiro-serie-a/suenderkartei/wettbewerb/BRA1/saison_id/2024/plus/1/page/6
Rodrigo Garro,Attacking Midfield,Sport Club Corinthians Paulista,Argentina,19,1,6,-,-,-,6,0.32,2024,https://www.transfermarkt.com/campeonato-brasileiro-serie-a/suenderkartei/wettbewerb/BRA1/saison_id/2024/plus/1/page/6
Nicolás Acevedo,Defensive Midfield,Esporte Clube Bahia,Uruguay,32,1,6,-,-,-,6,0.19,2024,https://www.transfermarkt.com/campeonato-brasileiro-serie-a/suenderkartei/wettbewerb/BRA1/saison_id/2024/plus/1/page/6
Aldo Filho,Central Midfield,Mirassol Futebol Clube (SP),Brazil,30,1,6,-,-,-,6,0.20,2024,https://www.transfermarkt.com/campeonato-brasileiro-serie-a/suenderkartei/wettbewerb/BRA1/saison_id/2024/plus/1/page/6
Isidro Pitta,Centre-Forward,Red Bull Bragantino,Paraguay,24,1,6,-,-,-,6,0.25,2024,https://www.transfermarkt.com/campeonato-brasileiro-serie-a/suenderkartei/wettbewerb/BRA1/saison_id/2024/plus/1/page/6
Matheus Bahia,Left-Back,Ceará Sporting Club,Brazil,28,1,6,-,-,-,6,0.21,2024,https://www.transfermarkt.com/campeonato-brasileiro-serie-a/suenderkartei/wettbewerb/BRA1/saison_id/2024/plus/1/page/6
Martinelli,Defensive Midfield,Fluminense Football Club,Brazil,33,1,6,-,-,-,6,0.18,2024,https://www.transfermarkt.com/campeonato-brasileiro-serie-a/suenderkartei/wettbewerb/BRA1/saison_id/2024/plus/1/page/6
Damián Bobadilla,Central Midfield,São Paulo Futebol Clube,Paraguay,31,1,6,-,-,-,6,0.19,2024,https://www.transfermarkt.com/campeonato-brasileiro-serie-a/suenderkartei/wettbewerb/BRA1/saison_id/2024/plus/1/page/6
Eros Mancuso,Right-Back,Fortaleza Esporte Clube,Argentina,30,1,6,-,-,-,6,0.20,2024,https://www.transfermarkt.com/campeonato-brasileiro-serie-a/suenderkartei/wettbewerb/BRA1/saison_id/2024/plus/1/page/6
Alysson,Right Winger,Grêmio Foot-Ball Porto Alegrense,Brazil,31,1,6,-,-,-,6,0.19,2024,https://www.transfermarkt.com/campeonato-brasileiro-serie-a/suenderkartei/wettbewerb/BRA1/saison_id/2024/plus/1/page/6
Everton Ribeiro,Attacking Midfield,Esporte Clube Bahia,Brazil,31,-,3,1,-,1,6,0.13,2024,https://www.transfermarkt.com/campeonato-brasileiro-serie-a/suenderkartei/wettbewerb/BRA1/saison_id/2024/plus/1/page/6
Wallace Yan,Centre-Forward,CR Flamengo,Brazil,17,-,3,1,-,1,6,0.24,2024,https://www.transfermarkt.com/campeonato-brasileiro-serie-a/suenderkartei/wettbewerb/BRA1/saison_id/2024/plus/1/page/6
Eduardo,Attacking Midfield,Cruzeiro Esporte Clube,Brazil,29,-,1,-,1,1,6,0.07,2024,https://www.transfermarkt.com/campeonato-brasileiro-serie-a/suenderkartei/wettbewerb/BRA1/saison_id/2024/plus/1/page/6
Emiliano Rigoni,Right Winger,São Paulo Futebol Clube,Argentina,10,-,1,-,1,1,6,0.20,2024,https://www.transfermarkt.com/campeonato-brasileiro-serie-a/suenderkartei/wettbewerb/BRA1/saison_id/2024/plus/1/page/6
Neris,Centre-Back,Esporte Clube Vitória,Brazil,10,-,1,-,1,1,6,0.20,2024,https://www.transfermarkt.com/campeonato-brasileiro-serie-a/suenderkartei/wettbewerb/BRA1/saison_id/2024/plus/1/page/6
Matheusinho,Attacking Midfield,Sport Club do Recife,Brazil,25,-,1,-,1,1,6,0.08,2024,https://www.transfermarkt.com/campeonato-brasileiro-serie-a/suenderkartei/wettbewerb/BRA1/saison_id/2024/plus/1/page/6
Chris Ramos,Centre-Forward,Botafogo de Futebol e Regatas,Spain,13,-,1,-,1,1,6,0.15,2024,https://www.transfermarkt.com/campeonato-brasileiro-serie-a/suenderkartei/wettbewerb/BRA1/saison_id/2024/plus/1/page/6
Ignácio,Centre-Back,Fluminense Football Club,Brazil,19,-,1,-,1,1,6,0.11,2024,https://www.transfermarkt.com/campeonato-brasileiro-serie-a/suenderkartei/wettbewerb/BRA1/saison_id/2024/plus/1/page/6
Igor Formiga,Right-Back,Esporte Clube Juventude,Brazil,19,-,1,-,1,1,6,0.11,2024,https://www.transfermarkt.com/campeonato-brasileiro-serie-a/suenderkartei/wettbewerb/BRA1/saison_id/2024/plus/1/page/6
Agustín Giay,Right-Back,Sociedade Esportiva Palmeiras,Argentina,29,-,1,-,1,1,6,0.07,2024,https://www.transfermarkt.com/campeonato-brasileiro-serie-a/suenderkartei/wettbewerb/BRA1/saison_id/2024/plus/1/page/6
Cipriano,Centre-Back,Esporte Clube Juventude,Brazil,3,-,1,-,1,1,6,0.67,2024,https://www.transfermarkt.com/campeonato-brasileiro-serie-a/suenderkartei/wettbewerb/BRA1/saison_id/2024/plus/1/page/6
Jonathan Jesus,Centre-Back,Cruzeiro Esporte Clube,Brazil,13,-,1,-,1,1,6,0.15,2024,https://www.transfermarkt.com/campeonato-brasileiro-serie-a/suenderkartei/wettbewerb/BRA1/saison_id/2024/plus/1/page/6
Cássio,Goalkeeper,Cruzeiro Esporte Clube,Brazil,35,1,5,-,-,-,5,0.14,2024,https://www.transfermarkt.com/campeonato-brasileiro-serie-a/suenderkartei/wettbewerb/BRA1/saison_id/2024/plus/1/page/6
Aderlan,Right-Back,,Brazil,16,1,5,-,-,-,5,0.31,2024,https://www.transfermarkt.com/campeonato-brasileiro-serie-a/suenderkartei/wettbewerb/BRA1/saison_id/2024/plus/1/page/6
Jorginho,Defensive Midfield,CR Flamengo,Italy,18,1,5,-,-,-,5,0.28,2024,https://www.transfermarkt.com/campeonato-brasileiro-serie-a/suenderkartei/wettbewerb/BRA1/saison_id/2024/plus/1/page/7
Sérgio Oliveira,Central Midfield,Sport Club do Recife,Portugal,19,1,5,-,-,-,5,0.26,2024,https://www.transfermarkt.com/campeonato-brasileiro-serie-a/suenderkartei/wettbewerb/BRA1/saison_id/2024/plus/1/page/7
Marçal,Left-Back,Botafogo de Futebol e Regatas,Brazil,15,1,5,-,-,-,5,0.33,2024,https://www.transfermarkt.com/campeonato-brasileiro-serie-a/suenderkartei/wettbewerb/BRA1/saison_id/2024/plus/1/page/7
Lucas Mugni,Attacking Midfield,Ceará Sporting Club,Argentina,33,1,5,-,-,-,5,0.15,2024,https://www.transfermarkt.com/campeonato-brasileiro-serie-a/suenderkartei/wettbewerb/BRA1/saison_id/2024/plus/1/page/7
Gilberto,Centre-Forward,Esporte Clube Juventude,Brazil,23,1,5,-,-,-,5,0.22,2024,https://www.transfermarkt.com/campeonato-brasileiro-serie-a/suenderkartei/wettbewerb/BRA1/saison_id/2024/plus/1/page/7
Wilker Ángel,Centre-Back,Esporte Clube Juventude,Venezuela,18,1,5,-,-,-,5,0.28,2024,https://www.transfermarkt.com/campeonato-brasileiro-serie-a/suenderkartei/wettbewerb/BRA1/saison_id/2024/plus/1/page/7
Samuel Xavier,Right-Back,Fluminense Football Club,Brazil,29,1,5,-,-,-,5,0.17,2024,https://www.transfermarkt.com/campeonato-brasileiro-serie-a/suenderkartei/wettbewerb/BRA1/saison_id/2024/plus/1/page/7
Gustavo Henrique,Centre-Back,Sport Club Corinthians Paulista,Brazil,23,1,5,-,-,-,5,0.22,2024,https://www.transfermarkt.com/campeonato-brasileiro-serie-a/suenderkartei/wettbewerb/BRA1/saison_id/2024/plus/1/page/7
Alex Santana,Central Midfield,,Brazil,11,1,5,-,-,-,5,0.45,2024,https://www.transfermarkt.com/campeonato-brasileiro-serie-a/suenderkartei/wettbewerb/BRA1/saison_id/2024/plus/1/page/7
Walter,Goalkeeper,Mirassol Futebol Clube (SP),Brazil,31,1,5,-,-,-,5,0.16,2024,https://www.transfermarkt.com/campeonato-brasileiro-serie-a/suenderkartei/wettbewerb/BRA1/saison_id/2024/plus/1/page/7
Léo Pereira,Centre-Back,CR Flamengo,Brazil,34,1,5,-,-,-,5,0.15,2024,https://www.transfermarkt.com/campeonato-brasileiro-serie-a/suenderkartei/wettbewerb/BRA1/saison_id/2024/plus/1/page/7
Luciano Acosta,Attacking Midfield,Fluminense Football Club,Argentina,16,1,5,-,-,-,5,0.31,2024,https://www.transfermarkt.com/campeonato-brasileiro-serie-a/suenderkartei/wettbewerb/BRA1/saison_id/2024/plus/1/page/7
Ayrton Lucas,Left-Back,CR Flamengo,Brazil,18,1,5,-,-,-,5,0.28,2024,https://www.transfermarkt.com/campeonato-brasileiro-serie-a/suenderkartei/wettbewerb/BRA1/saison_id/2024/plus/1/page/7
Juninho,Centre-Back,Sport Club Internacional,Brazil,20,1,5,-,-,-,5,0.25,2024,https://www.transfermarkt.com/campeonato-brasileiro-serie-a/suenderkartei/wettbewerb/BRA1/saison_id/2024/plus/1/page/7
Vitão,Centre-Back,Sport Club Internacional,Brazil,31,1,5,-,-,-,5,0.16,2024,https://www.transfermarkt.com/campeonato-brasileiro-serie-a/suenderkartei/wettbewerb/BRA1/saison_id/2024/plus/1/page/7
Bruno Pacheco,Left-Back,Fortaleza Esporte Clube,Brazil,15,1,5,-,-,-,5,0.33,2024,https://www.transfermarkt.com/campeonato-brasileiro-serie-a/suenderkartei/wettbewerb/BRA1/saison_id/2024/plus/1/page/7
Mathías Villasanti,Defensive Midfield,Grêmio Foot-Ball Porto Alegrense,Paraguay,16,1,5,-,-,-,5,0.31,2024,https://www.transfermarkt.com/campeonato-brasileiro-serie-a/suenderkartei/wettbewerb/BRA1/saison_id/2024/plus/1/page/7
Rodrigo Nestor,Central Midfield,Esporte Clube Bahia,Brazil,22,1,5,-,-,-,5,0.23,2024,https://www.transfermarkt.com/campeonato-brasileiro-serie-a/suenderkartei/wettbewerb/BRA1/saison_id/2024/plus/1/page/7
Breno Lopes,Left Winger,Fortaleza Esporte Clube,Brazil,32,1,5,-,-,-,5,0.16,2024,https://www.transfermarkt.com/campeonato-brasileiro-serie-a/suenderkartei/wettbewerb/BRA1/saison_id/2024/plus/1/page/7
Dieguinho,Defensive Midfield,Ceará Sporting Club,Brazil,32,1,5,-,-,-,5,0.16,2024,https://www.transfermarkt.com/campeonato-brasileiro-serie-a/suenderkartei/wettbewerb/BRA1/saison_id/2024/plus/1/page/7
Igor Vinícius,Right-Back,,Brazil,23,1,5,-,-,-,5,0.22,2024,https://www.transfermarkt.com/campeonato-brasileiro-serie-a/suenderkartei/wettbewerb/BRA1/saison_id/2024/plus/1/page/7
Ruan,Centre-Back,,Brazil,16,1,5,-,-,-,5,0.31,2024,https://www.transfermarkt.com/campeonato-brasileiro-serie-a/suenderkartei/wettbewerb/BRA1/saison_id/2024/plus/1/page/7
Bruno Fuchs,Centre-Back,Sociedade Esportiva Palmeiras,Brazil,27,1,5,-,-,-,5,0.19,2024,https://www.transfermarkt.com/campeonato-brasileiro-serie-a/suenderkartei/wettbewerb/BRA1/saison_id/2024/plus/1/page/7
André Silva,Centre-Forward,São Paulo Futebol Clube,Brazil,20,1,5,-,-,-,5,0.25,2024,https://www.transfermarkt.com/campeonato-brasileiro-serie-a/suenderkartei/wettbewerb/BRA1/saison_id/2024/plus/1/page/7
Ramon,Left-Back,,Brazil,23,1,5,-,-,-,5,0.22,2024,https://www.transfermarkt.com/campeonato-brasileiro-serie-a/suenderkartei/wettbewerb/BRA1/saison_id/2024/plus/1/page/7
Lucas Piton,Left-Back,Clube de Regatas Vasco da Gama,Italy,30,1,5,-,-,-,5,0.17,2024,https://www.transfermarkt.com/campeonato-brasileiro-serie-a/suenderkartei/wettbewerb/BRA1/saison_id/2024/plus/1/page/8
Claudinho,Right-Back,Esporte Clube Vitória,Brazil,15,1,5,-,-,-,5,0.33,2024,https://www.transfermarkt.com/campeonato-brasileiro-serie-a/suenderkartei/wettbewerb/BRA1/saison_id/2024/plus/1/page/8
Guzmán Rodríguez,Centre-Back,Red Bull Bragantino,Uruguay,23,1,5,-,-,-,5,0.22,2024,https://www.transfermarkt.com/campeonato-brasileiro-serie-a/suenderkartei/wettbewerb/BRA1/saison_id/2024/plus/1/page/8
Rodriguinho,Attacking Midfield,São Paulo Futebol Clube,Brazil,18,1,5,-,-,-,5,0.28,2024,https://www.transfermarkt.com/campeonato-brasileiro-serie-a/suenderkartei/wettbewerb/BRA1/saison_id/2024/plus/1/page/8
Newton,Defensive Midfield,Botafogo de Futebol e Regatas,Brazil,25,1,5,-,-,-,5,0.20,2024,https://www.transfermarkt.com/campeonato-brasileiro-serie-a/suenderkartei/wettbewerb/BRA1/saison_id/2024/plus/1/page/8
José Manuel López,Centre-Forward,Sociedade Esportiva Palmeiras,Argentina,33,1,5,-,-,-,5,0.15,2024,https://www.transfermarkt.com/campeonato-brasileiro-serie-a/suenderkartei/wettbewerb/BRA1/saison_id/2024/plus/1/page/8
Cauan Barros,Defensive Midfield,Clube de Regatas Vasco da Gama,Brazil,17,1,5,-,-,-,5,0.29,2024,https://www.transfermarkt.com/campeonato-brasileiro-serie-a/suenderkartei/wettbewerb/BRA1/saison_id/2024/plus/1/page/8
William,Right-Back,Cruzeiro Esporte Clube,Brazil,30,-,2,1,-,1,5,0.10,2024,https://www.transfermarkt.com/campeonato-brasileiro-serie-a/suenderkartei/wettbewerb/BRA1/saison_id/2024/plus/1/page/8
Jonathan Calleri,Centre-Forward,São Paulo Futebol Clube,Argentina,3,-,-,-,1,1,5,0.33,2024,https://www.transfermarkt.com/campeonato-brasileiro-serie-a/suenderkartei/wettbewerb/BRA1/saison_id/2024/plus/1/page/8
Gerson,Central Midfield,CR Flamengo,Brazil,9,-,-,-,1,1,5,0.11,2024,https://www.transfermarkt.com/campeonato-brasileiro-serie-a/suenderkartei/wettbewerb/BRA1/saison_id/2024/plus/1/page/8
Kanu,Centre-Back,Esporte Clube Bahia,Brazil,7,-,-,-,1,1,5,0.14,2024,https://www.transfermarkt.com/campeonato-brasileiro-serie-a/suenderkartei/wettbewerb/BRA1/saison_id/2024/plus/1/page/8
Pablo Roberto,Central Midfield,Fortaleza Esporte Clube,Brazil,5,-,-,-,1,1,5,0.20,2024,https://www.transfermarkt.com/campeonato-brasileiro-serie-a/suenderkartei/wettbewerb/BRA1/saison_id/2024/plus/1/page/8
Gonzalo Plata,Right Winger,CR Flamengo,Ecuador,28,-,-,-,1,1,5,0.04,2024,https://www.transfermarkt.com/campeonato-brasileiro-serie-a/suenderkartei/wettbewerb/BRA1/saison_id/2024/plus/1/page/8
Jeffinho,Left Winger,Botafogo de Futebol e Regatas,Brazil,17,-,-,-,1,1,5,0.06,2024,https://www.transfermarkt.com/campeonato-brasileiro-serie-a/suenderkartei/wettbewerb/BRA1/saison_id/2024/plus/1/page/8
Rodriguinho,Left Winger,,Brazil,5,-,-,-,1,1,5,0.20,2024,https://www.transfermarkt.com/campeonato-brasileiro-serie-a/suenderkartei/wettbewerb/BRA1/saison_id/2024/plus/1/page/8
Allan,Right Winger,Sociedade Esportiva Palmeiras,Brazil,28,-,-,-,1,1,5,0.04,2024,https://www.transfermarkt.com/campeonato-brasileiro-serie-a/suenderkartei/wettbewerb/BRA1/saison_id/2024/plus/1/page/8
Alisson,Left-Back,Sport Club Internacional,Brazil,1,-,-,-,1,1,5,1.00,2024,https://www.transfermarkt.com/campeonato-brasileiro-serie-a/suenderkartei/wettbewerb/BRA1/saison_id/2024/plus/1/page/8
Gabriel Mercado,Centre-Back,Sport Club Internacional,Argentina,14,-,4,-,-,-,4,0.29,2024,https://www.transfermarkt.com/campeonato-brasileiro-serie-a/suenderkartei/wettbewerb/BRA1/saison_id/2024/plus/1/page/8
Alex Sandro,Left-Back,CR Flamengo,Brazil,20,-,4,-,-,-,4,0.20,2024,https://www.transfermarkt.com/campeonato-brasileiro-serie-a/suenderkartei/wettbewerb/BRA1/saison_id/2024/plus/1/page/8
Robert Arboleda,Centre-Back,São Paulo Futebol Clube,Ecuador,24,-,4,-,-,-,4,0.17,2024,https://www.transfermarkt.com/campeonato-brasileiro-serie-a/suenderkartei/wettbewerb/BRA1/saison_id/2024/plus/1/page/8
Richardson,Defensive Midfield,Ceará Sporting Club,Brazil,16,-,4,-,-,-,4,0.25,2024,https://www.transfermarkt.com/campeonato-brasileiro-serie-a/suenderkartei/wettbewerb/BRA1/saison_id/2024/plus/1/page/8
Mayke,Right-Back,,Brazil,15,-,4,-,-,-,4,0.27,2024,https://www.transfermarkt.com/campeonato-brasileiro-serie-a/suenderkartei/wettbewerb/BRA1/saison_id/2024/plus/1/page/8
Memphis Depay,Centre-Forward,Sport Club Corinthians Paulista,Netherlands,23,-,4,-,-,-,4,0.17,2024,https://www.transfermarkt.com/campeonato-brasileiro-serie-a/suenderkartei/wettbewerb/BRA1/saison_id/2024/plus/1/page/8
Bernard,Left Winger,Clube Atlético Mineiro,Brazil,30,-,4,-,-,-,4,0.13,2024,https://www.transfermarkt.com/campeonato-brasileiro-serie-a/suenderkartei/wettbewerb/BRA1/saison_id/2024/plus/1/page/8
André Ramalho,Centre-Back,Sport Club Corinthians Paulista,Brazil,21,-,4,-,-,-,4,0.19,2024,https://www.transfermarkt.com/campeonato-brasileiro-serie-a/suenderkartei/wettbewerb/BRA1/saison_id/2024/plus/1/page/8
Deyverson,Centre-Forward,Fortaleza Esporte Clube,Brazil,27,-,4,-,-,-,4,0.15,2024,https://www.transfermarkt.com/campeonato-brasileiro-serie-a/suenderkartei/wettbewerb/BRA1/saison_id/2024/plus/1/page/9
Renzo López,Centre-Forward,Esporte Clube Vitória,Uruguay,23,-,4,-,-,-,4,0.17,2024,https://www.transfermarkt.com/campeonato-brasileiro-serie-a/suenderkartei/wettbewerb/BRA1/saison_id/2024/plus/1/page/9
Fabrizio Angileri,Left-Back,Sport Club Corinthians Paulista,Argentina,28,-,4,-,-,-,4,0.14,2024,https://www.transfermarkt.com/campeonato-brasileiro-serie-a/suenderkartei/wettbewerb/BRA1/saison_id/2024/plus/1/page/9
Danielzinho,Central Midfield,Mirassol Futebol Clube (SP),Brazil,37,-,4,-,-,-,4,0.11,2024,https://www.transfermarkt.com/campeonato-brasileiro-serie-a/suenderkartei/wettbewerb/BRA1/saison_id/2024/plus/1/page/9
Walace,Defensive Midfield,Cruzeiro Esporte Clube,Brazil,17,-,4,-,-,-,4,0.24,2024,https://www.transfermarkt.com/campeonato-brasileiro-serie-a/suenderkartei/wettbewerb/BRA1/saison_id/2024/plus/1/page/9
Aylon,Centre-Forward,Ceará Sporting Club,Brazil,23,-,4,-,-,-,4,0.17,2024,https://www.transfermarkt.com/campeonato-brasileiro-serie-a/suenderkartei/wettbewerb/BRA1/saison_id/2024/plus/1/page/9
Jorge Carrascal,Attacking Midfield,CR Flamengo,Colombia,16,-,4,-,-,-,4,0.25,2024,https://www.transfermarkt.com/campeonato-brasileiro-serie-a/suenderkartei/wettbewerb/BRA1/saison_id/2024/plus/1/page/9
David Duarte,Centre-Back,Esporte Clube Bahia,Brazil,25,-,4,-,-,-,4,0.16,2024,https://www.transfermarkt.com/campeonato-brasileiro-serie-a/suenderkartei/wettbewerb/BRA1/saison_id/2024/plus/1/page/9
Léo Ortiz,Centre-Back,CR Flamengo,Brazil,26,-,4,-,-,-,4,0.15,2024,https://www.transfermarkt.com/campeonato-brasileiro-serie-a/suenderkartei/wettbewerb/BRA1/saison_id/2024/plus/1/page/9
Nicolás de la Cruz,Central Midfield,CR Flamengo,Uruguay,19,-,4,-,-,-,4,0.21,2024,https://www.transfermarkt.com/campeonato-brasileiro-serie-a/suenderkartei/wettbewerb/BRA1/saison_id/2024/plus/1/page/9
Alan Franco,Central Midfield,Clube Atlético Mineiro,Ecuador,30,-,4,-,-,-,4,0.13,2024,https://www.transfermarkt.com/campeonato-brasileiro-serie-a/suenderkartei/wettbewerb/BRA1/saison_id/2024/plus/1/page/9
Juninho Capixaba,Left-Back,Red Bull Bragantino,Brazil,24,-,4,-,-,-,4,0.17,2024,https://www.transfermarkt.com/campeonato-brasileiro-serie-a/suenderkartei/wettbewerb/BRA1/saison_id/2024/plus/1/page/9
Maycon,Central Midfield,Sport Club Corinthians Paulista,Brazil,25,-,4,-,-,-,4,0.16,2024,https://www.transfermarkt.com/campeonato-brasileiro-serie-a/suenderkartei/wettbewerb/BRA1/saison_id/2024/plus/1/page/9
Francis Amuzu,Left Winger,Grêmio Foot-Ball Porto Alegrense,Ghana,22,-,4,-,-,-,4,0.18,2024,https://www.transfermarkt.com/campeonato-brasileiro-serie-a/suenderkartei/wettbewerb/BRA1/saison_id/2024/plus/1/page/9
Nuno Moreira,Right Winger,Clube de Regatas Vasco da Gama,Portugal,36,-,4,-,-,-,4,0.11,2024,https://www.transfermarkt.com/campeonato-brasileiro-serie-a/suenderkartei/wettbewerb/BRA1/saison_id/2024/plus/1/page/9
Marcos Antônio,Central Midfield,São Paulo Futebol Clube,Brazil,28,-,4,-,-,-,4,0.14,2024,https://www.transfermarkt.com/campeonato-brasileiro-serie-a/suenderkartei/wettbewerb/BRA1/saison_id/2024/plus/1/page/9
Lourenço,Central Midfield,Ceará Sporting Club,Brazil,33,-,4,-,-,-,4,0.12,2024,https://www.transfermarkt.com/campeonato-brasileiro-serie-a/suenderkartei/wettbewerb/BRA1/saison_id/2024/plus/1/page/9
Nonato,Central Midfield,Fluminense Football Club,Brazil,20,-,4,-,-,-,4,0.20,2024,https://www.transfermarkt.com/campeonato-brasileiro-serie-a/suenderkartei/wettbewerb/BRA1/saison_id/2024/plus/1/page/9
Cacá,Centre-Back,Sport Club Corinthians Paulista,Brazil,18,-,4,-,-,-,4,0.22,2024,https://www.transfermarkt.com/campeonato-brasileiro-serie-a/suenderkartei/wettbewerb/BRA1/saison_id/2024/plus/1/page/9
Gonzalo Tapia,Centre-Forward,São Paulo Futebol Clube,Chile,20,-,4,-,-,-,4,0.20,2024,https://www.transfermarkt.com/campeonato-brasileiro-serie-a/suenderkartei/wettbewerb/BRA1/saison_id/2024/plus/1/page/9
Vitinho,Left Winger,Sport Club Internacional,Brazil,27,-,4,-,-,-,4,0.15,2024,https://www.transfermarkt.com/campeonato-brasileiro-serie-a/suenderkartei/wettbewerb/BRA1/saison_id/2024/plus/1/page/9
Ferreirinha,Left Winger,São Paulo Futebol Clube,Brazil,28,-,4,-,-,-,4,0.14,2024,https://www.transfermarkt.com/campeonato-brasileiro-serie-a/suenderkartei/wettbewerb/BRA1/saison_id/2024/plus/1/page/9
Caio Alexandre,Defensive Midfield,Esporte Clube Bahia,Brazil,21,-,4,-,-,-,4,0.19,2024,https://www.transfermarkt.com/campeonato-brasileiro-serie-a/suenderkartei/wettbewerb/BRA1/saison_id/2024/plus/1/page/9
Richard Ríos,Defensive Midfield,Sociedade Esportiva Palmeiras,Colombia,10,-,4,-,-,-,4,0.40,2024,https://www.transfermarkt.com/campeonato-brasileiro-serie-a/suenderkartei/wettbewerb/BRA1/saison_id/2024/plus/1/page/9
Gabriel Xavier,Centre-Back,Esporte Clube Bahia,Brazil,13,-,4,-,-,-,4,0.31,2024,https://www.transfermarkt.com/campeonato-brasileiro-serie-a/suenderkartei/wettbewerb/BRA1/saison_id/2024/plus/1/page/9
Thiago Borbas,Centre-Forward,Red Bull Bragantino,Uruguay,19,-,4,-,-,-,4,0.21,2024,https://www.transfermarkt.com/campeonato-brasileiro-serie-a/suenderkartei/wettbewerb/BRA1/saison_id/2024/plus/1/page/10
Emerson Batalla,Right Winger,Esporte Clube Juventude,Colombia,22,-,4,-,-,-,4,0.18,2024,https://www.transfermarkt.com/campeonato-brasileiro-serie-a/suenderkartei/wettbewerb/BRA1/saison_id/2024/plus/1/page/10
Gastón Ávila,Centre-Back,Fortaleza Esporte Clube,Argentina,27,-,4,-,-,-,4,0.15,2024,https://www.transfermarkt.com/campeonato-brasileiro-serie-a/suenderkartei/wettbewerb/BRA1/saison_id/2024/plus/1/page/10
Matheus Babi,Centre-Forward,Esporte Clube Juventude,Brazil,20,-,4,-,-,-,4,0.20,2024,https://www.transfermarkt.com/campeonato-brasileiro-serie-a/suenderkartei/wettbewerb/BRA1/saison_id/2024/plus/1/page/10
Vanderlan,Left-Back,,Brazil,17,-,4,-,-,-,4,0.24,2024,https://www.transfermarkt.com/campeonato-brasileiro-serie-a/suenderkartei/wettbewerb/BRA1/saison_id/2024/plus/1/page/10
Braian Aguirre,Right-Back,Sport Club Internacional,Argentina,30,-,4,-,-,-,4,0.13,2024,https://www.transfermarkt.com/campeonato-brasileiro-serie-a/suenderkartei/wettbewerb/BRA1/saison_id/2024/plus/1/page/10
Micael,Centre-Back,Sociedade Esportiva Palmeiras,Brazil,16,-,4,-,-,-,4,0.25,2024,https://www.transfermarkt.com/campeonato-brasileiro-serie-a/suenderkartei/wettbewerb/BRA1/saison_id/2024/plus/1/page/10
Gustavo Martins,Centre-Back,Grêmio Foot-Ball Porto Alegrense,Brazil,19,-,4,-,-,-,4,0.21,2024,https://www.transfermarkt.com/campeonato-brasileiro-serie-a/suenderkartei/wettbewerb/BRA1/saison_id/2024/plus/1/page/10
Alix,Centre-Back,Red Bull Bragantino,Brazil,11,-,4,-,-,-,4,0.36,2024,https://www.transfermarkt.com/campeonato-brasileiro-serie-a/suenderkartei/wettbewerb/BRA1/saison_id/2024/plus/1/page/10
Cuiabano,Left-Back,Botafogo de Futebol e Regatas,Brazil,30,-,4,-,-,-,4,0.13,2024,https://www.transfermarkt.com/campeonato-brasileiro-serie-a/suenderkartei/wettbewerb/BRA1/saison_id/2024/plus/1/page/10
Pablo Maia,Defensive Midfield,São Paulo Futebol Clube,Brazil,25,-,4,-,-,-,4,0.16,2024,https://www.transfermarkt.com/campeonato-brasileiro-serie-a/suenderkartei/wettbewerb/BRA1/saison_id/2024/plus/1/page/10
Erick Pulga,Left Winger,Esporte Clube Bahia,Brazil,24,-,4,-,-,-,4,0.17,2024,https://www.transfermarkt.com/campeonato-brasileiro-serie-a/suenderkartei/wettbewerb/BRA1/saison_id/2024/plus/1/page/10
Vitor Roque,Centre-Forward,Sociedade Esportiva Palmeiras,Brazil,33,-,4,-,-,-,4,0.12,2024,https://www.transfermarkt.com/campeonato-brasileiro-serie-a/suenderkartei/wettbewerb/BRA1/saison_id/2024/plus/1/page/10
Wesley,Right-Back,CR Flamengo,Brazil,11,-,4,-,-,-,4,0.36,2024,https://www.transfermarkt.com/campeonato-brasileiro-serie-a/suenderkartei/wettbewerb/BRA1/saison_id/2024/plus/1/page/10
João Pedro Tchoca,Centre-Back,Sport Club Corinthians Paulista,Brazil,16,-,4,-,-,-,4,0.25,2024,https://www.transfermarkt.com/campeonato-brasileiro-serie-a/suenderkartei/wettbewerb/BRA1/saison_id/2024/plus/1/page/10
Rayan,Right Winger,Clube de Regatas Vasco da Gama,Brazil,34,-,4,-,-,-,4,0.12,2024,https://www.transfermarkt.com/campeonato-brasileiro-serie-a/suenderkartei/wettbewerb/BRA1/saison_id/2024/plus/1/page/10
Keny Arroyo,Right Winger,Cruzeiro Esporte Clube,Ecuador,13,-,4,-,-,-,4,0.31,2024,https://www.transfermarkt.com/campeonato-brasileiro-serie-a/suenderkartei/wettbewerb/BRA1/saison_id/2024/plus/1/page/10
Souza,Left-Back,Santos FC,Brazil,24,-,4,-,-,-,4,0.17,2024,https://www.transfermarkt.com/campeonato-brasileiro-serie-a/suenderkartei/wettbewerb/BRA1/saison_id/2024/plus/1/page/10
Iván Román,Centre-Back,Clube Atlético Mineiro,Chile,12,-,4,-,-,-,4,0.33,2024,https://www.transfermarkt.com/campeonato-brasileiro-serie-a/suenderkartei/wettbewerb/BRA1/saison_id/2024/plus/1/page/10
Zé Lucas,Defensive Midfield,Sport Club do Recife,Brazil,24,-,4,-,-,-,4,0.17,2024,https://www.transfermarkt.com/campeonato-brasileiro-serie-a/suenderkartei/wettbewerb/BRA1/saison_id/2024/plus/1/page/10
Bruno Henrique,Central Midfield,Sport Club Internacional,Brazil,29,-,1,1,-,1,4,0.07,2024,https://www.transfermarkt.com/campeonato-brasileiro-serie-a/suenderkartei/wettbewerb/BRA1/saison_id/2024/plus/1/page/10
Mateo Sanabria,Left Winger,Esporte Clube Bahia,Argentina,10,-,1,1,-,1,4,0.20,2024,https://www.transfermarkt.com/campeonato-brasileiro-serie-a/suenderkartei/wettbewerb/BRA1/saison_id/2024/plus/1/page/10
Nenê,Attacking Midfield,Esporte Clube Juventude,Brazil,25,-,3,-,-,-,3,0.12,2024,https://www.transfermarkt.com/campeonato-brasileiro-serie-a/suenderkartei/wettbewerb/BRA1/saison_id/2024/plus/1/page/10
Rafael,Goalkeeper,São Paulo Futebol Clube,Brazil,35,-,3,-,-,-,3,0.09,2024,https://www.transfermarkt.com/campeonato-brasileiro-serie-a/suenderkartei/wettbewerb/BRA1/saison_id/2024/plus/1/page/10
Osvaldo,Right Winger,Esporte Clube Vitória,Brazil,27,-,3,-,-,-,3,0.11,2024,https://www.transfermarkt.com/campeonato-brasileiro-serie-a/suenderkartei/wettbewerb/BRA1/saison_id/2024/plus/1/page/10
Gabriel,Goalkeeper,,Brazil,24,-,3,-,-,-,3,0.13,2024,https://www.transfermarkt.com/campeonato-brasileiro-serie-a/suenderkartei/wettbewerb/BRA1/saison_id/2024/plus/1/page/11
Martin Braithwaite,Centre-Forward,Grêmio Foot-Ball Porto Alegrense,Denmark,18,-,3,-,-,-,3,0.17,2024,https://www.transfermarkt.com/campeonato-brasileiro-serie-a/suenderkartei/wettbewerb/BRA1/saison_id/2024/plus/1/page/11
Gil,Centre-Back,Santos FC,Brazil,8,-,3,-,-,-,3,0.38,2024,https://www.transfermarkt.com/campeonato-brasileiro-serie-a/suenderkartei/wettbewerb/BRA1/saison_id/2024/plus/1/page/11
Tiquinho Soares,Centre-Forward,Santos FC,Brazil,27,-,3,-,-,-,3,0.11,2024,https://www.transfermarkt.com/campeonato-brasileiro-serie-a/suenderkartei/wettbewerb/BRA1/saison_id/2024/plus/1/page/11
Gustavo Cuéllar,Defensive Midfield,Grêmio Foot-Ball Porto Alegrense,Colombia,17,-,3,-,-,-,3,0.18,2024,https://www.transfermarkt.com/campeonato-brasileiro-serie-a/suenderkartei/wettbewerb/BRA1/saison_id/2024/plus/1/page/11
Santiago Arias,Right-Back,Esporte Clube Bahia,Colombia,21,-,3,-,-,-,3,0.14,2024,https://www.transfermarkt.com/campeonato-brasileiro-serie-a/suenderkartei/wettbewerb/BRA1/saison_id/2024/plus/1/page/11
Lucas Sasha,Defensive Midfield,Fortaleza Esporte Clube,Brazil,31,-,3,-,-,-,3,0.10,2024,https://www.transfermarkt.com/campeonato-brasileiro-serie-a/suenderkartei/wettbewerb/BRA1/saison_id/2024/plus/1/page/11
Willian José,Centre-Forward,Esporte Clube Bahia,Brazil,33,-,3,-,-,-,3,0.09,2024,https://www.transfermarkt.com/campeonato-brasileiro-serie-a/suenderkartei/wettbewerb/BRA1/saison_id/2024/plus/1/page/11
André Carrillo,Central Midfield,Sport Club Corinthians Paulista,Peru,22,-,3,-,-,-,3,0.14,2024,https://www.transfermarkt.com/campeonato-brasileiro-serie-a/suenderkartei/wettbewerb/BRA1/saison_id/2024/plus/1/page/11
Enner Valencia,Centre-Forward,Sport Club Internacional,Ecuador,14,-,3,-,-,-,3,0.21,2024,https://www.transfermarkt.com/campeonato-brasileiro-serie-a/suenderkartei/wettbewerb/BRA1/saison_id/2024/plus/1/page/11
Saúl Ñíguez,Central Midfield,CR Flamengo,Spain,16,-,3,-,-,-,3,0.19,2024,https://www.transfermarkt.com/campeonato-brasileiro-serie-a/suenderkartei/wettbewerb/BRA1/saison_id/2024/plus/1/page/11
Marllon,Centre-Back,Ceará Sporting Club,Brazil,25,-,3,-,-,-,3,0.12,2024,https://www.transfermarkt.com/campeonato-brasileiro-serie-a/suenderkartei/wettbewerb/BRA1/saison_id/2024/plus/1/page/11
Daniel Giraldo,Defensive Midfield,Esporte Clube Juventude,Colombia,15,-,3,-,-,-,3,0.20,2024,https://www.transfermarkt.com/campeonato-brasileiro-serie-a/suenderkartei/wettbewerb/BRA1/saison_id/2024/plus/1/page/11
Renê,Left-Back,Fluminense Football Club,Brazil,28,-,3,-,-,-,3,0.11,2024,https://www.transfermarkt.com/campeonato-brasileiro-serie-a/suenderkartei/wettbewerb/BRA1/saison_id/2024/plus/1/page/11
Óscar Romero,Attacking Midfield,Sport Club Internacional,Paraguay,17,-,3,-,-,-,3,0.18,2024,https://www.transfermarkt.com/campeonato-brasileiro-serie-a/suenderkartei/wettbewerb/BRA1/saison_id/2024/plus/1/page/11
Jair,Defensive Midfield,Clube de Regatas Vasco da Gama,Brazil,11,-,3,-,-,-,3,0.27,2024,https://www.transfermarkt.com/campeonato-brasileiro-serie-a/suenderkartei/wettbewerb/BRA1/saison_id/2024/plus/1/page/11
Giorgian de Arrascaeta,Attacking Midfield,CR Flamengo,Uruguay,33,-,3,-,-,-,3,0.09,2024,https://www.transfermarkt.com/campeonato-brasileiro-serie-a/suenderkartei/wettbewerb/BRA1/saison_id/2024/plus/1/page/11
Alex Telles,Left-Back,Botafogo de Futebol e Regatas,Brazil,27,-,3,-,-,-,3,0.11,2024,https://www.transfermarkt.com/campeonato-brasileiro-serie-a/suenderkartei/wettbewerb/BRA1/saison_id/2024/plus/1/page/11
Jemerson,Centre-Back,Grêmio Foot-Ball Porto Alegrense,Brazil,9,-,3,-,-,-,3,0.33,2024,https://www.transfermarkt.com/campeonato-brasileiro-serie-a/suenderkartei/wettbewerb/BRA1/saison_id/2024/plus/1/page/11
Daniel Borges,Right-Back,Mirassol Futebol Clube (SP),Brazil,16,-,3,-,-,-,3,0.19,2024,https://www.transfermarkt.com/campeonato-brasileiro-serie-a/suenderkartei/wettbewerb/BRA1/saison_id/2024/plus/1/page/11
Alex Muralha,Goalkeeper,Mirassol Futebol Clube (SP),Brazil,7,-,3,-,-,-,3,0.43,2024,https://www.transfermarkt.com/campeonato-brasileiro-serie-a/suenderkartei/wettbewerb/BRA1/saison_id/2024/plus/1/page/11
Rafael Ramos,Right-Back,Ceará Sporting Club,Portugal,20,-,3,-,-,-,3,0.15,2024,https://www.transfermarkt.com/campeonato-brasileiro-serie-a/suenderkartei/wettbewerb/BRA1/saison_id/2024/plus/1/page/11
Thiago Maia,Defensive Midfield,Sport Club Internacional,Brazil,31,-,3,-,-,-,3,0.10,2024,https://www.transfermarkt.com/campeonato-brasileiro-serie-a/suenderkartei/wettbewerb/BRA1/saison_id/2024/plus/1/page/11
Zé Welison,Defensive Midfield,Fortaleza Esporte Clube,Brazil,9,-,3,-,-,-,3,0.33,2024,https://www.transfermarkt.com/campeonato-brasileiro-serie-a/suenderkartei/wettbewerb/BRA1/saison_id/2024/plus/1/page/11
Gustavo Scarpa,Attacking Midfield,Clube Atlético Mineiro,Brazil,36,-,3,-,-,-,3,0.08,2024,https://www.transfermarkt.com/campeonato-brasileiro-serie-a/suenderkartei/wettbewerb/BRA1/saison_id/2024/plus/1/page/11
Pablo Vegetti,Centre-Forward,Clube de Regatas Vasco da Gama,Argentina,35,-,3,-,-,-,3,0.09,2024,https://www.transfermarkt.com/campeonato-brasileiro-serie-a/suenderkartei/wettbewerb/BRA1/saison_id/2024/plus/1/page/12
Yago Felipe,Central Midfield,,Brazil,19,-,3,-,-,-,3,0.16,2024,https://www.transfermarkt.com/campeonato-brasileiro-serie-a/suenderkartei/wettbewerb/BRA1/saison_id/2024/plus/1/page/12
Tomás Pochettino,Attacking Midfield,Fortaleza Esporte Clube,Argentina,26,-,3,-,-,-,3,0.12,2024,https://www.transfermarkt.com/campeonato-brasileiro-serie-a/suenderkartei/wettbewerb/BRA1/saison_id/2024/plus/1/page/12
Marcelo Hermes,Left-Back,Esporte Clube Juventude,Brazil,22,-,3,-,-,-,3,0.14,2024,https://www.transfermarkt.com/campeonato-brasileiro-serie-a/suenderkartei/wettbewerb/BRA1/saison_id/2024/plus/1/page/12
Ricardo Ryller,Defensive Midfield,Esporte Clube Vitória,Brazil,20,-,3,-,-,-,3,0.15,2024,https://www.transfermarkt.com/campeonato-brasileiro-serie-a/suenderkartei/wettbewerb/BRA1/saison_id/2024/plus/1/page/12
Matheus Fernandes,Defensive Midfield,Red Bull Bragantino,Brazil,20,-,3,-,-,-,3,0.15,2024,https://www.transfermarkt.com/campeonato-brasileiro-serie-a/suenderkartei/wettbewerb/BRA1/saison_id/2024/plus/1/page/12
Tchê Tchê,Central Midfield,Clube de Regatas Vasco da Gama,Brazil,29,-,3,-,-,-,3,0.10,2024,https://www.transfermarkt.com/campeonato-brasileiro-serie-a/suenderkartei/wettbewerb/BRA1/saison_id/2024/plus/1/page/12
Lima,Attacking Midfield,Fluminense Football Club,Brazil,28,-,3,-,-,-,3,0.11,2024,https://www.transfermarkt.com/campeonato-brasileiro-serie-a/suenderkartei/wettbewerb/BRA1/saison_id/2024/plus/1/page/12
Agustín Sant'Anna,Right-Back,Red Bull Bragantino,Uruguay,11,-,3,-,-,-,3,0.27,2024,https://www.transfermarkt.com/campeonato-brasileiro-serie-a/suenderkartei/wettbewerb/BRA1/saison_id/2024/plus/1/page/12
Renato Kayzer,Centre-Forward,,Brazil,30,-,3,-,-,-,3,0.10,2024,https://www.transfermarkt.com/campeonato-brasileiro-serie-a/suenderkartei/wettbewerb/BRA1/saison_id/2024/plus/1/page/12
Pedro,Centre-Forward,CR Flamengo,Brazil,21,-,3,-,-,-,3,0.14,2024,https://www.transfermarkt.com/campeonato-brasileiro-serie-a/suenderkartei/wettbewerb/BRA1/saison_id/2024/plus/1/page/12
Raphael Veiga,Attacking Midfield,Sociedade Esportiva Palmeiras,Brazil,25,-,3,-,-,-,3,0.12,2024,https://www.transfermarkt.com/campeonato-brasileiro-serie-a/suenderkartei/wettbewerb/BRA1/saison_id/2024/plus/1/page/12
Artur,Right Winger,Botafogo de Futebol e Regatas,Brazil,28,-,3,-,-,-,3,0.11,2024,https://www.transfermarkt.com/campeonato-brasileiro-serie-a/suenderkartei/wettbewerb/BRA1/saison_id/2024/plus/1/page/12
Fernandinho,Left Winger,Ceará Sporting Club,Brazil,22,-,3,-,-,-,3,0.14,2024,https://www.transfermarkt.com/campeonato-brasileiro-serie-a/suenderkartei/wettbewerb/BRA1/saison_id/2024/plus/1/page/12
Facundo Torres,Right Winger,Sociedade Esportiva Palmeiras,Uruguay,29,-,3,-,-,-,3,0.10,2024,https://www.transfermarkt.com/campeonato-brasileiro-serie-a/suenderkartei/wettbewerb/BRA1/saison_id/2024/plus/1/page/12
Nahuel Ferraresi,Centre-Back,São Paulo Futebol Clube,Venezuela,24,-,3,-,-,-,3,0.13,2024,https://www.transfermarkt.com/campeonato-brasileiro-serie-a/suenderkartei/wettbewerb/BRA1/saison_id/2024/plus/1/page/12
Vitinho,Right-Back,Botafogo de Futebol e Regatas,Brazil,36,-,3,-,-,-,3,0.08,2024,https://www.transfermarkt.com/campeonato-brasileiro-serie-a/suenderkartei/wettbewerb/BRA1/saison_id/2024/plus/1/page/12
Carlos Cuesta,Centre-Back,Clube de Regatas Vasco da Gama,Colombia,13,-,3,-,-,-,3,0.23,2024,https://www.transfermarkt.com/campeonato-brasileiro-serie-a/suenderkartei/wettbewerb/BRA1/saison_id/2024/plus/1/page/12
Gabriel Fuentes,Left-Back,Fluminense Football Club,Colombia,11,-,3,-,-,-,3,0.27,2024,https://www.transfermarkt.com/campeonato-brasileiro-serie-a/suenderkartei/wettbewerb/BRA1/saison_id/2024/plus/1/page/12
Michel Araújo,Right Winger,Esporte Clube Bahia,Uruguay,24,-,3,-,-,-,3,0.13,2024,https://www.transfermarkt.com/campeonato-brasileiro-serie-a/suenderkartei/wettbewerb/BRA1/saison_id/2024/plus/1/page/12
Yuri Alberto,Centre-Forward,Sport Club Corinthians Paulista,Brazil,26,-,3,-,-,-,3,0.12,2024,https://www.transfermarkt.com/campeonato-brasileiro-serie-a/suenderkartei/wettbewerb/BRA1/saison_id/2024/plus/1/page/12
Fausto Vera,Defensive Midfield,Clube Atlético Mineiro,Argentina,18,-,3,-,-,-,3,0.17,2024,https://www.transfermarkt.com/campeonato-brasileiro-serie-a/suenderkartei/wettbewerb/BRA1/saison_id/2024/plus/1/page/12
Jandrei,Goalkeeper,,Brazil,19,-,3,-,-,-,3,0.16,2024,https://www.transfermarkt.com/campeonato-brasileiro-serie-a/suenderkartei/wettbewerb/BRA1/saison_id/2024/plus/1/page/12
Igor Cariús,Left-Back,Sport Club do Recife,Brazil,28,-,3,-,-,-,3,0.11,2024,https://www.transfermarkt.com/campeonato-brasileiro-serie-a/suenderkartei/wettbewerb/BRA1/saison_id/2024/plus/1/page/12
Sabino,Centre-Back,São Paulo Futebol Clube,Brazil,30,-,3,-,-,-,3,0.10,2024,https://www.transfermarkt.com/campeonato-brasileiro-serie-a/suenderkartei/wettbewerb/BRA1/saison_id/2024/plus/1/page/12
Gregore,Defensive Midfield,Botafogo de Futebol e Regatas,Brazil,12,-,3,-,-,-,3,0.25,2024,https://www.transfermarkt.com/campeonato-brasileiro-serie-a/suenderkartei/wettbewerb/BRA1/saison_id/2024/plus/1/page/13
Matheus Henrique,Central Midfield,Cruzeiro Esporte Clube,Brazil,17,-,3,-,-,-,3,0.18,2024,https://www.transfermarkt.com/campeonato-brasileiro-serie-a/suenderkartei/wettbewerb/BRA1/saison_id/2024/plus/1/page/13
Praxedes,Central Midfield,Red Bull Bragantino,Brazil,15,-,3,-,-,-,3,0.20,2024,https://www.transfermarkt.com/campeonato-brasileiro-serie-a/suenderkartei/wettbewerb/BRA1/saison_id/2024/plus/1/page/13
Hugo Souza,Goalkeeper,Sport Club Corinthians Paulista,Brazil,26,-,3,-,-,-,3,0.12,2024,https://www.transfermarkt.com/campeonato-brasileiro-serie-a/suenderkartei/wettbewerb/BRA1/saison_id/2024/plus/1/page/13
Eric Ramires,Central Midfield,Red Bull Bragantino,Brazil,31,-,3,-,-,-,3,0.10,2024,https://www.transfermarkt.com/campeonato-brasileiro-serie-a/suenderkartei/wettbewerb/BRA1/saison_id/2024/plus/1/page/13
Fabinho,Defensive Midfield,Red Bull Bragantino,Brazil,28,-,3,-,-,-,3,0.11,2024,https://www.transfermarkt.com/campeonato-brasileiro-serie-a/suenderkartei/wettbewerb/BRA1/saison_id/2024/plus/1/page/13
Erick,Defensive Midfield,Esporte Clube Bahia,Brazil,16,-,3,-,-,-,3,0.19,2024,https://www.transfermarkt.com/campeonato-brasileiro-serie-a/suenderkartei/wettbewerb/BRA1/saison_id/2024/plus/1/page/13
Lucas Arcanjo,Goalkeeper,Esporte Clube Vitória,Brazil,29,-,3,-,-,-,3,0.10,2024,https://www.transfermarkt.com/campeonato-brasileiro-serie-a/suenderkartei/wettbewerb/BRA1/saison_id/2024/plus/1/page/13
Cristian Olivera,Right Winger,Grêmio Foot-Ball Porto Alegrense,Uruguay,22,-,3,-,-,-,3,0.14,2024,https://www.transfermarkt.com/campeonato-brasileiro-serie-a/suenderkartei/wettbewerb/BRA1/saison_id/2024/plus/1/page/13
Matheus Martins,Left Winger,Botafogo de Futebol e Regatas,Brazil,15,-,3,-,-,-,3,0.20,2024,https://www.transfermarkt.com/campeonato-brasileiro-serie-a/suenderkartei/wettbewerb/BRA1/saison_id/2024/plus/1/page/13
José Herrera,Right Winger,Fortaleza Esporte Clube,Argentina,19,-,3,-,-,-,3,0.16,2024,https://www.transfermarkt.com/campeonato-brasileiro-serie-a/suenderkartei/wettbewerb/BRA1/saison_id/2024/plus/1/page/13
João Victor,Centre-Back,Clube de Regatas Vasco da Gama,Brazil,16,-,3,-,-,-,3,0.19,2024,https://www.transfermarkt.com/campeonato-brasileiro-serie-a/suenderkartei/wettbewerb/BRA1/saison_id/2024/plus/1/page/13
Wagner Leonardo,Centre-Back,Grêmio Foot-Ball Porto Alegrense,Brazil,29,-,3,-,-,-,3,0.10,2024,https://www.transfermarkt.com/campeonato-brasileiro-serie-a/suenderkartei/wettbewerb/BRA1/saison_id/2024/plus/1/page/13
Luciano Juba,Left-Back,Esporte Clube Bahia,Brazil,35,-,3,-,-,-,3,0.09,2024,https://www.transfermarkt.com/campeonato-brasileiro-serie-a/suenderkartei/wettbewerb/BRA1/saison_id/2024/plus/1/page/13
Negueba,Right Winger,Mirassol Futebol Clube (SP),Brazil,33,-,3,-,-,-,3,0.09,2024,https://www.transfermarkt.com/campeonato-brasileiro-serie-a/suenderkartei/wettbewerb/BRA1/saison_id/2024/plus/1/page/13
Emiliano Martínez,Defensive Midfield,Sociedade Esportiva Palmeiras,Uruguay,25,-,3,-,-,-,3,0.12,2024,https://www.transfermarkt.com/campeonato-brasileiro-serie-a/suenderkartei/wettbewerb/BRA1/saison_id/2024/plus/1/page/13
Erick Noriega,Defensive Midfield,Grêmio Foot-Ball Porto Alegrense,Peru,14,-,3,-,-,-,3,0.21,2024,https://www.transfermarkt.com/campeonato-brasileiro-serie-a/suenderkartei/wettbewerb/BRA1/saison_id/2024/plus/1/page/13
Ênio,Left Winger,Esporte Clube Juventude,Brazil,26,-,3,-,-,-,3,0.12,2024,https://www.transfermarkt.com/campeonato-brasileiro-serie-a/suenderkartei/wettbewerb/BRA1/saison_id/2024/plus/1/page/13
Kevin Serna,Right Winger,Fluminense Football Club,Colombia,33,-,3,-,-,-,3,0.09,2024,https://www.transfermarkt.com/campeonato-brasileiro-serie-a/suenderkartei/wettbewerb/BRA1/saison_id/2024/plus/1/page/13
Lucas Freitas,Centre-Back,Clube de Regatas Vasco da Gama,Brazil,21,-,3,-,-,-,3,0.14,2024,https://www.transfermarkt.com/campeonato-brasileiro-serie-a/suenderkartei/wettbewerb/BRA1/saison_id/2024/plus/1/page/13
Mateo Ponte,Right-Back,Botafogo de Futebol e Regatas,Uruguay,21,-,3,-,-,-,3,0.14,2024,https://www.transfermarkt.com/campeonato-brasileiro-serie-a/suenderkartei/wettbewerb/BRA1/saison_id/2024/plus/1/page/13
Nathan Mendes,Right-Back,Red Bull Bragantino,Brazil,19,-,3,-,-,-,3,0.16,2024,https://www.transfermarkt.com/campeonato-brasileiro-serie-a/suenderkartei/wettbewerb/BRA1/saison_id/2024/plus/1/page/13
Kervin Andrade,Attacking Midfield,Fortaleza Esporte Clube,Venezuela,7,-,3,-,-,-,3,0.43,2024,https://www.transfermarkt.com/campeonato-brasileiro-serie-a/suenderkartei/wettbewerb/BRA1/saison_id/2024/plus/1/page/13
Janderson,Centre-Forward,Esporte Clube Vitória,Brazil,11,-,3,-,-,-,3,0.27,2024,https://www.transfermarkt.com/campeonato-brasileiro-serie-a/suenderkartei/wettbewerb/BRA1/saison_id/2024/plus/1/page/13
Alexsander,Defensive Midfield,Clube Atlético Mineiro,Brazil,14,-,3,-,-,-,3,0.21,2024,https://www.transfermarkt.com/campeonato-brasileiro-serie-a/suenderkartei/wettbewerb/BRA1/saison_id/2024/plus/1/page/13
André Henrique,Centre-Forward,Grêmio Foot-Ball Porto Alegrense,Brazil,25,-,3,-,-,-,3,0.12,2024,https://www.transfermarkt.com/campeonato-brasileiro-serie-a/suenderkartei/wettbewerb/BRA1/saison_id/2024/plus/1/page/14
Maik,Right-Back,São Paulo Futebol Clube,Brazil,9,-,3,-,-,-,3,0.33,2024,https://www.transfermarkt.com/campeonato-brasileiro-serie-a/suenderkartei/wettbewerb/BRA1/saison_id/2024/plus/1/page/14
Kevyson,Left-Back,,Brazil,10,-,3,-,-,-,3,0.30,2024,https://www.transfermarkt.com/campeonato-brasileiro-serie-a/suenderkartei/wettbewerb/BRA1/saison_id/2024/plus/1/page/14
Estêvão,Right Winger,Sociedade Esportiva Palmeiras,Brazil,11,-,3,-,-,-,3,0.27,2024,https://www.transfermarkt.com/campeonato-brasileiro-serie-a/suenderkartei/wettbewerb/BRA1/saison_id/2024/plus/1/page/14
Abner,Centre-Back,Esporte Clube Juventude,Brazil,19,-,3,-,-,-,3,0.16,2024,https://www.transfermarkt.com/campeonato-brasileiro-serie-a/suenderkartei/wettbewerb/BRA1/saison_id/2024/plus/1/page/14
JP Chermont,Right-Back,Santos FC,Brazil,5,-,3,-,-,-,3,0.60,2024,https://www.transfermarkt.com/campeonato-brasileiro-serie-a/suenderkartei/wettbewerb/BRA1/saison_id/2024/plus/1/page/14
Matheus Alves,Attacking Midfield,São Paulo Futebol Clube,Brazil,8,-,3,-,-,-,3,0.38,2024,https://www.transfermarkt.com/campeonato-brasileiro-serie-a/suenderkartei/wettbewerb/BRA1/saison_id/2024/plus/1/page/14
Jemmes,Centre-Back,Mirassol Futebol Clube (SP),Brazil,37,-,3,-,-,-,3,0.08,2024,https://www.transfermarkt.com/campeonato-brasileiro-serie-a/suenderkartei/wettbewerb/BRA1/saison_id/2024/plus/1/page/14
Luiz Gustavo,Centre-Back,,Brazil,5,-,3,-,-,-,3,0.60,2024,https://www.transfermarkt.com/campeonato-brasileiro-serie-a/suenderkartei/wettbewerb/BRA1/saison_id/2024/plus/1/page/14
Álvaro Montoro,Left Winger,Botafogo de Futebol e Regatas,Argentina,16,-,3,-,-,-,3,0.19,2024,https://www.transfermarkt.com/campeonato-brasileiro-serie-a/suenderkartei/wettbewerb/BRA1/saison_id/2024/plus/1/page/14
Luis Otávio,Defensive Midfield,Sport Club Internacional,Brazil,20,-,3,-,-,-,3,0.15,2024,https://www.transfermarkt.com/campeonato-brasileiro-serie-a/suenderkartei/wettbewerb/BRA1/saison_id/2024/plus/1/page/14
Gui Negão,Centre-Forward,Sport Club Corinthians Paulista,Brazil,22,-,3,-,-,-,3,0.14,2024,https://www.transfermarkt.com/campeonato-brasileiro-serie-a/suenderkartei/wettbewerb/BRA1/saison_id/2024/plus/1/page/14
Titi,Centre-Back,Fortaleza Esporte Clube,Brazil,3,-,-,1,-,1,3,0.33,2024,https://www.transfermarkt.com/campeonato-brasileiro-serie-a/suenderkartei/wettbewerb/BRA1/saison_id/2024/plus/1/page/14
Léo Jardim,Goalkeeper,Clube de Regatas Vasco da Gama,Brazil,36,-,-,1,-,1,3,0.03,2024,https://www.transfermarkt.com/campeonato-brasileiro-serie-a/suenderkartei/wettbewerb/BRA1/saison_id/2024/plus/1/page/14
Igor Rabello,Centre-Back,,Brazil,8,-,-,1,-,1,3,0.13,2024,https://www.transfermarkt.com/campeonato-brasileiro-serie-a/suenderkartei/wettbewerb/BRA1/saison_id/2024/plus/1/page/14
Kaio,Centre-Back,Botafogo de Futebol e Regatas,Brazil,11,-,-,1,-,1,3,0.09,2024,https://www.transfermarkt.com/campeonato-brasileiro-serie-a/suenderkartei/wettbewerb/BRA1/saison_id/2024/plus/1/page/14
Gabriel Grando,Goalkeeper,Grêmio Foot-Ball Porto Alegrense,Brazil,6,-,-,1,-,1,3,0.17,2024,https://www.transfermarkt.com/campeonato-brasileiro-serie-a/suenderkartei/wettbewerb/BRA1/saison_id/2024/plus/1/page/14
Fábio,Goalkeeper,Fluminense Football Club,Brazil,38,-,2,-,-,-,2,0.05,2024,https://www.transfermarkt.com/campeonato-brasileiro-serie-a/suenderkartei/wettbewerb/BRA1/saison_id/2024/plus/1/page/14
David Luiz,Centre-Back,Fortaleza Esporte Clube,Brazil,7,-,2,-,-,-,2,0.29,2024,https://www.transfermarkt.com/campeonato-brasileiro-serie-a/suenderkartei/wettbewerb/BRA1/saison_id/2024/plus/1/page/14
Ganso,Attacking Midfield,Fluminense Football Club,Brazil,17,-,2,-,-,-,2,0.12,2024,https://www.transfermarkt.com/campeonato-brasileiro-serie-a/suenderkartei/wettbewerb/BRA1/saison_id/2024/plus/1/page/14
Weverton,Goalkeeper,Sociedade Esportiva Palmeiras,Brazil,26,-,2,-,-,-,2,0.08,2024,https://www.transfermarkt.com/campeonato-brasileiro-serie-a/suenderkartei/wettbewerb/BRA1/saison_id/2024/plus/1/page/14
Cédric Soares,Right-Back,São Paulo Futebol Clube,Portugal,25,-,2,-,-,-,2,0.08,2024,https://www.transfermarkt.com/campeonato-brasileiro-serie-a/suenderkartei/wettbewerb/BRA1/saison_id/2024/plus/1/page/14
Guilherme,Attacking Midfield,Mirassol Futebol Clube (SP),Brazil,12,-,2,-,-,-,2,0.17,2024,https://www.transfermarkt.com/campeonato-brasileiro-serie-a/suenderkartei/wettbewerb/BRA1/saison_id/2024/plus/1/page/14
Cauly,Attacking Midfield,Esporte Clube Bahia,Brazil,29,-,2,-,-,-,2,0.07,2024,https://www.transfermarkt.com/campeonato-brasileiro-serie-a/suenderkartei/wettbewerb/BRA1/saison_id/2024/plus/1/page/14
Diogo Barbosa,Left-Back,Fortaleza Esporte Clube,Brazil,19,-,2,-,-,-,2,0.11,2024,https://www.transfermarkt.com/campeonato-brasileiro-serie-a/suenderkartei/wettbewerb/BRA1/saison_id/2024/plus/1/page/14
Gabriel,Attacking Midfield,Mirassol Futebol Clube (SP),Brazil,25,-,2,-,-,-,2,0.08,2024,https://www.transfermarkt.com/campeonato-brasileiro-serie-a/suenderkartei/wettbewerb/BRA1/saison_id/2024/plus/1/page/15
Everaldo,Centre-Forward,Fluminense Football Club,Brazil,28,-,2,-,-,-,2,0.07,2024,https://www.transfermarkt.com/campeonato-brasileiro-serie-a/suenderkartei/wettbewerb/BRA1/saison_id/2024/plus/1/page/15
Bruno Ferreira,Goalkeeper,Ceará Sporting Club,Brazil,31,-,2,-,-,-,2,0.06,2024,https://www.transfermarkt.com/campeonato-brasileiro-serie-a/suenderkartei/wettbewerb/BRA1/saison_id/2024/plus/1/page/15
Joaquín Correa,Second Striker,Botafogo de Futebol e Regatas,Argentina,18,-,2,-,-,-,2,0.11,2024,https://www.transfermarkt.com/campeonato-brasileiro-serie-a/suenderkartei/wettbewerb/BRA1/saison_id/2024/plus/1/page/15
Tiago Volpi,Goalkeeper,Grêmio Foot-Ball Porto Alegrense,Brazil,32,-,2,-,-,-,2,0.06,2024,https://www.transfermarkt.com/campeonato-brasileiro-serie-a/suenderkartei/wettbewerb/BRA1/saison_id/2024/plus/1/page/15
Wanderson,Left Winger,Cruzeiro Esporte Clube,Brazil,27,-,2,-,-,-,2,0.07,2024,https://www.transfermarkt.com/campeonato-brasileiro-serie-a/suenderkartei/wettbewerb/BRA1/saison_id/2024/plus/1/page/15
Yago Pikachu,Right Winger,Fortaleza Esporte Clube,Brazil,31,-,2,-,-,-,2,0.06,2024,https://www.transfermarkt.com/campeonato-brasileiro-serie-a/suenderkartei/wettbewerb/BRA1/saison_id/2024/plus/1/page/15
Renzo Saravia,Right-Back,Clube Atlético Mineiro,Argentina,19,-,2,-,-,-,2,0.11,2024,https://www.transfermarkt.com/campeonato-brasileiro-serie-a/suenderkartei/wettbewerb/BRA1/saison_id/2024/plus/1/page/15
Lucas Evangelista,Central Midfield,Sociedade Esportiva Palmeiras,Brazil,19,-,2,-,-,-,2,0.11,2024,https://www.transfermarkt.com/campeonato-brasileiro-serie-a/suenderkartei/wettbewerb/BRA1/saison_id/2024/plus/1/page/15
João Paulo,Goalkeeper,,Brazil,0,-,2,-,-,-,2,,2024,https://www.transfermarkt.com/campeonato-brasileiro-serie-a/suenderkartei/wettbewerb/BRA1/saison_id/2024/plus/1/page/15
Juan Dinenno,Centre-Forward,,Argentina,8,-,2,-,-,-,2,0.25,2024,https://www.transfermarkt.com/campeonato-brasileiro-serie-a/suenderkartei/wettbewerb/BRA1/saison_id/2024/plus/1/page/15
Rafael Thyere,Centre-Back,Sport Club do Recife,Brazil,24,-,2,-,-,-,2,0.08,2024,https://www.transfermarkt.com/campeonato-brasileiro-serie-a/suenderkartei/wettbewerb/BRA1/saison_id/2024/plus/1/page/15
Jefferson Savarino,Attacking Midfield,Botafogo de Futebol e Regatas,Venezuela,27,-,2,-,-,-,2,0.07,2024,https://www.transfermarkt.com/campeonato-brasileiro-serie-a/suenderkartei/wettbewerb/BRA1/saison_id/2024/plus/1/page/15
Dalbert,Left-Back,Sport Club do Recife,Brazil,5,-,2,-,-,-,2,0.40,2024,https://www.transfermarkt.com/campeonato-brasileiro-serie-a/suenderkartei/wettbewerb/BRA1/saison_id/2024/plus/1/page/15
Aitor Cantalapiedra,Right Winger,Esporte Clube Vitória,Spain,19,-,2,-,-,-,2,0.11,2024,https://www.transfermarkt.com/campeonato-brasileiro-serie-a/suenderkartei/wettbewerb/BRA1/saison_id/2024/plus/1/page/15
Hyoran,Attacking Midfield,Sport Club do Recife,Brazil,12,-,2,-,-,-,2,0.17,2024,https://www.transfermarkt.com/campeonato-brasileiro-serie-a/suenderkartei/wettbewerb/BRA1/saison_id/2024/plus/1/page/15
Thiago Santos,Centre-Back,Fluminense Football Club,Brazil,10,-,2,-,-,-,2,0.20,2024,https://www.transfermarkt.com/campeonato-brasileiro-serie-a/suenderkartei/wettbewerb/BRA1/saison_id/2024/plus/1/page/15
Agustín Rossi,Goalkeeper,CR Flamengo,Argentina,37,-,2,-,-,-,2,0.05,2024,https://www.transfermarkt.com/campeonato-brasileiro-serie-a/suenderkartei/wettbewerb/BRA1/saison_id/2024/plus/1/page/15
Carlos Eduardo,Right Winger,,Brazil,26,-,2,-,-,-,2,0.08,2024,https://www.transfermarkt.com/campeonato-brasileiro-serie-a/suenderkartei/wettbewerb/BRA1/saison_id/2024/plus/1/page/15
Ivan,Goalkeeper,Sport Club Internacional,Brazil,7,-,2,-,-,-,2,0.29,2024,https://www.transfermarkt.com/campeonato-brasileiro-serie-a/suenderkartei/wettbewerb/BRA1/saison_id/2024/plus/1/page/15
Iury Castilho,Centre-Forward,Mirassol Futebol Clube (SP),Brazil,9,-,2,-,-,-,2,0.22,2024,https://www.transfermarkt.com/campeonato-brasileiro-serie-a/suenderkartei/wettbewerb/BRA1/saison_id/2024/plus/1/page/15
Gabriel Brazão,Goalkeeper,Santos FC,Brazil,38,-,2,-,-,-,2,0.05,2024,https://www.transfermarkt.com/campeonato-brasileiro-serie-a/suenderkartei/wettbewerb/BRA1/saison_id/2024/plus/1/page/15
Edu Ribeiro,Centre-Back,Esporte Clube Vitória,Brazil,20,-,2,-,-,-,2,0.10,2024,https://www.transfermarkt.com/campeonato-brasileiro-serie-a/suenderkartei/wettbewerb/BRA1/saison_id/2024/plus/1/page/15
Clayton,Centre-Back,Sport Club Internacional,Brazil,11,-,2,-,-,-,2,0.18,2024,https://www.transfermarkt.com/campeonato-brasileiro-serie-a/suenderkartei/wettbewerb/BRA1/saison_id/2024/plus/1/page/15
Giovanny,Left Winger,Esporte Clube Juventude,Brazil,19,-,2,-,-,-,2,0.11,2024,https://www.transfermarkt.com/campeonato-brasileiro-serie-a/suenderkartei/wettbewerb/BRA1/saison_id/2024/plus/1/page/15
Allan,Defensive Midfield,CR Flamengo,Brazil,13,-,2,-,-,-,2,0.15,2024,https://www.transfermarkt.com/campeonato-brasileiro-serie-a/suenderkartei/wettbewerb/BRA1/saison_id/2024/plus/1/page/16
Thaciano,Attacking Midfield,Santos FC,Brazil,19,-,2,-,-,-,2,0.11,2024,https://www.transfermarkt.com/campeonato-brasileiro-serie-a/suenderkartei/wettbewerb/BRA1/saison_id/2024/plus/1/page/16
Clayson,Left Winger,Mirassol Futebol Clube (SP),Brazil,6,-,2,-,-,-,2,0.33,2024,https://www.transfermarkt.com/campeonato-brasileiro-serie-a/suenderkartei/wettbewerb/BRA1/saison_id/2024/plus/1/page/16
Caíque França,Goalkeeper,Sport Club do Recife,Brazil,15,-,2,-,-,-,2,0.13,2024,https://www.transfermarkt.com/campeonato-brasileiro-serie-a/suenderkartei/wettbewerb/BRA1/saison_id/2024/plus/1/page/16
João Basso,Centre-Back,Santos FC,Brazil,6,-,2,-,-,-,2,0.33,2024,https://www.transfermarkt.com/campeonato-brasileiro-serie-a/suenderkartei/wettbewerb/BRA1/saison_id/2024/plus/1/page/16
Luan Cândido,Left-Back,,Brazil,16,-,2,-,-,-,2,0.13,2024,https://www.transfermarkt.com/campeonato-brasileiro-serie-a/suenderkartei/wettbewerb/BRA1/saison_id/2024/plus/1/page/16
John Victor,Goalkeeper,Botafogo de Futebol e Regatas,Brazil,17,-,2,-,-,-,2,0.12,2024,https://www.transfermarkt.com/campeonato-brasileiro-serie-a/suenderkartei/wettbewerb/BRA1/saison_id/2024/plus/1/page/16
Luiz Araújo,Right Winger,CR Flamengo,Brazil,35,-,2,-,-,-,2,0.06,2024,https://www.transfermarkt.com/campeonato-brasileiro-serie-a/suenderkartei/wettbewerb/BRA1/saison_id/2024/plus/1/page/16
Alan Rodríguez,Central Midfield,Sport Club Internacional,Uruguay,15,-,2,-,-,-,2,0.13,2024,https://www.transfermarkt.com/campeonato-brasileiro-serie-a/suenderkartei/wettbewerb/BRA1/saison_id/2024/plus/1/page/16
Antonio Galeano,Right Winger,Ceará Sporting Club,Paraguay,38,-,2,-,-,-,2,0.05,2024,https://www.transfermarkt.com/campeonato-brasileiro-serie-a/suenderkartei/wettbewerb/BRA1/saison_id/2024/plus/1/page/16
Iago,Left-Back,Esporte Clube Bahia,Brazil,15,-,2,-,-,-,2,0.13,2024,https://www.transfermarkt.com/campeonato-brasileiro-serie-a/suenderkartei/wettbewerb/BRA1/saison_id/2024/plus/1/page/16
Paulinho Paula,Central Midfield,Clube de Regatas Vasco da Gama,Brazil,11,-,2,-,-,-,2,0.18,2024,https://www.transfermarkt.com/campeonato-brasileiro-serie-a/suenderkartei/wettbewerb/BRA1/saison_id/2024/plus/1/page/16
Diego Pituca,Central Midfield,Santos FC,Brazil,10,-,2,-,-,-,2,0.20,2024,https://www.transfermarkt.com/campeonato-brasileiro-serie-a/suenderkartei/wettbewerb/BRA1/saison_id/2024/plus/1/page/16
Chico da Costa,Centre-Forward,Mirassol Futebol Clube (SP),Brazil,20,-,2,-,-,-,2,0.10,2024,https://www.transfermarkt.com/campeonato-brasileiro-serie-a/suenderkartei/wettbewerb/BRA1/saison_id/2024/plus/1/page/16
Adonis Frías,Centre-Back,Santos FC,Argentina,13,-,2,-,-,-,2,0.15,2024,https://www.transfermarkt.com/campeonato-brasileiro-serie-a/suenderkartei/wettbewerb/BRA1/saison_id/2024/plus/1/page/16
Caio Paulista,Left-Back,Clube Atlético Mineiro,Brazil,20,-,2,-,-,-,2,0.10,2024,https://www.transfermarkt.com/campeonato-brasileiro-serie-a/suenderkartei/wettbewerb/BRA1/saison_id/2024/plus/1/page/16
Álvaro Barreal,Left Winger,Santos FC,Argentina,34,-,2,-,-,-,2,0.06,2024,https://www.transfermarkt.com/campeonato-brasileiro-serie-a/suenderkartei/wettbewerb/BRA1/saison_id/2024/plus/1/page/16
Reinier,Attacking Midfield,Clube Atlético Mineiro,Brazil,13,-,2,-,-,-,2,0.15,2024,https://www.transfermarkt.com/campeonato-brasileiro-serie-a/suenderkartei/wettbewerb/BRA1/saison_id/2024/plus/1/page/16
Zanocelo,Defensive Midfield,,Brazil,15,-,2,-,-,-,2,0.13,2024,https://www.transfermarkt.com/campeonato-brasileiro-serie-a/suenderkartei/wettbewerb/BRA1/saison_id/2024/plus/1/page/16
Santiago Moreno,Right Winger,Fluminense Football Club,Colombia,5,-,2,-,-,-,2,0.40,2024,https://www.transfermarkt.com/campeonato-brasileiro-serie-a/suenderkartei/wettbewerb/BRA1/saison_id/2024/plus/1/page/16
Kayky,Right Winger,Esporte Clube Bahia,Brazil,26,-,2,-,-,-,2,0.08,2024,https://www.transfermarkt.com/campeonato-brasileiro-serie-a/suenderkartei/wettbewerb/BRA1/saison_id/2024/plus/1/page/16
Camilo,Defensive Midfield,Grêmio Foot-Ball Porto Alegrense,Brazil,16,-,2,-,-,-,2,0.13,2024,https://www.transfermarkt.com/campeonato-brasileiro-serie-a/suenderkartei/wettbewerb/BRA1/saison_id/2024/plus/1/page/16
Wesley,Left Winger,Sport Club Internacional,Brazil,18,-,2,-,-,-,2,0.11,2024,https://www.transfermarkt.com/campeonato-brasileiro-serie-a/suenderkartei/wettbewerb/BRA1/saison_id/2024/plus/1/page/16
Ewerthon,Right-Back,Esporte Clube Juventude,Brazil,18,-,2,-,-,-,2,0.11,2024,https://www.transfermarkt.com/campeonato-brasileiro-serie-a/suenderkartei/wettbewerb/BRA1/saison_id/2024/plus/1/page/16
Talles Magno,Left Winger,Sport Club Corinthians Paulista,Brazil,24,-,2,-,-,-,2,0.08,2024,https://www.transfermarkt.com/campeonato-brasileiro-serie-a/suenderkartei/wettbewerb/BRA1/saison_id/2024/plus/1/page/16
Guilherme Lopes,Left-Back,Red Bull Bragantino,Brazil,11,-,2,-,-,-,2,0.18,2024,https://www.transfermarkt.com/campeonato-brasileiro-serie-a/suenderkartei/wettbewerb/BRA1/saison_id/2024/plus/1/page/17
Chrystian Barletta,Right Winger,Sport Club do Recife,Brazil,34,-,2,-,-,-,2,0.06,2024,https://www.transfermarkt.com/campeonato-brasileiro-serie-a/suenderkartei/wettbewerb/BRA1/saison_id/2024/plus/1/page/17
Bruno Gomes,Right-Back,Sport Club Internacional,Brazil,14,-,2,-,-,-,2,0.14,2024,https://www.transfermarkt.com/campeonato-brasileiro-serie-a/suenderkartei/wettbewerb/BRA1/saison_id/2024/plus/1/page/17
Lautaro Díaz,Centre-Forward,,Argentina,21,-,2,-,-,-,2,0.10,2024,https://www.transfermarkt.com/campeonato-brasileiro-serie-a/suenderkartei/wettbewerb/BRA1/saison_id/2024/plus/1/page/17
Natanael,Right-Back,Clube Atlético Mineiro,Brazil,34,-,2,-,-,-,2,0.06,2024,https://www.transfermarkt.com/campeonato-brasileiro-serie-a/suenderkartei/wettbewerb/BRA1/saison_id/2024/plus/1/page/17
Calebe,Attacking Midfield,Fortaleza Esporte Clube,Brazil,7,-,2,-,-,-,2,0.29,2024,https://www.transfermarkt.com/campeonato-brasileiro-serie-a/suenderkartei/wettbewerb/BRA1/saison_id/2024/plus/1/page/17
Pierre,Central Midfield,Fortaleza Esporte Clube,Brazil,13,-,2,-,-,-,2,0.15,2024,https://www.transfermarkt.com/campeonato-brasileiro-serie-a/suenderkartei/wettbewerb/BRA1/saison_id/2024/plus/1/page/17
Danilo,Central Midfield,Botafogo de Futebol e Regatas,Brazil,13,-,2,-,-,-,2,0.15,2024,https://www.transfermarkt.com/campeonato-brasileiro-serie-a/suenderkartei/wettbewerb/BRA1/saison_id/2024/plus/1/page/17
Miguel Monsalve,Attacking Midfield,Grêmio Foot-Ball Porto Alegrense,Colombia,9,-,2,-,-,-,2,0.22,2024,https://www.transfermarkt.com/campeonato-brasileiro-serie-a/suenderkartei/wettbewerb/BRA1/saison_id/2024/plus/1/page/17
Rubens,Left-Back,Clube Atlético Mineiro,Brazil,13,-,2,-,-,-,2,0.15,2024,https://www.transfermarkt.com/campeonato-brasileiro-serie-a/suenderkartei/wettbewerb/BRA1/saison_id/2024/plus/1/page/17
Lucas Gazal,Centre-Back,Fortaleza Esporte Clube,Brazil,7,-,2,-,-,-,2,0.29,2024,https://www.transfermarkt.com/campeonato-brasileiro-serie-a/suenderkartei/wettbewerb/BRA1/saison_id/2024/plus/1/page/17
Rodrigo Santos,Defensive Midfield,Fortaleza Esporte Clube,Brazil,8,-,2,-,-,-,2,0.25,2024,https://www.transfermarkt.com/campeonato-brasileiro-serie-a/suenderkartei/wettbewerb/BRA1/saison_id/2024/plus/1/page/17
Robert Renan,Centre-Back,Clube de Regatas Vasco da Gama,Brazil,15,-,2,-,-,-,2,0.13,2024,https://www.transfermarkt.com/campeonato-brasileiro-serie-a/suenderkartei/wettbewerb/BRA1/saison_id/2024/plus/1/page/17
Gustavo Marques,Centre-Back,Red Bull Bragantino,Brazil,14,-,2,-,-,-,2,0.14,2024,https://www.transfermarkt.com/campeonato-brasileiro-serie-a/suenderkartei/wettbewerb/BRA1/saison_id/2024/plus/1/page/17
Cristian Renato,Centre-Forward,Mirassol Futebol Clube (SP),Brazil,32,-,2,-,-,-,2,0.06,2024,https://www.transfermarkt.com/campeonato-brasileiro-serie-a/suenderkartei/wettbewerb/BRA1/saison_id/2024/plus/1/page/17
Lucca Prior,Attacking Midfield,Fortaleza Esporte Clube,Brazil,12,-,2,-,-,-,2,0.17,2024,https://www.transfermarkt.com/campeonato-brasileiro-serie-a/suenderkartei/wettbewerb/BRA1/saison_id/2024/plus/1/page/17
Vinicinho,Left Winger,Red Bull Bragantino,Brazil,23,-,2,-,-,-,2,0.09,2024,https://www.transfermarkt.com/campeonato-brasileiro-serie-a/suenderkartei/wettbewerb/BRA1/saison_id/2024/plus/1/page/17
Tiago,Left Winger,Esporte Clube Bahia,Brazil,25,-,2,-,-,-,2,0.08,2024,https://www.transfermarkt.com/campeonato-brasileiro-serie-a/suenderkartei/wettbewerb/BRA1/saison_id/2024/plus/1/page/17
Gustavo Neves,Central Midfield,Red Bull Bragantino,Brazil,17,-,2,-,-,-,2,0.12,2024,https://www.transfermarkt.com/campeonato-brasileiro-serie-a/suenderkartei/wettbewerb/BRA1/saison_id/2024/plus/1/page/17
Luisão,Centre-Back,Santos FC,Brazil,6,-,2,-,-,-,2,0.33,2024,https://www.transfermarkt.com/campeonato-brasileiro-serie-a/suenderkartei/wettbewerb/BRA1/saison_id/2024/plus/1/page/17
Gustavo Prado,Left Winger,Sport Club Internacional,Brazil,18,-,2,-,-,-,2,0.11,2024,https://www.transfermarkt.com/campeonato-brasileiro-serie-a/suenderkartei/wettbewerb/BRA1/saison_id/2024/plus/1/page/17
Igor Serrote,Right-Back,Grêmio Foot-Ball Porto Alegrense,Brazil,7,-,2,-,-,-,2,0.29,2024,https://www.transfermarkt.com/campeonato-brasileiro-serie-a/suenderkartei/wettbewerb/BRA1/saison_id/2024/plus/1/page/17
Sergio Palacios,Centre-Back,Red Bull Bragantino,Colombia,2,-,2,-,-,-,2,1.00,2024,https://www.transfermarkt.com/campeonato-brasileiro-serie-a/suenderkartei/wettbewerb/BRA1/saison_id/2024/plus/1/page/17
Thiago Silva,Centre-Back,Fluminense Football Club,Brazil,25,-,1,-,-,-,1,0.04,2024,https://www.transfermarkt.com/campeonato-brasileiro-serie-a/suenderkartei/wettbewerb/BRA1/saison_id/2024/plus/1/page/17
Fagner,Right-Back,Cruzeiro Esporte Clube,Brazil,10,-,1,-,-,-,1,0.10,2024,https://www.transfermarkt.com/campeonato-brasileiro-serie-a/suenderkartei/wettbewerb/BRA1/saison_id/2024/plus/1/page/17
Germán Cano,Centre-Forward,Fluminense Football Club,Argentina,22,-,1,-,-,-,1,0.05,2024,https://www.transfermarkt.com/campeonato-brasileiro-serie-a/suenderkartei/wettbewerb/BRA1/saison_id/2024/plus/1/page/18
Alex Teixeira,Attacking Midfield,Clube de Regatas Vasco da Gama,Brazil,9,-,1,-,-,-,1,0.11,2024,https://www.transfermarkt.com/campeonato-brasileiro-serie-a/suenderkartei/wettbewerb/BRA1/saison_id/2024/plus/1/page/18
Marcos Rocha,Right-Back,,Brazil,13,-,1,-,-,-,1,0.08,2024,https://www.transfermarkt.com/campeonato-brasileiro-serie-a/suenderkartei/wettbewerb/BRA1/saison_id/2024/plus/1/page/18
Yannick Bolasie,Centre-Forward,Cruzeiro Esporte Clube,DR Congo,18,-,1,-,-,-,1,0.06,2024,https://www.transfermarkt.com/campeonato-brasileiro-serie-a/suenderkartei/wettbewerb/BRA1/saison_id/2024/plus/1/page/18
Oscar,Attacking Midfield,São Paulo Futebol Clube,Brazil,6,-,1,-,-,-,1,0.17,2024,https://www.transfermarkt.com/campeonato-brasileiro-serie-a/suenderkartei/wettbewerb/BRA1/saison_id/2024/plus/1/page/18
Danilo Fernandes,Goalkeeper,Esporte Clube Bahia,Brazil,0,-,1,-,-,-,1,,2024,https://www.transfermarkt.com/campeonato-brasileiro-serie-a/suenderkartei/wettbewerb/BRA1/saison_id/2024/plus/1/page/18
Jean Carlos,Attacking Midfield,Esporte Clube Juventude,Brazil,7,-,1,-,-,-,1,0.14,2024,https://www.transfermarkt.com/campeonato-brasileiro-serie-a/suenderkartei/wettbewerb/BRA1/saison_id/2024/plus/1/page/18
Dudu,Left Winger,,Brazil,23,-,1,-,-,-,1,0.04,2024,https://www.transfermarkt.com/campeonato-brasileiro-serie-a/suenderkartei/wettbewerb/BRA1/saison_id/2024/plus/1/page/18
Thiago Mendes,Defensive Midfield,Clube de Regatas Vasco da Gama,Brazil,8,-,1,-,-,-,1,0.13,2024,https://www.transfermarkt.com/campeonato-brasileiro-serie-a/suenderkartei/wettbewerb/BRA1/saison_id/2024/plus/1/page/18
Pablo,Centre-Forward,Sport Club do Recife,Brazil,21,-,1,-,-,-,1,0.05,2024,https://www.transfermarkt.com/campeonato-brasileiro-serie-a/suenderkartei/wettbewerb/BRA1/saison_id/2024/plus/1/page/18
Richard Costa,Goalkeeper,Ceará Sporting Club,Brazil,0,-,1,-,-,-,1,,2024,https://www.transfermarkt.com/campeonato-brasileiro-serie-a/suenderkartei/wettbewerb/BRA1/saison_id/2024/plus/1/page/18
Guillermo Varela,Right-Back,CR Flamengo,Uruguay,20,-,1,-,-,-,1,0.05,2024,https://www.transfermarkt.com/campeonato-brasileiro-serie-a/suenderkartei/wettbewerb/BRA1/saison_id/2024/plus/1/page/18
Gonzalo Mastriani,Centre-Forward,Botafogo de Futebol e Regatas,Uruguay,12,-,1,-,-,-,1,0.08,2024,https://www.transfermarkt.com/campeonato-brasileiro-serie-a/suenderkartei/wettbewerb/BRA1/saison_id/2024/plus/1/page/18
Igor Coronado,Attacking Midfield,Sport Club Corinthians Paulista,Italy,6,-,1,-,-,-,1,0.17,2024,https://www.transfermarkt.com/campeonato-brasileiro-serie-a/suenderkartei/wettbewerb/BRA1/saison_id/2024/plus/1/page/18
Pol Fernández,Central Midfield,Fortaleza Esporte Clube,Argentina,7,-,1,-,-,-,1,0.14,2024,https://www.transfermarkt.com/campeonato-brasileiro-serie-a/suenderkartei/wettbewerb/BRA1/saison_id/2024/plus/1/page/18
João Ricardo,Goalkeeper,Fortaleza Esporte Clube,Brazil,14,-,1,-,-,-,1,0.07,2024,https://www.transfermarkt.com/campeonato-brasileiro-serie-a/suenderkartei/wettbewerb/BRA1/saison_id/2024/plus/1/page/18
Danilo Barbosa,Defensive Midfield,Botafogo de Futebol e Regatas,Brazil,3,-,1,-,-,-,1,0.33,2024,https://www.transfermarkt.com/campeonato-brasileiro-serie-a/suenderkartei/wettbewerb/BRA1/saison_id/2024/plus/1/page/18
Tinga,Right-Back,Fortaleza Esporte Clube,Brazil,11,-,1,-,-,-,1,0.09,2024,https://www.transfermarkt.com/campeonato-brasileiro-serie-a/suenderkartei/wettbewerb/BRA1/saison_id/2024/plus/1/page/18
Yeferson Soteldo,Left Winger,,Venezuela,22,-,1,-,-,-,1,0.05,2024,https://www.transfermarkt.com/campeonato-brasileiro-serie-a/suenderkartei/wettbewerb/BRA1/saison_id/2024/plus/1/page/18
Reginaldo,Right-Back,Esporte Clube Juventude,Brazil,18,-,1,-,-,-,1,0.06,2024,https://www.transfermarkt.com/campeonato-brasileiro-serie-a/suenderkartei/wettbewerb/BRA1/saison_id/2024/plus/1/page/18
Franco Cristaldo,Attacking Midfield,Grêmio Foot-Ball Porto Alegrense,Argentina,30,-,1,-,-,-,1,0.03,2024,https://www.transfermarkt.com/campeonato-brasileiro-serie-a/suenderkartei/wettbewerb/BRA1/saison_id/2024/plus/1/page/18
Keno,Left Winger,Fluminense Football Club,Brazil,18,-,1,-,-,-,1,0.06,2024,https://www.transfermarkt.com/campeonato-brasileiro-serie-a/suenderkartei/wettbewerb/BRA1/saison_id/2024/plus/1/page/18
Chico Kim,Attacking Midfield,Mirassol Futebol Clube (SP),Brazil,13,-,1,-,-,-,1,0.08,2024,https://www.transfermarkt.com/campeonato-brasileiro-serie-a/suenderkartei/wettbewerb/BRA1/saison_id/2024/plus/1/page/18
Lucas Cunha,Centre-Back,Sport Club do Recife,Brazil,6,-,1,-,-,-,1,0.17,2024,https://www.transfermarkt.com/campeonato-brasileiro-serie-a/suenderkartei/wettbewerb/BRA1/saison_id/2024/plus/1/page/18
Leonardo Godoy,Right-Back,Santos FC,Argentina,6,-,1,-,-,-,1,0.17,2024,https://www.transfermarkt.com/campeonato-brasileiro-serie-a/suenderkartei/wettbewerb/BRA1/saison_id/2024/plus/1/page/18
Luizão,Centre-Back,Mirassol Futebol Clube (SP),Brazil,5,-,1,-,-,-,1,0.20,2024,https://www.transfermarkt.com/campeonato-brasileiro-serie-a/suenderkartei/wettbewerb/BRA1/saison_id/2024/plus/1/page/19
Ronaldo,Goalkeeper,Esporte Clube Bahia,Brazil,28,-,1,-,-,-,1,0.04,2024,https://www.transfermarkt.com/campeonato-brasileiro-serie-a/suenderkartei/wettbewerb/BRA1/saison_id/2024/plus/1/page/19
Arthur Cabral,Centre-Forward,Botafogo de Futebol e Regatas,Brazil,21,-,1,-,-,-,1,0.05,2024,https://www.transfermarkt.com/campeonato-brasileiro-serie-a/suenderkartei/wettbewerb/BRA1/saison_id/2024/plus/1/page/19
Ignacio Ramírez,Centre-Forward,Sport Club do Recife,Uruguay,8,-,1,-,-,-,1,0.13,2024,https://www.transfermarkt.com/campeonato-brasileiro-serie-a/suenderkartei/wettbewerb/BRA1/saison_id/2024/plus/1/page/19
Lucão,Goalkeeper,Red Bull Bragantino,Brazil,4,-,1,-,-,-,1,0.25,2024,https://www.transfermarkt.com/campeonato-brasileiro-serie-a/suenderkartei/wettbewerb/BRA1/saison_id/2024/plus/1/page/19
Lucas Kal,Central Midfield,Sport Club do Recife,Brazil,13,-,1,-,-,-,1,0.08,2024,https://www.transfermarkt.com/campeonato-brasileiro-serie-a/suenderkartei/wettbewerb/BRA1/saison_id/2024/plus/1/page/19
Matías Viña,Left-Back,CR Flamengo,Uruguay,8,-,1,-,-,-,1,0.13,2024,https://www.transfermarkt.com/campeonato-brasileiro-serie-a/suenderkartei/wettbewerb/BRA1/saison_id/2024/plus/1/page/19
Nicolas,Left-Back,Ceará Sporting Club,Brazil,13,-,1,-,-,-,1,0.08,2024,https://www.transfermarkt.com/campeonato-brasileiro-serie-a/suenderkartei/wettbewerb/BRA1/saison_id/2024/plus/1/page/19
Guilherme,Left Winger,Santos FC,Brazil,32,-,1,-,-,-,1,0.03,2024,https://www.transfermarkt.com/campeonato-brasileiro-serie-a/suenderkartei/wettbewerb/BRA1/saison_id/2024/plus/1/page/19
Matheus Rossetto,Central Midfield,Fortaleza Esporte Clube,Brazil,20,-,1,-,-,-,1,0.05,2024,https://www.transfermarkt.com/campeonato-brasileiro-serie-a/suenderkartei/wettbewerb/BRA1/saison_id/2024/plus/1/page/19
João Silva,Centre-Back,Sport Club do Recife,Portugal,14,-,1,-,-,-,1,0.07,2024,https://www.transfermarkt.com/campeonato-brasileiro-serie-a/suenderkartei/wettbewerb/BRA1/saison_id/2024/plus/1/page/19
Benjamín Garré,Right Winger,Clube de Regatas Vasco da Gama,Argentina,10,-,1,-,-,-,1,0.10,2024,https://www.transfermarkt.com/campeonato-brasileiro-serie-a/suenderkartei/wettbewerb/BRA1/saison_id/2024/plus/1/page/19
Félix Torres,Centre-Back,Sport Club Corinthians Paulista,Ecuador,10,-,1,-,-,-,1,0.10,2024,https://www.transfermarkt.com/campeonato-brasileiro-serie-a/suenderkartei/wettbewerb/BRA1/saison_id/2024/plus/1/page/19
Emerson Royal,Right-Back,CR Flamengo,Brazil,15,-,1,-,-,-,1,0.07,2024,https://www.transfermarkt.com/campeonato-brasileiro-serie-a/suenderkartei/wettbewerb/BRA1/saison_id/2024/plus/1/page/19
Alesson,Left Winger,Mirassol Futebol Clube (SP),Brazil,26,-,1,-,-,-,1,0.04,2024,https://www.transfermarkt.com/campeonato-brasileiro-serie-a/suenderkartei/wettbewerb/BRA1/saison_id/2024/plus/1/page/19
Shaylon,Attacking Midfield,Mirassol Futebol Clube (SP),Brazil,13,-,1,-,-,-,1,0.08,2024,https://www.transfermarkt.com/campeonato-brasileiro-serie-a/suenderkartei/wettbewerb/BRA1/saison_id/2024/plus/1/page/19
Alexis Duarte,Centre-Back,Santos FC,Paraguay,5,-,1,-,-,-,1,0.20,2024,https://www.transfermarkt.com/campeonato-brasileiro-serie-a/suenderkartei/wettbewerb/BRA1/saison_id/2024/plus/1/page/19
Ignacio Laquintana,Right Winger,Red Bull Bragantino,Uruguay,23,-,1,-,-,-,1,0.04,2024,https://www.transfermarkt.com/campeonato-brasileiro-serie-a/suenderkartei/wettbewerb/BRA1/saison_id/2024/plus/1/page/19
Jhon Arias,Right Winger,Fluminense Football Club,Colombia,12,-,1,-,-,-,1,0.08,2024,https://www.transfermarkt.com/campeonato-brasileiro-serie-a/suenderkartei/wettbewerb/BRA1/saison_id/2024/plus/1/page/19
Guga,Right-Back,Fluminense Football Club,Brazil,17,-,1,-,-,-,1,0.06,2024,https://www.transfermarkt.com/campeonato-brasileiro-serie-a/suenderkartei/wettbewerb/BRA1/saison_id/2024/plus/1/page/19
Júnior Santos,Right Winger,Clube Atlético Mineiro,Brazil,16,-,1,-,-,-,1,0.06,2024,https://www.transfermarkt.com/campeonato-brasileiro-serie-a/suenderkartei/wettbewerb/BRA1/saison_id/2024/plus/1/page/19
Lucas Oliveira,Centre-Back,Clube de Regatas Vasco da Gama,Brazil,8,-,1,-,-,-,1,0.13,2024,https://www.transfermarkt.com/campeonato-brasileiro-serie-a/suenderkartei/wettbewerb/BRA1/saison_id/2024/plus/1/page/19
Lucas Braga,Left Winger,Esporte Clube Vitória,Brazil,21,-,1,-,-,-,1,0.05,2024,https://www.transfermarkt.com/campeonato-brasileiro-serie-a/suenderkartei/wettbewerb/BRA1/saison_id/2024/plus/1/page/19
Maílton,Right-Back,São Paulo Futebol Clube,Brazil,8,-,1,-,-,-,1,0.13,2024,https://www.transfermarkt.com/campeonato-brasileiro-serie-a/suenderkartei/wettbewerb/BRA1/saison_id/2024/plus/1/page/19
Gabriel Menino,Right-Back,Clube Atlético Mineiro,Brazil,23,-,1,-,-,-,1,0.04,2024,https://www.transfermarkt.com/campeonato-brasileiro-serie-a/suenderkartei/wettbewerb/BRA1/saison_id/2024/plus/1/page/19
Matías Arezo,Centre-Forward,Grêmio Foot-Ball Porto Alegrense,Uruguay,8,-,1,-,-,-,1,0.13,2024,https://www.transfermarkt.com/campeonato-brasileiro-serie-a/suenderkartei/wettbewerb/BRA1/saison_id/2024/plus/1/page/20
Chico,Centre-Back,Sport Club do Recife,Brazil,13,-,1,-,-,-,1,0.08,2024,https://www.transfermarkt.com/campeonato-brasileiro-serie-a/suenderkartei/wettbewerb/BRA1/saison_id/2024/plus/1/page/20
Fabricio Domínguez,Right-Back,Sport Club do Recife,Uruguay,4,-,1,-,-,-,1,0.25,2024,https://www.transfermarkt.com/campeonato-brasileiro-serie-a/suenderkartei/wettbewerb/BRA1/saison_id/2024/plus/1/page/20
Rafael Bilu,Right Winger,Esporte Clube Juventude,Brazil,15,-,1,-,-,-,1,0.07,2024,https://www.transfermarkt.com/campeonato-brasileiro-serie-a/suenderkartei/wettbewerb/BRA1/saison_id/2024/plus/1/page/20
Hereda,Right-Back,Sport Club do Recife,Brazil,11,-,1,-,-,-,1,0.09,2024,https://www.transfermarkt.com/campeonato-brasileiro-serie-a/suenderkartei/wettbewerb/BRA1/saison_id/2024/plus/1/page/20
Matheus Bianqui,Central Midfield,Mirassol Futebol Clube (SP),Brazil,13,-,1,-,-,-,1,0.08,2024,https://www.transfermarkt.com/campeonato-brasileiro-serie-a/suenderkartei/wettbewerb/BRA1/saison_id/2024/plus/1/page/20
Carlos Miguel,Goalkeeper,Sociedade Esportiva Palmeiras,Brazil,9,-,1,-,-,-,1,0.11,2024,https://www.transfermarkt.com/campeonato-brasileiro-serie-a/suenderkartei/wettbewerb/BRA1/saison_id/2024/plus/1/page/20
Khellven,Right-Back,Sociedade Esportiva Palmeiras,Brazil,13,-,1,-,-,-,1,0.08,2024,https://www.transfermarkt.com/campeonato-brasileiro-serie-a/suenderkartei/wettbewerb/BRA1/saison_id/2024/plus/1/page/20
Patryck,Left-Back,São Paulo Futebol Clube,Brazil,5,-,1,-,-,-,1,0.20,2024,https://www.transfermarkt.com/campeonato-brasileiro-serie-a/suenderkartei/wettbewerb/BRA1/saison_id/2024/plus/1/page/20
Marcelo Pitaluga,Goalkeeper,Fluminense Football Club,Brazil,0,-,1,-,-,-,1,,2024,https://www.transfermarkt.com/campeonato-brasileiro-serie-a/suenderkartei/wettbewerb/BRA1/saison_id/2024/plus/1/page/20
Alexander Aravena,Left Winger,Grêmio Foot-Ball Porto Alegrense,Chile,22,-,1,-,-,-,1,0.05,2024,https://www.transfermarkt.com/campeonato-brasileiro-serie-a/suenderkartei/wettbewerb/BRA1/saison_id/2024/plus/1/page/20
Gustavo,Goalkeeper,Esporte Clube Juventude,Brazil,10,-,1,-,-,-,1,0.10,2024,https://www.transfermarkt.com/campeonato-brasileiro-serie-a/suenderkartei/wettbewerb/BRA1/saison_id/2024/plus/1/page/20
Marquinhos,Right Winger,Cruzeiro Esporte Clube,Brazil,17,-,1,-,-,-,1,0.06,2024,https://www.transfermarkt.com/campeonato-brasileiro-serie-a/suenderkartei/wettbewerb/BRA1/saison_id/2024/plus/1/page/20
João Lucas,Right-Back,Grêmio Foot-Ball Porto Alegrense,Brazil,10,-,1,-,-,-,1,0.10,2024,https://www.transfermarkt.com/campeonato-brasileiro-serie-a/suenderkartei/wettbewerb/BRA1/saison_id/2024/plus/1/page/20
Daniel Peixoto,Defensive Midfield,Esporte Clube Juventude,Brazil,13,-,1,-,-,-,1,0.08,2024,https://www.transfermarkt.com/campeonato-brasileiro-serie-a/suenderkartei/wettbewerb/BRA1/saison_id/2024/plus/1/page/20
Mauricio,Attacking Midfield,Sociedade Esportiva Palmeiras,Paraguay,29,-,1,-,-,-,1,0.03,2024,https://www.transfermarkt.com/campeonato-brasileiro-serie-a/suenderkartei/wettbewerb/BRA1/saison_id/2024/plus/1/page/20
Allanzinho,Left Winger,Fortaleza Esporte Clube,Brazil,9,-,1,-,-,-,1,0.11,2024,https://www.transfermarkt.com/campeonato-brasileiro-serie-a/suenderkartei/wettbewerb/BRA1/saison_id/2024/plus/1/page/20
Lucas Esteves,Left-Back,Grêmio Foot-Ball Porto Alegrense,Brazil,10,-,1,-,-,-,1,0.10,2024,https://www.transfermarkt.com/campeonato-brasileiro-serie-a/suenderkartei/wettbewerb/BRA1/saison_id/2024/plus/1/page/20
Samuel Lino,Left Winger,CR Flamengo,Brazil,21,-,1,-,-,-,1,0.05,2024,https://www.transfermarkt.com/campeonato-brasileiro-serie-a/suenderkartei/wettbewerb/BRA1/saison_id/2024/plus/1/page/20
Loide Augusto,Right Winger,Clube de Regatas Vasco da Gama,Angola,10,-,1,-,-,-,1,0.10,2024,https://www.transfermarkt.com/campeonato-brasileiro-serie-a/suenderkartei/wettbewerb/BRA1/saison_id/2024/plus/1/page/20
Matheus Donelli,Goalkeeper,Sport Club Corinthians Paulista,Brazil,5,-,1,-,-,-,1,0.20,2024,https://www.transfermarkt.com/campeonato-brasileiro-serie-a/suenderkartei/wettbewerb/BRA1/saison_id/2024/plus/1/page/20
Roni,Defensive Midfield,Mirassol Futebol Clube (SP),Brazil,9,-,1,-,-,-,1,0.11,2024,https://www.transfermarkt.com/campeonato-brasileiro-serie-a/suenderkartei/wettbewerb/BRA1/saison_id/2024/plus/1/page/20
Carlos Alberto,Left Winger,Sport Club do Recife,Brazil,9,-,1,-,-,-,1,0.11,2024,https://www.transfermarkt.com/campeonato-brasileiro-serie-a/suenderkartei/wettbewerb/BRA1/saison_id/2024/plus/1/page/20
Hugo,Left-Back,Sport Club Corinthians Paulista,Brazil,10,-,1,-,-,-,1,0.10,2024,https://www.transfermarkt.com/campeonato-brasileiro-serie-a/suenderkartei/wettbewerb/BRA1/saison_id/2024/plus/1/page/20
Adriano Martins,Centre-Back,Esporte Clube Juventude,Brazil,5,-,1,-,-,-,1,0.20,2024,https://www.transfermarkt.com/campeonato-brasileiro-serie-a/suenderkartei/wettbewerb/BRA1/saison_id/2024/plus/1/page/20
Léo Linck,Goalkeeper,Botafogo de Futebol e Regatas,Brazil,17,-,1,-,-,-,1,0.06,2024,https://www.transfermarkt.com/campeonato-brasileiro-serie-a/suenderkartei/wettbewerb/BRA1/saison_id/2024/plus/1/page/21
Rômulo,Centre-Back,Clube Atlético Mineiro,Brazil,3,-,1,-,-,-,1,0.33,2024,https://www.transfermarkt.com/campeonato-brasileiro-serie-a/suenderkartei/wettbewerb/BRA1/saison_id/2024/plus/1/page/21
Matheus França,Second Striker,Clube de Regatas Vasco da Gama,Brazil,15,-,1,-,-,-,1,0.07,2024,https://www.transfermarkt.com/campeonato-brasileiro-serie-a/suenderkartei/wettbewerb/BRA1/saison_id/2024/plus/1/page/21
Moisés,Left Winger,Fortaleza Esporte Clube,Brazil,12,-,1,-,-,-,1,0.08,2024,https://www.transfermarkt.com/campeonato-brasileiro-serie-a/suenderkartei/wettbewerb/BRA1/saison_id/2024/plus/1/page/21
Edson Carioca,Centre-Forward,Mirassol Futebol Clube (SP),Brazil,21,-,1,-,-,-,1,0.05,2024,https://www.transfermarkt.com/campeonato-brasileiro-serie-a/suenderkartei/wettbewerb/BRA1/saison_id/2024/plus/1/page/21
Felipinho,Left-Back,,Brazil,5,-,1,-,-,-,1,0.20,2024,https://www.transfermarkt.com/campeonato-brasileiro-serie-a/suenderkartei/wettbewerb/BRA1/saison_id/2024/plus/1/page/21
Magrão,Goalkeeper,Fortaleza Esporte Clube,Brazil,3,-,1,-,-,-,1,0.33,2024,https://www.transfermarkt.com/campeonato-brasileiro-serie-a/suenderkartei/wettbewerb/BRA1/saison_id/2024/plus/1/page/21
Zé Vitor,Central Midfield,Mirassol Futebol Clube (SP),Brazil,2,-,1,-,-,-,1,0.50,2024,https://www.transfermarkt.com/campeonato-brasileiro-serie-a/suenderkartei/wettbewerb/BRA1/saison_id/2024/plus/1/page/21
Victor Gabriel,Centre-Back,Sport Club Internacional,Brazil,14,-,1,-,-,-,1,0.07,2024,https://www.transfermarkt.com/campeonato-brasileiro-serie-a/suenderkartei/wettbewerb/BRA1/saison_id/2024/plus/1/page/21
John Kennedy,Centre-Forward,Fluminense Football Club,Brazil,17,-,1,-,-,-,1,0.06,2024,https://www.transfermarkt.com/campeonato-brasileiro-serie-a/suenderkartei/wettbewerb/BRA1/saison_id/2024/plus/1/page/21
Luciano Rodríguez,Centre-Forward,Esporte Clube Bahia,Uruguay,18,-,1,-,-,-,1,0.06,2024,https://www.transfermarkt.com/campeonato-brasileiro-serie-a/suenderkartei/wettbewerb/BRA1/saison_id/2024/plus/1/page/21
Mateus Carvalho,Defensive Midfield,Clube de Regatas Vasco da Gama,Brazil,19,-,1,-,-,-,1,0.05,2024,https://www.transfermarkt.com/campeonato-brasileiro-serie-a/suenderkartei/wettbewerb/BRA1/saison_id/2024/plus/1/page/21
Biel,Left Winger,Clube Atlético Mineiro,Brazil,17,-,1,-,-,-,1,0.06,2024,https://www.transfermarkt.com/campeonato-brasileiro-serie-a/suenderkartei/wettbewerb/BRA1/saison_id/2024/plus/1/page/21
Gustavo Caballero,Left Winger,Santos FC,Paraguay,12,-,1,-,-,-,1,0.08,2024,https://www.transfermarkt.com/campeonato-brasileiro-serie-a/suenderkartei/wettbewerb/BRA1/saison_id/2024/plus/1/page/21
Andrés Gómez,Left Winger,Clube de Regatas Vasco da Gama,Colombia,16,-,1,-,-,-,1,0.06,2024,https://www.transfermarkt.com/campeonato-brasileiro-serie-a/suenderkartei/wettbewerb/BRA1/saison_id/2024/plus/1/page/21
Hércules,Central Midfield,Fluminense Football Club,Brazil,34,-,1,-,-,-,1,0.03,2024,https://www.transfermarkt.com/campeonato-brasileiro-serie-a/suenderkartei/wettbewerb/BRA1/saison_id/2024/plus/1/page/21
Renato Marques,Centre-Forward,Mirassol Futebol Clube (SP),Brazil,7,-,1,-,-,-,1,0.14,2024,https://www.transfermarkt.com/campeonato-brasileiro-serie-a/suenderkartei/wettbewerb/BRA1/saison_id/2024/plus/1/page/21
Ryan,Defensive Midfield,Sport Club Corinthians Paulista,Brazil,16,-,1,-,-,-,1,0.06,2024,https://www.transfermarkt.com/campeonato-brasileiro-serie-a/suenderkartei/wettbewerb/BRA1/saison_id/2024/plus/1/page/21
Iago Teodoro,Centre-Back,CR Flamengo,Brazil,1,-,1,-,-,-,1,1.00,2024,https://www.transfermarkt.com/campeonato-brasileiro-serie-a/suenderkartei/wettbewerb/BRA1/saison_id/2024/plus/1/page/21
Rodrigo Atencio,Right Winger,Sport Club do Recife,Argentina,19,-,1,-,-,-,1,0.05,2024,https://www.transfermarkt.com/campeonato-brasileiro-serie-a/suenderkartei/wettbewerb/BRA1/saison_id/2024/plus/1/page/21
Léo Aragão,Goalkeeper,Cruzeiro Esporte Clube,Brazil,4,-,1,-,-,-,1,0.25,2024,https://www.transfermarkt.com/campeonato-brasileiro-serie-a/suenderkartei/wettbewerb/BRA1/saison_id/2024/plus/1/page/21
Ricardo Mathias,Centre-Forward,Sport Club Internacional,Brazil,22,-,1,-,-,-,1,0.05,2024,https://www.transfermarkt.com/campeonato-brasileiro-serie-a/suenderkartei/wettbewerb/BRA1/saison_id/2024/plus/1/page/21
Nathan Fernandes,Right Winger,Botafogo de Futebol e Regatas,Brazil,10,-,1,-,-,-,1,0.10,2024,https://www.transfermarkt.com/campeonato-brasileiro-serie-a/suenderkartei/wettbewerb/BRA1/saison_id/2024/plus/1/page/21
Jordan Barrera,Attacking Midfield,Botafogo de Futebol e Regatas,Colombia,6,-,1,-,-,-,1,0.17,2024,https://www.transfermarkt.com/campeonato-brasileiro-serie-a/suenderkartei/wettbewerb/BRA1/saison_id/2024/plus/1/page/21
Gabriel Bontempo,Central Midfield,Santos FC,Brazil,25,-,1,-,-,-,1,0.04,2024,https://www.transfermarkt.com/campeonato-brasileiro-serie-a/suenderkartei/wettbewerb/BRA1/saison_id/2024/plus/1/page/21
Kauan Toledo,Right Winger,Botafogo de Futebol e Regatas,Brazil,2,-,1,-,-,-,1,0.50,2024,https://www.transfermarkt.com/campeonato-brasileiro-serie-a/suenderkartei/wettbewerb/BRA1/saison_id/2024/plus/1/page/22
Guilherme Luiz,Centre-Forward,Ceará Sporting Club,Brazil,7,-,1,-,-,-,1,0.14,2024,https://www.transfermarkt.com/campeonato-brasileiro-serie-a/suenderkartei/wettbewerb/BRA1/saison_id/2024/plus/1/page/22
Larson,Central Midfield,Sociedade Esportiva Palmeiras,Brazil,2,-,1,-,-,-,1,0.50,2024,https://www.transfermarkt.com/campeonato-brasileiro-serie-a/suenderkartei/wettbewerb/BRA1/saison_id/2024/plus/1/page/22
Luighi,Centre-Forward,Sociedade Esportiva Palmeiras,Brazil,11,-,1,-,-,-,1,0.09,2024,https://www.transfermarkt.com/campeonato-brasileiro-serie-a/suenderkartei/wettbewerb/BRA1/saison_id/2024/plus/1/page/22
João Souza,Centre-Back,CR Flamengo,Brazil,4,-,1,-,-,-,1,0.25,2024,https://www.transfermarkt.com/campeonato-brasileiro-serie-a/suenderkartei/wettbewerb/BRA1/saison_id/2024/plus/1/page/22
Riquelme,Right Winger,Fluminense Football Club,Brazil,6,-,1,-,-,-,1,0.17,2024,https://www.transfermarkt.com/campeonato-brasileiro-serie-a/suenderkartei/wettbewerb/BRA1/saison_id/2024/plus/1/page/22
Lucas Ferreira,Right Winger,São Paulo Futebol Clube,Brazil,13,-,1,-,-,-,1,0.08,2024,https://www.transfermarkt.com/campeonato-brasileiro-serie-a/suenderkartei/wettbewerb/BRA1/saison_id/2024/plus/1/page/22
Maykon Jesus,Left-Back,,Brazil,9,-,1,-,-,-,1,0.11,2024,https://www.transfermarkt.com/campeonato-brasileiro-serie-a/suenderkartei/wettbewerb/BRA1/saison_id/2024/plus/1/page/22
Ruan Pablo,Left Winger,Esporte Clube Bahia,Brazil,5,-,1,-,-,-,1,0.20,2024,https://www.transfermarkt.com/campeonato-brasileiro-serie-a/suenderkartei/wettbewerb/BRA1/saison_id/2024/plus/1/page/22
Luis Pacheco,Defensive Midfield,Sociedade Esportiva Palmeiras,Brazil,2,-,1,-,-,-,1,0.50,2024,https://www.transfermarkt.com/campeonato-brasileiro-serie-a/suenderkartei/wettbewerb/BRA1/saison_id/2024/plus/1/page/22
Lucca,Left Winger,São Paulo Futebol Clube,Brazil,8,-,1,-,-,-,1,0.13,2024,https://www.transfermarkt.com/campeonato-brasileiro-serie-a/suenderkartei/wettbewerb/BRA1/saison_id/2024/plus/1/page/22
Kauã Prates,Left-Back,Cruzeiro Esporte Clube,Brazil,8,-,1,-,-,-,1,0.13,2024,https://www.transfermarkt.com/campeonato-brasileiro-serie-a/suenderkartei/wettbewerb/BRA1/saison_id/2024/plus/1/page/22
Rayan Lelis,Right Winger,Cruzeiro Esporte Clube,Brazil,1,-,1,-,-,-,1,1.00,2024,https://www.transfermarkt.com/campeonato-brasileiro-serie-a/suenderkartei/wettbewerb/BRA1/saison_id/2024/plus/1/page/22
Adriel,Defensive Midfield,Sport Club do Recife,Brazil,5,-,1,-,-,-,1,0.20,2024,https://www.transfermarkt.com/campeonato-brasileiro-serie-a/suenderkartei/wettbewerb/BRA1/saison_id/2024/plus/1/page/22
Riquelme,Centre-Back,Sport Club do Recife,Brazil,2,-,1,-,-,-,1,0.50,2024,https://www.transfermarkt.com/campeonato-brasileiro-serie-a/suenderkartei/wettbewerb/BRA1/saison_id/2024/plus/1/page/22
Kadir Barría,Centre-Forward,Botafogo de Futebol e Regatas,Panama,6,-,1,-,-,-,1,0.17,2024,https://www.transfermarkt.com/campeonato-brasileiro-serie-a/suenderkartei/wettbewerb/BRA1/saison_id/2024/plus/1/page/22
Alexander Barboza,Centre-Back,,Uruguay,18,1,7,1,1,2,15,0.50,2025,https://www.transfermarkt.com/campeonato-brasileiro-serie-a/suenderkartei/wettbewerb/BRA1/saison_id/2025/plus/1
Juninho Capixaba,Left-Back,Red Bull Bragantino,Brazil,23,2,12,-,-,-,12,0.52,2025,https://www.transfermarkt.com/campeonato-brasileiro-serie-a/suenderkartei/wettbewerb/BRA1/saison_id/2025/plus/1
Gabriel Barbosa,Centre-Forward,Santos FC,Brazil,19,1,7,-,1,1,12,0.42,2025,https://www.transfermarkt.com/campeonato-brasileiro-serie-a/suenderkartei/wettbewerb/BRA1/saison_id/2025/plus/1
Jorge Carrascal,Attacking Midfield,CR Flamengo,Colombia,22,-,2,-,2,2,12,0.18,2025,https://www.transfermarkt.com/campeonato-brasileiro-serie-a/suenderkartei/wettbewerb/BRA1/saison_id/2025/plus/1
André,Central Midfield,Sport Club Corinthians Paulista,Brazil,18,-,2,-,2,2,12,0.22,2025,https://www.transfermarkt.com/campeonato-brasileiro-serie-a/suenderkartei/wettbewerb/BRA1/saison_id/2025/plus/1
Erick Pulgar,Defensive Midfield,CR Flamengo,Chile,18,1,6,-,1,1,11,0.39,2025,https://www.transfermarkt.com/campeonato-brasileiro-serie-a/suenderkartei/wettbewerb/BRA1/saison_id/2025/plus/1
Agustín Canobbio,Right Winger,Fluminense Football Club,Uruguay,21,1,6,-,1,1,11,0.33,2025,https://www.transfermarkt.com/campeonato-brasileiro-serie-a/suenderkartei/wettbewerb/BRA1/saison_id/2025/plus/1
Álvaro Barreal,Left Winger,Santos FC,Argentina,21,1,6,-,1,1,11,0.33,2025,https://www.transfermarkt.com/campeonato-brasileiro-serie-a/suenderkartei/wettbewerb/BRA1/saison_id/2025/plus/1
Victor Gabriel,Centre-Back,Sport Club Internacional,Brazil,16,1,6,-,1,1,11,0.44,2025,https://www.transfermarkt.com/campeonato-brasileiro-serie-a/suenderkartei/wettbewerb/BRA1/saison_id/2025/plus/1
Matheuzinho,Right-Back,Sport Club Corinthians Paulista,Brazil,23,1,5,-,1,1,10,0.26,2025,https://www.transfermarkt.com/campeonato-brasileiro-serie-a/suenderkartei/wettbewerb/BRA1/saison_id/2025/plus/1
Zé Ricardo,Defensive Midfield,Clube do Remo (PA),Brazil,26,1,5,-,1,1,10,0.23,2025,https://www.transfermarkt.com/campeonato-brasileiro-serie-a/suenderkartei/wettbewerb/BRA1/saison_id/2025/plus/1
Cacá,Centre-Back,,Brazil,21,1,5,-,1,1,10,0.29,2025,https://www.transfermarkt.com/campeonato-brasileiro-serie-a/suenderkartei/wettbewerb/BRA1/saison_id/2025/plus/1
Doma,Centre-Back,Associação Chapecoense de Futebol,Brazil,25,1,5,-,1,1,10,0.24,2025,https://www.transfermarkt.com/campeonato-brasileiro-serie-a/suenderkartei/wettbewerb/BRA1/saison_id/2025/plus/1
Cauan Barros,Defensive Midfield,Clube de Regatas Vasco da Gama,Brazil,19,1,5,-,1,1,10,0.32,2025,https://www.transfermarkt.com/campeonato-brasileiro-serie-a/suenderkartei/wettbewerb/BRA1/saison_id/2025/plus/1
Matheus Pereira,Attacking Midfield,Cruzeiro Esporte Clube,Brazil,25,1,9,-,-,-,9,0.36,2025,https://www.transfermarkt.com/campeonato-brasileiro-serie-a/suenderkartei/wettbewerb/BRA1/saison_id/2025/plus/1
Andrés Gómez,Left Winger,Clube de Regatas Vasco da Gama,Colombia,24,1,9,-,-,-,9,0.38,2025,https://www.transfermarkt.com/campeonato-brasileiro-serie-a/suenderkartei/wettbewerb/BRA1/saison_id/2025/plus/1
Alexandro Bernabei,Left-Back,Sport Club Internacional,Argentina,24,1,6,1,-,1,9,0.29,2025,https://www.transfermarkt.com/campeonato-brasileiro-serie-a/suenderkartei/wettbewerb/BRA1/saison_id/2025/plus/1
Alix,Centre-Back,Red Bull Bragantino,Brazil,20,1,6,1,-,1,9,0.35,2025,https://www.transfermarkt.com/campeonato-brasileiro-serie-a/suenderkartei/wettbewerb/BRA1/saison_id/2025/plus/1
Jorginho,Defensive Midfield,CR Flamengo,Italy,22,-,4,-,1,1,9,0.23,2025,https://www.transfermarkt.com/campeonato-brasileiro-serie-a/suenderkartei/wettbewerb/BRA1/saison_id/2025/plus/1
Allan,Defensive Midfield,,Brazil,21,-,4,-,1,1,9,0.24,2025,https://www.transfermarkt.com/campeonato-brasileiro-serie-a/suenderkartei/wettbewerb/BRA1/saison_id/2025/plus/1
Agustín Sant'Anna,Right-Back,Red Bull Bragantino,Uruguay,13,-,4,-,1,1,9,0.38,2025,https://www.transfermarkt.com/campeonato-brasileiro-serie-a/suenderkartei/wettbewerb/BRA1/saison_id/2025/plus/1
Renan Lodi,Left-Back,Clube Atlético Mineiro,Brazil,23,-,4,-,1,1,9,0.22,2025,https://www.transfermarkt.com/campeonato-brasileiro-serie-a/suenderkartei/wettbewerb/BRA1/saison_id/2025/plus/1
Cristian Medina,Central Midfield,Botafogo de Futebol e Regatas,Argentina,20,-,4,-,1,1,9,0.25,2025,https://www.transfermarkt.com/campeonato-brasileiro-serie-a/suenderkartei/wettbewerb/BRA1/saison_id/2025/plus/1
Bruno Zapelli,Attacking Midfield,Club Athletico Paranaense,Argentina,19,-,4,-,1,1,9,0.26,2025,https://www.transfermarkt.com/campeonato-brasileiro-serie-a/suenderkartei/wettbewerb/BRA1/saison_id/2025/plus/1
Matheus Bahia,Left-Back,,Brazil,18,-,4,-,1,1,9,0.28,2025,https://www.transfermarkt.com/campeonato-brasileiro-serie-a/suenderkartei/wettbewerb/BRA1/saison_id/2025/plus/1
Wallisson,Defensive Midfield,,Brazil,18,-,4,-,1,1,9,0.28,2025,https://www.transfermarkt.com/campeonato-brasileiro-serie-a/suenderkartei/wettbewerb/BRA1/saison_id/2025/plus/1/page/2
Evertton Araújo,Defensive Midfield,CR Flamengo,Brazil,20,-,4,-,1,1,9,0.25,2025,https://www.transfermarkt.com/campeonato-brasileiro-serie-a/suenderkartei/wettbewerb/BRA1/saison_id/2025/plus/1/page/2
Viery,Centre-Back,Grêmio Foot-Ball Porto Alegrense,Brazil,13,-,4,-,1,1,9,0.38,2025,https://www.transfermarkt.com/campeonato-brasileiro-serie-a/suenderkartei/wettbewerb/BRA1/saison_id/2025/plus/1/page/2
Thiago Mendes,Defensive Midfield,Clube de Regatas Vasco da Gama,Brazil,24,1,8,-,-,-,8,0.33,2025,https://www.transfermarkt.com/campeonato-brasileiro-serie-a/suenderkartei/wettbewerb/BRA1/saison_id/2025/plus/1/page/2
Emmanuel Martínez,Attacking Midfield,Esporte Clube Vitória,Argentina,22,1,8,-,-,-,8,0.36,2025,https://www.transfermarkt.com/campeonato-brasileiro-serie-a/suenderkartei/wettbewerb/BRA1/saison_id/2025/plus/1/page/2
Fabrício Bruno,Centre-Back,Cruzeiro Esporte Clube,Brazil,24,1,8,-,-,-,8,0.33,2025,https://www.transfermarkt.com/campeonato-brasileiro-serie-a/suenderkartei/wettbewerb/BRA1/saison_id/2025/plus/1/page/2
Rodrigo Garro,Attacking Midfield,Sport Club Corinthians Paulista,Argentina,26,1,8,-,-,-,8,0.31,2025,https://www.transfermarkt.com/campeonato-brasileiro-serie-a/suenderkartei/wettbewerb/BRA1/saison_id/2025/plus/1/page/2
Nicolás Acevedo,Defensive Midfield,Esporte Clube Bahia,Uruguay,26,1,8,-,-,-,8,0.31,2025,https://www.transfermarkt.com/campeonato-brasileiro-serie-a/suenderkartei/wettbewerb/BRA1/saison_id/2025/plus/1/page/2
Arthur Cabral,Centre-Forward,Botafogo de Futebol e Regatas,Brazil,23,-,3,-,1,1,8,0.17,2025,https://www.transfermarkt.com/campeonato-brasileiro-serie-a/suenderkartei/wettbewerb/BRA1/saison_id/2025/plus/1/page/2
Breno Lopes,Left Winger,Coritiba Foot Ball Club,Brazil,24,-,3,-,1,1,8,0.17,2025,https://www.transfermarkt.com/campeonato-brasileiro-serie-a/suenderkartei/wettbewerb/BRA1/saison_id/2025/plus/1/page/2
Jacy,Centre-Back,Coritiba Foot Ball Club,Brazil,24,-,3,-,1,1,8,0.17,2025,https://www.transfermarkt.com/campeonato-brasileiro-serie-a/suenderkartei/wettbewerb/BRA1/saison_id/2025/plus/1/page/2
Tiago Cóser,Centre-Back,Coritiba Foot Ball Club,Brazil,24,-,3,-,1,1,8,0.17,2025,https://www.transfermarkt.com/campeonato-brasileiro-serie-a/suenderkartei/wettbewerb/BRA1/saison_id/2025/plus/1/page/2
Allan,Right Winger,Sociedade Esportiva Palmeiras,Brazil,21,-,3,-,1,1,8,0.19,2025,https://www.transfermarkt.com/campeonato-brasileiro-serie-a/suenderkartei/wettbewerb/BRA1/saison_id/2025/plus/1/page/2
Fabinho,Defensive Midfield,Red Bull Bragantino,Brazil,12,-,-,1,1,2,8,0.17,2025,https://www.transfermarkt.com/campeonato-brasileiro-serie-a/suenderkartei/wettbewerb/BRA1/saison_id/2025/plus/1/page/2
Gabriel Mercado,Centre-Back,Sport Club Internacional,Argentina,18,1,7,-,-,-,7,0.39,2025,https://www.transfermarkt.com/campeonato-brasileiro-serie-a/suenderkartei/wettbewerb/BRA1/saison_id/2025/plus/1/page/2
Neymar,Attacking Midfield,Santos FC,Brazil,12,1,7,-,-,-,7,0.58,2025,https://www.transfermarkt.com/campeonato-brasileiro-serie-a/suenderkartei/wettbewerb/BRA1/saison_id/2025/plus/1/page/2
Thiago Santos,Centre-Back,Coritiba Foot Ball Club,Brazil,20,1,7,-,-,-,7,0.35,2025,https://www.transfermarkt.com/campeonato-brasileiro-serie-a/suenderkartei/wettbewerb/BRA1/saison_id/2025/plus/1/page/2
Gonzalo Escobar,Left-Back,Santos FC,Argentina,20,1,7,-,-,-,7,0.35,2025,https://www.transfermarkt.com/campeonato-brasileiro-serie-a/suenderkartei/wettbewerb/BRA1/saison_id/2025/plus/1/page/2
Paulinho Paula,Central Midfield,Sport Club Internacional,Brazil,21,1,7,-,-,-,7,0.33,2025,https://www.transfermarkt.com/campeonato-brasileiro-serie-a/suenderkartei/wettbewerb/BRA1/saison_id/2025/plus/1/page/2
Enzo Díaz,Left-Back,São Paulo Futebol Clube,Argentina,13,1,7,-,-,-,7,0.54,2025,https://www.transfermarkt.com/campeonato-brasileiro-serie-a/suenderkartei/wettbewerb/BRA1/saison_id/2025/plus/1/page/2
Ruan,Centre-Back,Clube Atlético Mineiro,Brazil,20,1,7,-,-,-,7,0.35,2025,https://www.transfermarkt.com/campeonato-brasileiro-serie-a/suenderkartei/wettbewerb/BRA1/saison_id/2025/plus/1/page/2
Aldo Filho,Central Midfield,Mirassol Futebol Clube (SP),Brazil,17,1,7,-,-,-,7,0.41,2025,https://www.transfermarkt.com/campeonato-brasileiro-serie-a/suenderkartei/wettbewerb/BRA1/saison_id/2025/plus/1/page/2
Camilo,Defensive Midfield,Associação Chapecoense de Futebol,Brazil,23,1,7,-,-,-,7,0.30,2025,https://www.transfermarkt.com/campeonato-brasileiro-serie-a/suenderkartei/wettbewerb/BRA1/saison_id/2025/plus/1/page/2
Arthur Dias,Centre-Back,Club Athletico Paranaense,Brazil,26,1,7,-,-,-,7,0.27,2025,https://www.transfermarkt.com/campeonato-brasileiro-serie-a/suenderkartei/wettbewerb/BRA1/saison_id/2025/plus/1/page/2
Pedro Gabriel,Left-Back,Grêmio Foot-Ball Porto Alegrense,Brazil,16,1,7,-,-,-,7,0.44,2025,https://www.transfermarkt.com/campeonato-brasileiro-serie-a/suenderkartei/wettbewerb/BRA1/saison_id/2025/plus/1/page/2
Everton,Right-Back,Associação Chapecoense de Futebol,Brazil,21,-,4,1,-,1,7,0.24,2025,https://www.transfermarkt.com/campeonato-brasileiro-serie-a/suenderkartei/wettbewerb/BRA1/saison_id/2025/plus/1/page/3
Keny Arroyo,Right Winger,Cruzeiro Esporte Clube,Ecuador,23,-,4,1,-,1,7,0.22,2025,https://www.transfermarkt.com/campeonato-brasileiro-serie-a/suenderkartei/wettbewerb/BRA1/saison_id/2025/plus/1/page/3
Gustavinho,Defensive Midfield,Santos FC,Brazil,15,-,4,1,-,1,7,0.33,2025,https://www.transfermarkt.com/campeonato-brasileiro-serie-a/suenderkartei/wettbewerb/BRA1/saison_id/2025/plus/1/page/3
Josué,Attacking Midfield,Coritiba Foot Ball Club,Portugal,25,-,2,-,1,1,7,0.12,2025,https://www.transfermarkt.com/campeonato-brasileiro-serie-a/suenderkartei/wettbewerb/BRA1/saison_id/2025/plus/1/page/3
Everaldo,Centre-Forward,,Brazil,19,-,2,-,1,1,7,0.16,2025,https://www.transfermarkt.com/campeonato-brasileiro-serie-a/suenderkartei/wettbewerb/BRA1/saison_id/2025/plus/1/page/3
Pedro Rocha,Centre-Forward,Coritiba Foot Ball Club,Brazil,27,-,2,-,1,1,7,0.11,2025,https://www.transfermarkt.com/campeonato-brasileiro-serie-a/suenderkartei/wettbewerb/BRA1/saison_id/2025/plus/1/page/3
Lucas Ramon,Right-Back,,Brazil,20,-,2,-,1,1,7,0.15,2025,https://www.transfermarkt.com/campeonato-brasileiro-serie-a/suenderkartei/wettbewerb/BRA1/saison_id/2025/plus/1/page/3
Bruno Melo,Left-Back,Coritiba Foot Ball Club,Brazil,26,-,2,-,1,1,7,0.12,2025,https://www.transfermarkt.com/campeonato-brasileiro-serie-a/suenderkartei/wettbewerb/BRA1/saison_id/2025/plus/1/page/3
Jajá,Left Winger,Clube do Remo (PA),Brazil,22,-,2,-,1,1,7,0.14,2025,https://www.transfermarkt.com/campeonato-brasileiro-serie-a/suenderkartei/wettbewerb/BRA1/saison_id/2025/plus/1/page/3
Edenilson,Centre-Back,Esporte Clube Vitória,Brazil,11,-,2,-,1,1,7,0.27,2025,https://www.transfermarkt.com/campeonato-brasileiro-serie-a/suenderkartei/wettbewerb/BRA1/saison_id/2025/plus/1/page/3
Gabriel Paulista,Centre-Back,Sport Club Corinthians Paulista,Brazil,20,1,6,-,-,-,6,0.30,2025,https://www.transfermarkt.com/campeonato-brasileiro-serie-a/suenderkartei/wettbewerb/BRA1/saison_id/2025/plus/1/page/3
Jonathan Calleri,Centre-Forward,São Paulo Futebol Clube,Argentina,23,1,6,-,-,-,6,0.26,2025,https://www.transfermarkt.com/campeonato-brasileiro-serie-a/suenderkartei/wettbewerb/BRA1/saison_id/2025/plus/1/page/3
Léo Pereira,Centre-Back,CR Flamengo,Brazil,23,1,6,-,-,-,6,0.26,2025,https://www.transfermarkt.com/campeonato-brasileiro-serie-a/suenderkartei/wettbewerb/BRA1/saison_id/2025/plus/1/page/3
Luciano Acosta,Attacking Midfield,Fluminense Football Club,Argentina,23,1,6,-,-,-,6,0.26,2025,https://www.transfermarkt.com/campeonato-brasileiro-serie-a/suenderkartei/wettbewerb/BRA1/saison_id/2025/plus/1/page/3
Zé Welison,Defensive Midfield,Clube do Remo (PA),Brazil,23,1,6,-,-,-,6,0.26,2025,https://www.transfermarkt.com/campeonato-brasileiro-serie-a/suenderkartei/wettbewerb/BRA1/saison_id/2025/plus/1/page/3
Neto Moura,Defensive Midfield,Mirassol Futebol Clube (SP),Brazil,16,1,6,-,-,-,6,0.38,2025,https://www.transfermarkt.com/campeonato-brasileiro-serie-a/suenderkartei/wettbewerb/BRA1/saison_id/2025/plus/1/page/3
Marlon Freitas,Defensive Midfield,Sociedade Esportiva Palmeiras,Brazil,26,1,6,-,-,-,6,0.23,2025,https://www.transfermarkt.com/campeonato-brasileiro-serie-a/suenderkartei/wettbewerb/BRA1/saison_id/2025/plus/1/page/3
Cristian Pavón,Right Winger,Grêmio Foot-Ball Porto Alegrense,Argentina,25,1,6,-,-,-,6,0.24,2025,https://www.transfermarkt.com/campeonato-brasileiro-serie-a/suenderkartei/wettbewerb/BRA1/saison_id/2025/plus/1/page/3
Nahuel Ferraresi,Centre-Back,,Venezuela,23,1,6,-,-,-,6,0.26,2025,https://www.transfermarkt.com/campeonato-brasileiro-serie-a/suenderkartei/wettbewerb/BRA1/saison_id/2025/plus/1/page/3
Nonato,Central Midfield,Fluminense Football Club,Brazil,15,1,6,-,-,-,6,0.40,2025,https://www.transfermarkt.com/campeonato-brasileiro-serie-a/suenderkartei/wettbewerb/BRA1/saison_id/2025/plus/1/page/3
Raniele,Defensive Midfield,Sport Club Corinthians Paulista,Brazil,23,1,6,-,-,-,6,0.26,2025,https://www.transfermarkt.com/campeonato-brasileiro-serie-a/suenderkartei/wettbewerb/BRA1/saison_id/2025/plus/1/page/3
Kevin Viveros,Centre-Forward,Club Athletico Paranaense,Colombia,26,1,6,-,-,-,6,0.23,2025,https://www.transfermarkt.com/campeonato-brasileiro-serie-a/suenderkartei/wettbewerb/BRA1/saison_id/2025/plus/1/page/3
Erick,Defensive Midfield,Esporte Clube Bahia,Brazil,21,1,6,-,-,-,6,0.29,2025,https://www.transfermarkt.com/campeonato-brasileiro-serie-a/suenderkartei/wettbewerb/BRA1/saison_id/2025/plus/1/page/3
Gastón Benavídez,Right-Back,Club Athletico Paranaense,Argentina,22,1,6,-,-,-,6,0.27,2025,https://www.transfermarkt.com/campeonato-brasileiro-serie-a/suenderkartei/wettbewerb/BRA1/saison_id/2025/plus/1/page/3
Denilson,Central Midfield,Mirassol Futebol Clube (SP),Brazil,19,1,6,-,-,-,6,0.32,2025,https://www.transfermarkt.com/campeonato-brasileiro-serie-a/suenderkartei/wettbewerb/BRA1/saison_id/2025/plus/1/page/3
Gustavo Martins,Centre-Back,Grêmio Foot-Ball Porto Alegrense,Brazil,19,1,6,-,-,-,6,0.32,2025,https://www.transfermarkt.com/campeonato-brasileiro-serie-a/suenderkartei/wettbewerb/BRA1/saison_id/2025/plus/1/page/4
Luan Peres,Centre-Back,Santos FC,Brazil,22,-,3,1,-,1,6,0.18,2025,https://www.transfermarkt.com/campeonato-brasileiro-serie-a/suenderkartei/wettbewerb/BRA1/saison_id/2025/plus/1/page/4
Murilo,Centre-Back,Sociedade Esportiva Palmeiras,Brazil,23,-,3,1,-,1,6,0.17,2025,https://www.transfermarkt.com/campeonato-brasileiro-serie-a/suenderkartei/wettbewerb/BRA1/saison_id/2025/plus/1/page/4
Eduardo,Attacking Midfield,Mirassol Futebol Clube (SP),Brazil,20,-,1,-,1,1,6,0.10,2025,https://www.transfermarkt.com/campeonato-brasileiro-serie-a/suenderkartei/wettbewerb/BRA1/saison_id/2025/plus/1/page/4
Luan Cândido,Left-Back,Esporte Clube Vitória,Brazil,20,-,1,-,1,1,6,0.10,2025,https://www.transfermarkt.com/campeonato-brasileiro-serie-a/suenderkartei/wettbewerb/BRA1/saison_id/2025/plus/1/page/4
Carlos Cuesta,Centre-Back,Clube de Regatas Vasco da Gama,Colombia,16,-,1,-,1,1,6,0.13,2025,https://www.transfermarkt.com/campeonato-brasileiro-serie-a/suenderkartei/wettbewerb/BRA1/saison_id/2025/plus/1/page/4
Lucas Esquivel,Left-Back,Club Athletico Paranaense,Argentina,19,-,1,-,1,1,6,0.11,2025,https://www.transfermarkt.com/campeonato-brasileiro-serie-a/suenderkartei/wettbewerb/BRA1/saison_id/2025/plus/1/page/4
Kaiki,Left-Back,Cruzeiro Esporte Clube,Brazil,16,-,1,-,1,1,6,0.13,2025,https://www.transfermarkt.com/campeonato-brasileiro-serie-a/suenderkartei/wettbewerb/BRA1/saison_id/2025/plus/1/page/4
Wallace Yan,Centre-Forward,,Brazil,9,-,1,-,1,1,6,0.22,2025,https://www.transfermarkt.com/campeonato-brasileiro-serie-a/suenderkartei/wettbewerb/BRA1/saison_id/2025/plus/1/page/4
Luis Osorio,Centre-Back,São Paulo Futebol Clube,Brazil,6,-,1,-,1,1,6,0.33,2025,https://www.transfermarkt.com/campeonato-brasileiro-serie-a/suenderkartei/wettbewerb/BRA1/saison_id/2025/plus/1/page/4
Alex Sandro,Left-Back,CR Flamengo,Brazil,18,1,5,-,-,-,5,0.28,2025,https://www.transfermarkt.com/campeonato-brasileiro-serie-a/suenderkartei/wettbewerb/BRA1/saison_id/2025/plus/1/page/4
Marllon,Centre-Back,Clube do Remo (PA),Brazil,26,1,5,-,-,-,5,0.19,2025,https://www.transfermarkt.com/campeonato-brasileiro-serie-a/suenderkartei/wettbewerb/BRA1/saison_id/2025/plus/1/page/4
Samuel Xavier,Right-Back,Fluminense Football Club,Brazil,16,1,5,-,-,-,5,0.31,2025,https://www.transfermarkt.com/campeonato-brasileiro-serie-a/suenderkartei/wettbewerb/BRA1/saison_id/2025/plus/1/page/4
Jádson,Central Midfield,Club Athletico Paranaense,Brazil,22,1,5,-,-,-,5,0.23,2025,https://www.transfermarkt.com/campeonato-brasileiro-serie-a/suenderkartei/wettbewerb/BRA1/saison_id/2025/plus/1/page/4
Gabriel,Defensive Midfield,Red Bull Bragantino,Brazil,18,1,5,-,-,-,5,0.28,2025,https://www.transfermarkt.com/campeonato-brasileiro-serie-a/suenderkartei/wettbewerb/BRA1/saison_id/2025/plus/1/page/4
Lucas Silva,Defensive Midfield,Cruzeiro Esporte Clube,Brazil,17,1,5,-,-,-,5,0.29,2025,https://www.transfermarkt.com/campeonato-brasileiro-serie-a/suenderkartei/wettbewerb/BRA1/saison_id/2025/plus/1/page/4
Luciano,Centre-Forward,São Paulo Futebol Clube,Brazil,22,1,5,-,-,-,5,0.23,2025,https://www.transfermarkt.com/campeonato-brasileiro-serie-a/suenderkartei/wettbewerb/BRA1/saison_id/2025/plus/1/page/4
Reinaldo,Left-Back,Mirassol Futebol Clube (SP),Brazil,25,1,5,-,-,-,5,0.20,2025,https://www.transfermarkt.com/campeonato-brasileiro-serie-a/suenderkartei/wettbewerb/BRA1/saison_id/2025/plus/1/page/4
Gerson,Central Midfield,Cruzeiro Esporte Clube,Brazil,24,1,5,-,-,-,5,0.21,2025,https://www.transfermarkt.com/campeonato-brasileiro-serie-a/suenderkartei/wettbewerb/BRA1/saison_id/2025/plus/1/page/4
Gabriel Brazão,Goalkeeper,Santos FC,Brazil,24,1,5,-,-,-,5,0.21,2025,https://www.transfermarkt.com/campeonato-brasileiro-serie-a/suenderkartei/wettbewerb/BRA1/saison_id/2025/plus/1/page/4
Alan Franco,Central Midfield,Clube Atlético Mineiro,Ecuador,20,1,5,-,-,-,5,0.25,2025,https://www.transfermarkt.com/campeonato-brasileiro-serie-a/suenderkartei/wettbewerb/BRA1/saison_id/2025/plus/1/page/4
Paulo Henrique,Right-Back,Clube de Regatas Vasco da Gama,Brazil,19,1,5,-,-,-,5,0.26,2025,https://www.transfermarkt.com/campeonato-brasileiro-serie-a/suenderkartei/wettbewerb/BRA1/saison_id/2025/plus/1/page/4
Carlos Vinícius,Centre-Forward,Grêmio Foot-Ball Porto Alegrense,Brazil,27,1,5,-,-,-,5,0.19,2025,https://www.transfermarkt.com/campeonato-brasileiro-serie-a/suenderkartei/wettbewerb/BRA1/saison_id/2025/plus/1/page/4
Caíque Gonçalves,Defensive Midfield,Esporte Clube Vitória,Brazil,23,1,5,-,-,-,5,0.22,2025,https://www.transfermarkt.com/campeonato-brasileiro-serie-a/suenderkartei/wettbewerb/BRA1/saison_id/2025/plus/1/page/4
André Silva,Centre-Forward,São Paulo Futebol Clube,Brazil,16,1,5,-,-,-,5,0.31,2025,https://www.transfermarkt.com/campeonato-brasileiro-serie-a/suenderkartei/wettbewerb/BRA1/saison_id/2025/plus/1/page/4
Juan Pablo Freytes,Centre-Back,Fluminense Football Club,Argentina,19,1,5,-,-,-,5,0.26,2025,https://www.transfermarkt.com/campeonato-brasileiro-serie-a/suenderkartei/wettbewerb/BRA1/saison_id/2025/plus/1/page/5
Matheus Bidu,Left-Back,Sport Club Corinthians Paulista,Brazil,22,1,5,-,-,-,5,0.23,2025,https://www.transfermarkt.com/campeonato-brasileiro-serie-a/suenderkartei/wettbewerb/BRA1/saison_id/2025/plus/1/page/5
Vitinho,Left Winger,Sport Club Internacional,Brazil,27,1,5,-,-,-,5,0.19,2025,https://www.transfermarkt.com/campeonato-brasileiro-serie-a/suenderkartei/wettbewerb/BRA1/saison_id/2025/plus/1/page/5
Erick Noriega,Defensive Midfield,Grêmio Foot-Ball Porto Alegrense,Peru,21,1,5,-,-,-,5,0.24,2025,https://www.transfermarkt.com/campeonato-brasileiro-serie-a/suenderkartei/wettbewerb/BRA1/saison_id/2025/plus/1/page/5
Edson Carioca,Centre-Forward,Mirassol Futebol Clube (SP),Brazil,18,1,5,-,-,-,5,0.28,2025,https://www.transfermarkt.com/campeonato-brasileiro-serie-a/suenderkartei/wettbewerb/BRA1/saison_id/2025/plus/1/page/5
Martinelli,Defensive Midfield,Fluminense Football Club,Brazil,20,1,5,-,-,-,5,0.25,2025,https://www.transfermarkt.com/campeonato-brasileiro-serie-a/suenderkartei/wettbewerb/BRA1/saison_id/2025/plus/1/page/5
Lucas Barbosa,Right Winger,Red Bull Bragantino,Brazil,25,1,5,-,-,-,5,0.20,2025,https://www.transfermarkt.com/campeonato-brasileiro-serie-a/suenderkartei/wettbewerb/BRA1/saison_id/2025/plus/1/page/5
Agustín Giay,Right-Back,Sociedade Esportiva Palmeiras,Argentina,23,1,5,-,-,-,5,0.22,2025,https://www.transfermarkt.com/campeonato-brasileiro-serie-a/suenderkartei/wettbewerb/BRA1/saison_id/2025/plus/1/page/5
Ignacio Sosa,Central Midfield,Red Bull Bragantino,Uruguay,16,1,5,-,-,-,5,0.31,2025,https://www.transfermarkt.com/campeonato-brasileiro-serie-a/suenderkartei/wettbewerb/BRA1/saison_id/2025/plus/1/page/5
Erick Pulga,Left Winger,Esporte Clube Bahia,Brazil,27,1,5,-,-,-,5,0.19,2025,https://www.transfermarkt.com/campeonato-brasileiro-serie-a/suenderkartei/wettbewerb/BRA1/saison_id/2025/plus/1/page/5
Henry Mosquera,Left Winger,Red Bull Bragantino,Colombia,21,1,5,-,-,-,5,0.24,2025,https://www.transfermarkt.com/campeonato-brasileiro-serie-a/suenderkartei/wettbewerb/BRA1/saison_id/2025/plus/1/page/5
Álvaro Montoro,Left Winger,Botafogo de Futebol e Regatas,Argentina,25,1,5,-,-,-,5,0.20,2025,https://www.transfermarkt.com/campeonato-brasileiro-serie-a/suenderkartei/wettbewerb/BRA1/saison_id/2025/plus/1/page/5
Huguinho,Defensive Midfield,Botafogo de Futebol e Regatas,Brazil,13,1,5,-,-,-,5,0.38,2025,https://www.transfermarkt.com/campeonato-brasileiro-serie-a/suenderkartei/wettbewerb/BRA1/saison_id/2025/plus/1/page/5
Marçal,Left-Back,Botafogo de Futebol e Regatas,Brazil,10,-,2,1,-,1,5,0.30,2025,https://www.transfermarkt.com/campeonato-brasileiro-serie-a/suenderkartei/wettbewerb/BRA1/saison_id/2025/plus/1/page/5
Yago Pikachu,Right Winger,Clube do Remo (PA),Brazil,27,-,2,1,-,1,5,0.11,2025,https://www.transfermarkt.com/campeonato-brasileiro-serie-a/suenderkartei/wettbewerb/BRA1/saison_id/2025/plus/1/page/5
Lyanco,Centre-Back,Clube Atlético Mineiro,Brazil,9,-,2,1,-,1,5,0.33,2025,https://www.transfermarkt.com/campeonato-brasileiro-serie-a/suenderkartei/wettbewerb/BRA1/saison_id/2025/plus/1/page/5
Maicon,Centre-Back,Coritiba Foot Ball Club,Brazil,15,-,-,-,1,1,5,0.07,2025,https://www.transfermarkt.com/campeonato-brasileiro-serie-a/suenderkartei/wettbewerb/BRA1/saison_id/2025/plus/1/page/5
Neto,Goalkeeper,Botafogo de Futebol e Regatas,Brazil,10,-,-,-,1,1,5,0.10,2025,https://www.transfermarkt.com/campeonato-brasileiro-serie-a/suenderkartei/wettbewerb/BRA1/saison_id/2025/plus/1/page/5
Yuri Lara,Defensive Midfield,Mirassol Futebol Clube (SP),Brazil,6,-,-,-,1,1,5,0.17,2025,https://www.transfermarkt.com/campeonato-brasileiro-serie-a/suenderkartei/wettbewerb/BRA1/saison_id/2025/plus/1/page/5
Edson Fernando,Defensive Midfield,Clube do Remo (PA),Brazil,2,-,-,-,1,1,5,0.50,2025,https://www.transfermarkt.com/campeonato-brasileiro-serie-a/suenderkartei/wettbewerb/BRA1/saison_id/2025/plus/1/page/5
Natanael,Right-Back,Clube Atlético Mineiro,Brazil,18,-,-,-,1,1,5,0.06,2025,https://www.transfermarkt.com/campeonato-brasileiro-serie-a/suenderkartei/wettbewerb/BRA1/saison_id/2025/plus/1/page/5
John Kennedy,Centre-Forward,Fluminense Football Club,Brazil,18,-,-,-,1,1,5,0.06,2025,https://www.transfermarkt.com/campeonato-brasileiro-serie-a/suenderkartei/wettbewerb/BRA1/saison_id/2025/plus/1/page/5
Thiago Beltrame,Goalkeeper,Grêmio Foot-Ball Porto Alegrense,Brazil,1,-,-,-,1,1,5,1.00,2025,https://www.transfermarkt.com/campeonato-brasileiro-serie-a/suenderkartei/wettbewerb/BRA1/saison_id/2025/plus/1/page/5
Renato Marques,Centre-Forward,,Brazil,7,-,-,-,1,1,5,0.14,2025,https://www.transfermarkt.com/campeonato-brasileiro-serie-a/suenderkartei/wettbewerb/BRA1/saison_id/2025/plus/1/page/5
Dell,Centre-Forward,Esporte Clube Bahia,Brazil,4,-,-,-,1,1,5,0.25,2025,https://www.transfermarkt.com/campeonato-brasileiro-serie-a/suenderkartei/wettbewerb/BRA1/saison_id/2025/plus/1/page/5
Luiz Gustavo,Defensive Midfield,Club Athletico Paranaense,Brazil,22,-,4,-,-,-,4,0.18,2025,https://www.transfermarkt.com/campeonato-brasileiro-serie-a/suenderkartei/wettbewerb/BRA1/saison_id/2025/plus/1/page/6
Yannick Bolasie,Centre-Forward,Associação Chapecoense de Futebol,DR Congo,20,-,4,-,-,-,4,0.20,2025,https://www.transfermarkt.com/campeonato-brasileiro-serie-a/suenderkartei/wettbewerb/BRA1/saison_id/2025/plus/1/page/6
André Carrillo,Central Midfield,Sport Club Corinthians Paulista,Peru,21,-,4,-,-,-,4,0.19,2025,https://www.transfermarkt.com/campeonato-brasileiro-serie-a/suenderkartei/wettbewerb/BRA1/saison_id/2025/plus/1/page/6
Walter Kannemann,Centre-Back,Grêmio Foot-Ball Porto Alegrense,Argentina,5,-,4,-,-,-,4,0.80,2025,https://www.transfermarkt.com/campeonato-brasileiro-serie-a/suenderkartei/wettbewerb/BRA1/saison_id/2025/plus/1/page/6
André Ramalho,Centre-Back,Sport Club Corinthians Paulista,Brazil,7,-,4,-,-,-,4,0.57,2025,https://www.transfermarkt.com/campeonato-brasileiro-serie-a/suenderkartei/wettbewerb/BRA1/saison_id/2025/plus/1/page/6
Guillermo Varela,Right-Back,CR Flamengo,Uruguay,21,-,4,-,-,-,4,0.19,2025,https://www.transfermarkt.com/campeonato-brasileiro-serie-a/suenderkartei/wettbewerb/BRA1/saison_id/2025/plus/1/page/6
Wendell,Left-Back,São Paulo Futebol Clube,Brazil,18,-,4,-,-,-,4,0.22,2025,https://www.transfermarkt.com/campeonato-brasileiro-serie-a/suenderkartei/wettbewerb/BRA1/saison_id/2025/plus/1/page/6
Alex Telles,Left-Back,Botafogo de Futebol e Regatas,Brazil,25,-,4,-,-,-,4,0.16,2025,https://www.transfermarkt.com/campeonato-brasileiro-serie-a/suenderkartei/wettbewerb/BRA1/saison_id/2025/plus/1/page/6
Pedro Henrique,Centre-Back,Red Bull Bragantino,Brazil,17,-,4,-,-,-,4,0.24,2025,https://www.transfermarkt.com/campeonato-brasileiro-serie-a/suenderkartei/wettbewerb/BRA1/saison_id/2025/plus/1/page/6
Bruno Henrique,Centre-Forward,CR Flamengo,Brazil,21,-,4,-,-,-,4,0.19,2025,https://www.transfermarkt.com/campeonato-brasileiro-serie-a/suenderkartei/wettbewerb/BRA1/saison_id/2025/plus/1/page/6
Matheuzinho,Attacking Midfield,Esporte Clube Vitória,Brazil,25,-,4,-,-,-,4,0.16,2025,https://www.transfermarkt.com/campeonato-brasileiro-serie-a/suenderkartei/wettbewerb/BRA1/saison_id/2025/plus/1/page/6
Rony,Centre-Forward,,Brazil,22,-,4,-,-,-,4,0.18,2025,https://www.transfermarkt.com/campeonato-brasileiro-serie-a/suenderkartei/wettbewerb/BRA1/saison_id/2025/plus/1/page/6
David Duarte,Centre-Back,Esporte Clube Bahia,Brazil,21,-,4,-,-,-,4,0.19,2025,https://www.transfermarkt.com/campeonato-brasileiro-serie-a/suenderkartei/wettbewerb/BRA1/saison_id/2025/plus/1/page/6
Angelo Preciado,Right-Back,Clube Atlético Mineiro,Ecuador,11,-,4,-,-,-,4,0.36,2025,https://www.transfermarkt.com/campeonato-brasileiro-serie-a/suenderkartei/wettbewerb/BRA1/saison_id/2025/plus/1/page/6
Rodrigo Nestor,Central Midfield,Esporte Clube Bahia,Brazil,21,-,4,-,-,-,4,0.19,2025,https://www.transfermarkt.com/campeonato-brasileiro-serie-a/suenderkartei/wettbewerb/BRA1/saison_id/2025/plus/1/page/6
Igor Vinícius,Right-Back,Santos FC,Brazil,20,-,4,-,-,-,4,0.20,2025,https://www.transfermarkt.com/campeonato-brasileiro-serie-a/suenderkartei/wettbewerb/BRA1/saison_id/2025/plus/1/page/6
Baralhas,Defensive Midfield,Esporte Clube Vitória,Brazil,18,-,4,-,-,-,4,0.22,2025,https://www.transfermarkt.com/campeonato-brasileiro-serie-a/suenderkartei/wettbewerb/BRA1/saison_id/2025/plus/1/page/6
Johan Carbonero,Left Winger,Sport Club Internacional,Colombia,27,-,4,-,-,-,4,0.15,2025,https://www.transfermarkt.com/campeonato-brasileiro-serie-a/suenderkartei/wettbewerb/BRA1/saison_id/2025/plus/1/page/6
Juan Portilla,Central Midfield,Club Athletico Paranaense,Colombia,20,-,4,-,-,-,4,0.20,2025,https://www.transfermarkt.com/campeonato-brasileiro-serie-a/suenderkartei/wettbewerb/BRA1/saison_id/2025/plus/1/page/6
Jhon Arias,Right Winger,Sociedade Esportiva Palmeiras,Colombia,22,-,4,-,-,-,4,0.18,2025,https://www.transfermarkt.com/campeonato-brasileiro-serie-a/suenderkartei/wettbewerb/BRA1/saison_id/2025/plus/1/page/6
Willian Machado,Centre-Back,Mirassol Futebol Clube (SP),Brazil,23,-,4,-,-,-,4,0.17,2025,https://www.transfermarkt.com/campeonato-brasileiro-serie-a/suenderkartei/wettbewerb/BRA1/saison_id/2025/plus/1/page/6
Ignácio,Centre-Back,Fluminense Football Club,Brazil,14,-,4,-,-,-,4,0.29,2025,https://www.transfermarkt.com/campeonato-brasileiro-serie-a/suenderkartei/wettbewerb/BRA1/saison_id/2025/plus/1/page/6
Ramon,Left-Back,Esporte Clube Vitória,Brazil,20,-,4,-,-,-,4,0.20,2025,https://www.transfermarkt.com/campeonato-brasileiro-serie-a/suenderkartei/wettbewerb/BRA1/saison_id/2025/plus/1/page/6
José Herrera,Right Winger,Red Bull Bragantino,Argentina,22,-,4,-,-,-,4,0.18,2025,https://www.transfermarkt.com/campeonato-brasileiro-serie-a/suenderkartei/wettbewerb/BRA1/saison_id/2025/plus/1/page/6
Luciano Juba,Left-Back,Esporte Clube Bahia,Brazil,24,-,4,-,-,-,4,0.17,2025,https://www.transfermarkt.com/campeonato-brasileiro-serie-a/suenderkartei/wettbewerb/BRA1/saison_id/2025/plus/1/page/6
Bruno Gomes,Right-Back,Sport Club Internacional,Brazil,27,-,4,-,-,-,4,0.15,2025,https://www.transfermarkt.com/campeonato-brasileiro-serie-a/suenderkartei/wettbewerb/BRA1/saison_id/2025/plus/1/page/7
Patrick de Paula,Defensive Midfield,,Brazil,6,-,4,-,-,-,4,0.67,2025,https://www.transfermarkt.com/campeonato-brasileiro-serie-a/suenderkartei/wettbewerb/BRA1/saison_id/2025/plus/1/page/7
Ramón Sosa,Left Winger,Sociedade Esportiva Palmeiras,Paraguay,20,-,4,-,-,-,4,0.20,2025,https://www.transfermarkt.com/campeonato-brasileiro-serie-a/suenderkartei/wettbewerb/BRA1/saison_id/2025/plus/1/page/7
Zé Vitor,Central Midfield,Esporte Clube Vitória,Brazil,19,-,4,-,-,-,4,0.21,2025,https://www.transfermarkt.com/campeonato-brasileiro-serie-a/suenderkartei/wettbewerb/BRA1/saison_id/2025/plus/1/page/7
Mateo Ponte,Right-Back,Botafogo de Futebol e Regatas,Uruguay,12,-,4,-,-,-,4,0.33,2025,https://www.transfermarkt.com/campeonato-brasileiro-serie-a/suenderkartei/wettbewerb/BRA1/saison_id/2025/plus/1/page/7
Cuiabano,Left-Back,Clube de Regatas Vasco da Gama,Brazil,17,-,4,-,-,-,4,0.24,2025,https://www.transfermarkt.com/campeonato-brasileiro-serie-a/suenderkartei/wettbewerb/BRA1/saison_id/2025/plus/1/page/7
Joaquín Lavega,Left Winger,Coritiba Foot Ball Club,Uruguay,26,-,4,-,-,-,4,0.15,2025,https://www.transfermarkt.com/campeonato-brasileiro-serie-a/suenderkartei/wettbewerb/BRA1/saison_id/2025/plus/1/page/7
Robert Renan,Centre-Back,Clube de Regatas Vasco da Gama,Brazil,26,-,4,-,-,-,4,0.15,2025,https://www.transfermarkt.com/campeonato-brasileiro-serie-a/suenderkartei/wettbewerb/BRA1/saison_id/2025/plus/1/page/7
Breno Bidon,Central Midfield,Sport Club Corinthians Paulista,Brazil,25,-,4,-,-,-,4,0.16,2025,https://www.transfermarkt.com/campeonato-brasileiro-serie-a/suenderkartei/wettbewerb/BRA1/saison_id/2025/plus/1/page/7
Jonathan Jesus,Centre-Back,Cruzeiro Esporte Clube,Brazil,17,-,4,-,-,-,4,0.24,2025,https://www.transfermarkt.com/campeonato-brasileiro-serie-a/suenderkartei/wettbewerb/BRA1/saison_id/2025/plus/1/page/7
Gabriel Justino,Centre-Back,Botafogo de Futebol e Regatas,Brazil,13,-,4,-,-,-,4,0.31,2025,https://www.transfermarkt.com/campeonato-brasileiro-serie-a/suenderkartei/wettbewerb/BRA1/saison_id/2025/plus/1/page/7
William,Right-Back,Cruzeiro Esporte Clube,Brazil,13,-,1,1,-,1,4,0.15,2025,https://www.transfermarkt.com/campeonato-brasileiro-serie-a/suenderkartei/wettbewerb/BRA1/saison_id/2025/plus/1/page/7
Michel Araújo,Right Winger,Esporte Clube Bahia,Uruguay,18,-,1,1,-,1,4,0.11,2025,https://www.transfermarkt.com/campeonato-brasileiro-serie-a/suenderkartei/wettbewerb/BRA1/saison_id/2025/plus/1/page/7
Wagner Leonardo,Centre-Back,Grêmio Foot-Ball Porto Alegrense,Brazil,10,-,1,1,-,1,4,0.20,2025,https://www.transfermarkt.com/campeonato-brasileiro-serie-a/suenderkartei/wettbewerb/BRA1/saison_id/2025/plus/1/page/7
Arthur Gabriel,Left-Back,Sociedade Esportiva Palmeiras,Brazil,19,-,1,1,-,1,4,0.11,2025,https://www.transfermarkt.com/campeonato-brasileiro-serie-a/suenderkartei/wettbewerb/BRA1/saison_id/2025/plus/1/page/7
Fagner,Right-Back,Cruzeiro Esporte Clube,Brazil,20,-,3,-,-,-,3,0.15,2025,https://www.transfermarkt.com/campeonato-brasileiro-serie-a/suenderkartei/wettbewerb/BRA1/saison_id/2025/plus/1/page/7
Rafael Tolói,Centre-Back,São Paulo Futebol Clube,Italy,8,-,3,-,-,-,3,0.38,2025,https://www.transfermarkt.com/campeonato-brasileiro-serie-a/suenderkartei/wettbewerb/BRA1/saison_id/2025/plus/1/page/7
Allan,Defensive Midfield,Botafogo de Futebol e Regatas,Brazil,12,-,3,-,-,-,3,0.25,2025,https://www.transfermarkt.com/campeonato-brasileiro-serie-a/suenderkartei/wettbewerb/BRA1/saison_id/2025/plus/1/page/7
Santos,Goalkeeper,Club Athletico Paranaense,Brazil,24,-,3,-,-,-,3,0.13,2025,https://www.transfermarkt.com/campeonato-brasileiro-serie-a/suenderkartei/wettbewerb/BRA1/saison_id/2025/plus/1/page/7
João Schmidt,Defensive Midfield,Santos FC,Brazil,15,-,3,-,-,-,3,0.20,2025,https://www.transfermarkt.com/campeonato-brasileiro-serie-a/suenderkartei/wettbewerb/BRA1/saison_id/2025/plus/1/page/7
Andreas Pereira,Central Midfield,Sociedade Esportiva Palmeiras,Brazil,27,-,3,-,-,-,3,0.11,2025,https://www.transfermarkt.com/campeonato-brasileiro-serie-a/suenderkartei/wettbewerb/BRA1/saison_id/2025/plus/1/page/7
Gustavo Henrique,Centre-Back,Sport Club Corinthians Paulista,Brazil,23,-,3,-,-,-,3,0.13,2025,https://www.transfermarkt.com/campeonato-brasileiro-serie-a/suenderkartei/wettbewerb/BRA1/saison_id/2025/plus/1/page/7
Joaquín Correa,Second Striker,Botafogo de Futebol e Regatas,Argentina,6,-,3,-,-,-,3,0.50,2025,https://www.transfermarkt.com/campeonato-brasileiro-serie-a/suenderkartei/wettbewerb/BRA1/saison_id/2025/plus/1/page/7
Alisson,Central Midfield,,Brazil,8,-,3,-,-,-,3,0.38,2025,https://www.transfermarkt.com/campeonato-brasileiro-serie-a/suenderkartei/wettbewerb/BRA1/saison_id/2025/plus/1/page/7
Lucas Romero,Defensive Midfield,Cruzeiro Esporte Clube,Argentina,19,-,3,-,-,-,3,0.16,2025,https://www.transfermarkt.com/campeonato-brasileiro-serie-a/suenderkartei/wettbewerb/BRA1/saison_id/2025/plus/1/page/7
Fabrizio Angileri,Left-Back,Sport Club Corinthians Paulista,Argentina,10,-,3,-,-,-,3,0.30,2025,https://www.transfermarkt.com/campeonato-brasileiro-serie-a/suenderkartei/wettbewerb/BRA1/saison_id/2025/plus/1/page/8
Walter,Goalkeeper,Mirassol Futebol Clube (SP),Brazil,24,-,3,-,-,-,3,0.13,2025,https://www.transfermarkt.com/campeonato-brasileiro-serie-a/suenderkartei/wettbewerb/BRA1/saison_id/2025/plus/1/page/8
Everton,Left Winger,,Brazil,13,-,3,-,-,-,3,0.23,2025,https://www.transfermarkt.com/campeonato-brasileiro-serie-a/suenderkartei/wettbewerb/BRA1/saison_id/2025/plus/1/page/8
Tchê Tchê,Central Midfield,Clube de Regatas Vasco da Gama,Brazil,20,-,3,-,-,-,3,0.15,2025,https://www.transfermarkt.com/campeonato-brasileiro-serie-a/suenderkartei/wettbewerb/BRA1/saison_id/2025/plus/1/page/8
Nicolás de la Cruz,Central Midfield,CR Flamengo,Uruguay,12,-,3,-,-,-,3,0.25,2025,https://www.transfermarkt.com/campeonato-brasileiro-serie-a/suenderkartei/wettbewerb/BRA1/saison_id/2025/plus/1/page/8
Renato Kayzer,Centre-Forward,Esporte Clube Vitória,Brazil,20,-,3,-,-,-,3,0.15,2025,https://www.transfermarkt.com/campeonato-brasileiro-serie-a/suenderkartei/wettbewerb/BRA1/saison_id/2025/plus/1/page/8
Marlon,Left-Back,Grêmio Foot-Ball Porto Alegrense,Brazil,10,-,3,-,-,-,3,0.30,2025,https://www.transfermarkt.com/campeonato-brasileiro-serie-a/suenderkartei/wettbewerb/BRA1/saison_id/2025/plus/1/page/8
Lucas Veríssimo,Centre-Back,Santos FC,Brazil,15,-,3,-,-,-,3,0.20,2025,https://www.transfermarkt.com/campeonato-brasileiro-serie-a/suenderkartei/wettbewerb/BRA1/saison_id/2025/plus/1/page/8
José Luis Rodríguez,Right-Back,Clube de Regatas Vasco da Gama,Uruguay,18,-,3,-,-,-,3,0.17,2025,https://www.transfermarkt.com/campeonato-brasileiro-serie-a/suenderkartei/wettbewerb/BRA1/saison_id/2025/plus/1/page/8
Bruno Pacheco,Left-Back,Associação Chapecoense de Futebol,Brazil,18,-,3,-,-,-,3,0.17,2025,https://www.transfermarkt.com/campeonato-brasileiro-serie-a/suenderkartei/wettbewerb/BRA1/saison_id/2025/plus/1/page/8
Lucas Paquetá,Attacking Midfield,CR Flamengo,Brazil,19,-,3,-,-,-,3,0.16,2025,https://www.transfermarkt.com/campeonato-brasileiro-serie-a/suenderkartei/wettbewerb/BRA1/saison_id/2025/plus/1/page/8
Nuno Moreira,Right Winger,Clube de Regatas Vasco da Gama,Portugal,19,-,3,-,-,-,3,0.16,2025,https://www.transfermarkt.com/campeonato-brasileiro-serie-a/suenderkartei/wettbewerb/BRA1/saison_id/2025/plus/1/page/8
Félix Torres,Centre-Back,Sport Club Internacional,Ecuador,19,-,3,-,-,-,3,0.16,2025,https://www.transfermarkt.com/campeonato-brasileiro-serie-a/suenderkartei/wettbewerb/BRA1/saison_id/2025/plus/1/page/8
Vitinho,Right-Back,Botafogo de Futebol e Regatas,Brazil,26,-,3,-,-,-,3,0.12,2025,https://www.transfermarkt.com/campeonato-brasileiro-serie-a/suenderkartei/wettbewerb/BRA1/saison_id/2025/plus/1/page/8
Alesson,Left Winger,Mirassol Futebol Clube (SP),Brazil,24,-,3,-,-,-,3,0.13,2025,https://www.transfermarkt.com/campeonato-brasileiro-serie-a/suenderkartei/wettbewerb/BRA1/saison_id/2025/plus/1/page/8
Zé Ivaldo,Centre-Back,,Brazil,10,-,3,-,-,-,3,0.30,2025,https://www.transfermarkt.com/campeonato-brasileiro-serie-a/suenderkartei/wettbewerb/BRA1/saison_id/2025/plus/1/page/8
Alan Franco,Centre-Back,São Paulo Futebol Clube,Argentina,13,-,3,-,-,-,3,0.23,2025,https://www.transfermarkt.com/campeonato-brasileiro-serie-a/suenderkartei/wettbewerb/BRA1/saison_id/2025/plus/1/page/8
Ademir,Right Winger,Esporte Clube Bahia,Brazil,26,-,3,-,-,-,3,0.12,2025,https://www.transfermarkt.com/campeonato-brasileiro-serie-a/suenderkartei/wettbewerb/BRA1/saison_id/2025/plus/1/page/8
Matheus Henrique,Central Midfield,Cruzeiro Esporte Clube,Brazil,25,-,3,-,-,-,3,0.12,2025,https://www.transfermarkt.com/campeonato-brasileiro-serie-a/suenderkartei/wettbewerb/BRA1/saison_id/2025/plus/1/page/8
Juan Felipe Aguirre,Centre-Back,Club Athletico Paranaense,Colombia,24,-,3,-,-,-,3,0.13,2025,https://www.transfermarkt.com/campeonato-brasileiro-serie-a/suenderkartei/wettbewerb/BRA1/saison_id/2025/plus/1/page/8
Sebastián Gómez,Central Midfield,Coritiba Foot Ball Club,Colombia,24,-,3,-,-,-,3,0.13,2025,https://www.transfermarkt.com/campeonato-brasileiro-serie-a/suenderkartei/wettbewerb/BRA1/saison_id/2025/plus/1/page/8
Hugo Souza,Goalkeeper,Sport Club Corinthians Paulista,Brazil,24,-,3,-,-,-,3,0.13,2025,https://www.transfermarkt.com/campeonato-brasileiro-serie-a/suenderkartei/wettbewerb/BRA1/saison_id/2025/plus/1/page/8
Jean Lucas,Central Midfield,Esporte Clube Bahia,Brazil,24,-,3,-,-,-,3,0.13,2025,https://www.transfermarkt.com/campeonato-brasileiro-serie-a/suenderkartei/wettbewerb/BRA1/saison_id/2025/plus/1/page/8
Guga,Right-Back,Fluminense Football Club,Brazil,16,-,3,-,-,-,3,0.19,2025,https://www.transfermarkt.com/campeonato-brasileiro-serie-a/suenderkartei/wettbewerb/BRA1/saison_id/2025/plus/1/page/8
João Victor,Centre-Back,Mirassol Futebol Clube (SP),Brazil,27,-,3,-,-,-,3,0.11,2025,https://www.transfermarkt.com/campeonato-brasileiro-serie-a/suenderkartei/wettbewerb/BRA1/saison_id/2025/plus/1/page/8
José Enamorado,Right Winger,Grêmio Foot-Ball Porto Alegrense,Colombia,23,-,3,-,-,-,3,0.13,2025,https://www.transfermarkt.com/campeonato-brasileiro-serie-a/suenderkartei/wettbewerb/BRA1/saison_id/2025/plus/1/page/9
Victor Caetano,Centre-Back,Associação Chapecoense de Futebol,Brazil,8,-,3,-,-,-,3,0.38,2025,https://www.transfermarkt.com/campeonato-brasileiro-serie-a/suenderkartei/wettbewerb/BRA1/saison_id/2025/plus/1/page/9
Carlos Miguel,Goalkeeper,Sociedade Esportiva Palmeiras,Brazil,27,-,3,-,-,-,3,0.11,2025,https://www.transfermarkt.com/campeonato-brasileiro-serie-a/suenderkartei/wettbewerb/BRA1/saison_id/2025/plus/1/page/9
Khellven,Right-Back,Sociedade Esportiva Palmeiras,Brazil,20,-,3,-,-,-,3,0.15,2025,https://www.transfermarkt.com/campeonato-brasileiro-serie-a/suenderkartei/wettbewerb/BRA1/saison_id/2025/plus/1/page/9
Rodrigo Villagra,Defensive Midfield,Sport Club Internacional,Argentina,20,-,3,-,-,-,3,0.15,2025,https://www.transfermarkt.com/campeonato-brasileiro-serie-a/suenderkartei/wettbewerb/BRA1/saison_id/2025/plus/1/page/9
Cristian Olivera,Right Winger,Esporte Clube Bahia,Uruguay,20,-,3,-,-,-,3,0.15,2025,https://www.transfermarkt.com/campeonato-brasileiro-serie-a/suenderkartei/wettbewerb/BRA1/saison_id/2025/plus/1/page/9
João Lucas,Right-Back,Clube do Remo (PA),Brazil,6,-,3,-,-,-,3,0.50,2025,https://www.transfermarkt.com/campeonato-brasileiro-serie-a/suenderkartei/wettbewerb/BRA1/saison_id/2025/plus/1/page/9
Isidro Pitta,Centre-Forward,Red Bull Bragantino,Paraguay,24,-,3,-,-,-,3,0.13,2025,https://www.transfermarkt.com/campeonato-brasileiro-serie-a/suenderkartei/wettbewerb/BRA1/saison_id/2025/plus/1/page/9
Negueba,Right Winger,Mirassol Futebol Clube (SP),Brazil,9,-,3,-,-,-,3,0.33,2025,https://www.transfermarkt.com/campeonato-brasileiro-serie-a/suenderkartei/wettbewerb/BRA1/saison_id/2025/plus/1/page/9
Marcelinho,Right-Back,Clube do Remo (PA),Brazil,23,-,3,-,-,-,3,0.13,2025,https://www.transfermarkt.com/campeonato-brasileiro-serie-a/suenderkartei/wettbewerb/BRA1/saison_id/2025/plus/1/page/9
Santiago Ramos Mingo,Centre-Back,Esporte Clube Bahia,Argentina,24,-,3,-,-,-,3,0.13,2025,https://www.transfermarkt.com/campeonato-brasileiro-serie-a/suenderkartei/wettbewerb/BRA1/saison_id/2025/plus/1/page/9
Igor Formiga,Right-Back,Mirassol Futebol Clube (SP),Brazil,25,-,3,-,-,-,3,0.12,2025,https://www.transfermarkt.com/campeonato-brasileiro-serie-a/suenderkartei/wettbewerb/BRA1/saison_id/2025/plus/1/page/9
Samuel Lino,Left Winger,CR Flamengo,Brazil,27,-,3,-,-,-,3,0.11,2025,https://www.transfermarkt.com/campeonato-brasileiro-serie-a/suenderkartei/wettbewerb/BRA1/saison_id/2025/plus/1/page/9
Bruno Leonardo,Centre-Back,Associação Chapecoense de Futebol,Brazil,15,-,3,-,-,-,3,0.20,2025,https://www.transfermarkt.com/campeonato-brasileiro-serie-a/suenderkartei/wettbewerb/BRA1/saison_id/2025/plus/1/page/9
João Paulo,Centre-Back,Associação Chapecoense de Futebol,Brazil,6,-,3,-,-,-,3,0.50,2025,https://www.transfermarkt.com/campeonato-brasileiro-serie-a/suenderkartei/wettbewerb/BRA1/saison_id/2025/plus/1/page/9
Rodriguinho,Attacking Midfield,Red Bull Bragantino,Brazil,16,-,3,-,-,-,3,0.19,2025,https://www.transfermarkt.com/campeonato-brasileiro-serie-a/suenderkartei/wettbewerb/BRA1/saison_id/2025/plus/1/page/9
Braian Aguirre,Right-Back,Sport Club Internacional,Argentina,19,-,3,-,-,-,3,0.16,2025,https://www.transfermarkt.com/campeonato-brasileiro-serie-a/suenderkartei/wettbewerb/BRA1/saison_id/2025/plus/1/page/9
Leonel Pérez,Defensive Midfield,Grêmio Foot-Ball Porto Alegrense,Argentina,12,-,3,-,-,-,3,0.25,2025,https://www.transfermarkt.com/campeonato-brasileiro-serie-a/suenderkartei/wettbewerb/BRA1/saison_id/2025/plus/1/page/9
Damián Bobadilla,Central Midfield,São Paulo Futebol Clube,Paraguay,16,-,3,-,-,-,3,0.19,2025,https://www.transfermarkt.com/campeonato-brasileiro-serie-a/suenderkartei/wettbewerb/BRA1/saison_id/2025/plus/1/page/9
Vini Paulista,Central Midfield,Coritiba Foot Ball Club,Brazil,24,-,3,-,-,-,3,0.13,2025,https://www.transfermarkt.com/campeonato-brasileiro-serie-a/suenderkartei/wettbewerb/BRA1/saison_id/2025/plus/1/page/9
Matheus Felipe,Centre-Back,Clube do Remo (PA),Brazil,3,-,3,-,-,-,3,1.00,2025,https://www.transfermarkt.com/campeonato-brasileiro-serie-a/suenderkartei/wettbewerb/BRA1/saison_id/2025/plus/1/page/9
Nathan Mendes,Right-Back,Esporte Clube Vitória,Brazil,13,-,3,-,-,-,3,0.23,2025,https://www.transfermarkt.com/campeonato-brasileiro-serie-a/suenderkartei/wettbewerb/BRA1/saison_id/2025/plus/1/page/9
Pablo Maia,Defensive Midfield,São Paulo Futebol Clube,Brazil,18,-,3,-,-,-,3,0.17,2025,https://www.transfermarkt.com/campeonato-brasileiro-serie-a/suenderkartei/wettbewerb/BRA1/saison_id/2025/plus/1/page/9
Johan Rojas,Attacking Midfield,Clube de Regatas Vasco da Gama,Colombia,18,-,3,-,-,-,3,0.17,2025,https://www.transfermarkt.com/campeonato-brasileiro-serie-a/suenderkartei/wettbewerb/BRA1/saison_id/2025/plus/1/page/9
Gustavo Marques,Centre-Back,Red Bull Bragantino,Brazil,24,-,3,-,-,-,3,0.13,2025,https://www.transfermarkt.com/campeonato-brasileiro-serie-a/suenderkartei/wettbewerb/BRA1/saison_id/2025/plus/1/page/9
Hércules,Central Midfield,Fluminense Football Club,Brazil,24,-,3,-,-,-,3,0.13,2025,https://www.transfermarkt.com/campeonato-brasileiro-serie-a/suenderkartei/wettbewerb/BRA1/saison_id/2025/plus/1/page/10
Alan Saldivia,Centre-Back,Clube de Regatas Vasco da Gama,Uruguay,12,-,3,-,-,-,3,0.25,2025,https://www.transfermarkt.com/campeonato-brasileiro-serie-a/suenderkartei/wettbewerb/BRA1/saison_id/2025/plus/1/page/10
João Cruz,Central Midfield,Club Athletico Paranaense,Brazil,21,-,3,-,-,-,3,0.14,2025,https://www.transfermarkt.com/campeonato-brasileiro-serie-a/suenderkartei/wettbewerb/BRA1/saison_id/2025/plus/1/page/10
André Henrique,Centre-Forward,Grêmio Foot-Ball Porto Alegrense,Brazil,5,-,3,-,-,-,3,0.60,2025,https://www.transfermarkt.com/campeonato-brasileiro-serie-a/suenderkartei/wettbewerb/BRA1/saison_id/2025/plus/1/page/10
Zé Guilherme,Left-Back,Esporte Clube Bahia,Brazil,6,-,3,-,-,-,3,0.50,2025,https://www.transfermarkt.com/campeonato-brasileiro-serie-a/suenderkartei/wettbewerb/BRA1/saison_id/2025/plus/1/page/10
Gabriel Bontempo,Central Midfield,Santos FC,Brazil,24,-,3,-,-,-,3,0.13,2025,https://www.transfermarkt.com/campeonato-brasileiro-serie-a/suenderkartei/wettbewerb/BRA1/saison_id/2025/plus/1/page/10
Lucas Ronier,Right Winger,Coritiba Foot Ball Club,Brazil,18,-,3,-,-,-,3,0.17,2025,https://www.transfermarkt.com/campeonato-brasileiro-serie-a/suenderkartei/wettbewerb/BRA1/saison_id/2025/plus/1/page/10
Iván Román,Centre-Back,Clube Atlético Mineiro,Chile,6,-,3,-,-,-,3,0.50,2025,https://www.transfermarkt.com/campeonato-brasileiro-serie-a/suenderkartei/wettbewerb/BRA1/saison_id/2025/plus/1/page/10
Jemmes,Centre-Back,Fluminense Football Club,Brazil,19,-,3,-,-,-,3,0.16,2025,https://www.transfermarkt.com/campeonato-brasileiro-serie-a/suenderkartei/wettbewerb/BRA1/saison_id/2025/plus/1/page/10
Gabriel Mec,Right Winger,Grêmio Foot-Ball Porto Alegrense,Brazil,16,-,3,-,-,-,3,0.19,2025,https://www.transfermarkt.com/campeonato-brasileiro-serie-a/suenderkartei/wettbewerb/BRA1/saison_id/2025/plus/1/page/10
Kaique Kenji,Left Winger,Cruzeiro Esporte Clube,Brazil,11,-,3,-,-,-,3,0.27,2025,https://www.transfermarkt.com/campeonato-brasileiro-serie-a/suenderkartei/wettbewerb/BRA1/saison_id/2025/plus/1/page/10
Kadir Barría,Centre-Forward,Botafogo de Futebol e Regatas,Panama,14,-,3,-,-,-,3,0.21,2025,https://www.transfermarkt.com/campeonato-brasileiro-serie-a/suenderkartei/wettbewerb/BRA1/saison_id/2025/plus/1/page/10
Danilo,Centre-Back,CR Flamengo,Brazil,9,-,-,1,-,1,3,0.11,2025,https://www.transfermarkt.com/campeonato-brasileiro-serie-a/suenderkartei/wettbewerb/BRA1/saison_id/2025/plus/1/page/10
Gabriel Poveda,Centre-Forward,Clube do Remo (PA),Brazil,15,-,-,1,-,1,3,0.07,2025,https://www.transfermarkt.com/campeonato-brasileiro-serie-a/suenderkartei/wettbewerb/BRA1/saison_id/2025/plus/1/page/10
Riquelme,Attacking Midfield,Grêmio Foot-Ball Porto Alegrense,Brazil,3,-,-,1,-,1,3,0.33,2025,https://www.transfermarkt.com/campeonato-brasileiro-serie-a/suenderkartei/wettbewerb/BRA1/saison_id/2025/plus/1/page/10
Ganso,Attacking Midfield,Fluminense Football Club,Brazil,19,-,2,-,-,-,2,0.11,2025,https://www.transfermarkt.com/campeonato-brasileiro-serie-a/suenderkartei/wettbewerb/BRA1/saison_id/2025/plus/1/page/10
Weverton,Goalkeeper,Grêmio Foot-Ball Porto Alegrense,Brazil,26,-,2,-,-,-,2,0.08,2025,https://www.transfermarkt.com/campeonato-brasileiro-serie-a/suenderkartei/wettbewerb/BRA1/saison_id/2025/plus/1/page/10
Hulk,Centre-Forward,,Brazil,21,-,2,-,-,-,2,0.10,2025,https://www.transfermarkt.com/campeonato-brasileiro-serie-a/suenderkartei/wettbewerb/BRA1/saison_id/2025/plus/1/page/10
Giovanni Augusto,Attacking Midfield,Associação Chapecoense de Futebol,Brazil,19,-,2,-,-,-,2,0.11,2025,https://www.transfermarkt.com/campeonato-brasileiro-serie-a/suenderkartei/wettbewerb/BRA1/saison_id/2025/plus/1/page/10
Jesse Lingard,Attacking Midfield,Sport Club Corinthians Paulista,England,17,-,2,-,-,-,2,0.12,2025,https://www.transfermarkt.com/campeonato-brasileiro-serie-a/suenderkartei/wettbewerb/BRA1/saison_id/2025/plus/1/page/10
Vitor Hugo,Centre-Back,Clube Atlético Mineiro,Brazil,14,-,2,-,-,-,2,0.14,2025,https://www.transfermarkt.com/campeonato-brasileiro-serie-a/suenderkartei/wettbewerb/BRA1/saison_id/2025/plus/1/page/10
Eduardo Sasha,Centre-Forward,Red Bull Bragantino,Brazil,19,-,2,-,-,-,2,0.11,2025,https://www.transfermarkt.com/campeonato-brasileiro-serie-a/suenderkartei/wettbewerb/BRA1/saison_id/2025/plus/1/page/10
Edenilson,Central Midfield,,Brazil,21,-,2,-,-,-,2,0.10,2025,https://www.transfermarkt.com/campeonato-brasileiro-serie-a/suenderkartei/wettbewerb/BRA1/saison_id/2025/plus/1/page/10
Willian Arão,Defensive Midfield,Santos FC,Brazil,21,-,2,-,-,-,2,0.10,2025,https://www.transfermarkt.com/campeonato-brasileiro-serie-a/suenderkartei/wettbewerb/BRA1/saison_id/2025/plus/1/page/10
Gustavo Gómez,Centre-Back,Sociedade Esportiva Palmeiras,Paraguay,25,-,2,-,-,-,2,0.08,2025,https://www.transfermarkt.com/campeonato-brasileiro-serie-a/suenderkartei/wettbewerb/BRA1/saison_id/2025/plus/1/page/10
Tiago Volpi,Goalkeeper,Red Bull Bragantino,Brazil,20,-,2,-,-,-,2,0.10,2025,https://www.transfermarkt.com/campeonato-brasileiro-serie-a/suenderkartei/wettbewerb/BRA1/saison_id/2025/plus/1/page/11
Victor Luís,Left-Back,,Brazil,7,-,2,-,-,-,2,0.29,2025,https://www.transfermarkt.com/campeonato-brasileiro-serie-a/suenderkartei/wettbewerb/BRA1/saison_id/2025/plus/1/page/11
Lucas Villalba,Centre-Back,Cruzeiro Esporte Clube,Argentina,15,-,2,-,-,-,2,0.13,2025,https://www.transfermarkt.com/campeonato-brasileiro-serie-a/suenderkartei/wettbewerb/BRA1/saison_id/2025/plus/1/page/11
Giorgian de Arrascaeta,Attacking Midfield,CR Flamengo,Uruguay,21,-,2,-,-,-,2,0.10,2025,https://www.transfermarkt.com/campeonato-brasileiro-serie-a/suenderkartei/wettbewerb/BRA1/saison_id/2025/plus/1/page/11
Guillermo Maripán,Centre-Back,Sport Club Internacional,Chile,9,-,2,-,-,-,2,0.22,2025,https://www.transfermarkt.com/campeonato-brasileiro-serie-a/suenderkartei/wettbewerb/BRA1/saison_id/2025/plus/1/page/11
Emanuel Brítez,Centre-Back,Esporte Clube Vitória,Argentina,9,-,2,-,-,-,2,0.22,2025,https://www.transfermarkt.com/campeonato-brasileiro-serie-a/suenderkartei/wettbewerb/BRA1/saison_id/2025/plus/1/page/11
Lucas Evangelista,Central Midfield,Sociedade Esportiva Palmeiras,Brazil,23,-,2,-,-,-,2,0.09,2025,https://www.transfermarkt.com/campeonato-brasileiro-serie-a/suenderkartei/wettbewerb/BRA1/saison_id/2025/plus/1/page/11
Júnior Alonso,Centre-Back,Clube Atlético Mineiro,Paraguay,10,-,2,-,-,-,2,0.20,2025,https://www.transfermarkt.com/campeonato-brasileiro-serie-a/suenderkartei/wettbewerb/BRA1/saison_id/2025/plus/1/page/11
Alex Muralha,Goalkeeper,Mirassol Futebol Clube (SP),Brazil,3,-,2,-,-,-,2,0.67,2025,https://www.transfermarkt.com/campeonato-brasileiro-serie-a/suenderkartei/wettbewerb/BRA1/saison_id/2025/plus/1/page/11
Danielzinho,Central Midfield,São Paulo Futebol Clube,Brazil,24,-,2,-,-,-,2,0.08,2025,https://www.transfermarkt.com/campeonato-brasileiro-serie-a/suenderkartei/wettbewerb/BRA1/saison_id/2025/plus/1/page/11
João Pedro,Centre-Forward,Clube do Remo (PA),Guinea-Bissau,6,-,2,-,-,-,2,0.33,2025,https://www.transfermarkt.com/campeonato-brasileiro-serie-a/suenderkartei/wettbewerb/BRA1/saison_id/2025/plus/1/page/11
Jefferson Savarino,Attacking Midfield,Fluminense Football Club,Venezuela,20,-,2,-,-,-,2,0.10,2025,https://www.transfermarkt.com/campeonato-brasileiro-serie-a/suenderkartei/wettbewerb/BRA1/saison_id/2025/plus/1/page/11
Otávio,Defensive Midfield,Fluminense Football Club,Brazil,7,-,2,-,-,-,2,0.29,2025,https://www.transfermarkt.com/campeonato-brasileiro-serie-a/suenderkartei/wettbewerb/BRA1/saison_id/2025/plus/1/page/11
Rafael Santos Borré,Centre-Forward,Sport Club Internacional,Colombia,18,-,2,-,-,-,2,0.11,2025,https://www.transfermarkt.com/campeonato-brasileiro-serie-a/suenderkartei/wettbewerb/BRA1/saison_id/2025/plus/1/page/11
Matheus Pereira,Central Midfield,Sport Club Corinthians Paulista,Brazil,20,-,2,-,-,-,2,0.10,2025,https://www.transfermarkt.com/campeonato-brasileiro-serie-a/suenderkartei/wettbewerb/BRA1/saison_id/2025/plus/1/page/11
Guilherme Arana,Left-Back,Fluminense Football Club,Brazil,16,-,2,-,-,-,2,0.13,2025,https://www.transfermarkt.com/campeonato-brasileiro-serie-a/suenderkartei/wettbewerb/BRA1/saison_id/2025/plus/1/page/11
Yago Felipe,Central Midfield,Associação Chapecoense de Futebol,Brazil,6,-,2,-,-,-,2,0.33,2025,https://www.transfermarkt.com/campeonato-brasileiro-serie-a/suenderkartei/wettbewerb/BRA1/saison_id/2025/plus/1/page/11
Matheus Fernandes,Defensive Midfield,Red Bull Bragantino,Brazil,15,-,2,-,-,-,2,0.13,2025,https://www.transfermarkt.com/campeonato-brasileiro-serie-a/suenderkartei/wettbewerb/BRA1/saison_id/2025/plus/1/page/11
Dodi,Defensive Midfield,Grêmio Foot-Ball Porto Alegrense,Brazil,8,-,2,-,-,-,2,0.25,2025,https://www.transfermarkt.com/campeonato-brasileiro-serie-a/suenderkartei/wettbewerb/BRA1/saison_id/2025/plus/1/page/11
Ronaldo,Goalkeeper,Esporte Clube Bahia,Brazil,19,-,2,-,-,-,2,0.11,2025,https://www.transfermarkt.com/campeonato-brasileiro-serie-a/suenderkartei/wettbewerb/BRA1/saison_id/2025/plus/1/page/11
Thaciano,Attacking Midfield,Santos FC,Brazil,19,-,2,-,-,-,2,0.11,2025,https://www.transfermarkt.com/campeonato-brasileiro-serie-a/suenderkartei/wettbewerb/BRA1/saison_id/2025/plus/1/page/11
Ronaldo,Defensive Midfield,Sport Club Internacional,Brazil,12,-,2,-,-,-,2,0.17,2025,https://www.transfermarkt.com/campeonato-brasileiro-serie-a/suenderkartei/wettbewerb/BRA1/saison_id/2025/plus/1/page/11
Vitão,Centre-Back,CR Flamengo,Brazil,9,-,2,-,-,-,2,0.22,2025,https://www.transfermarkt.com/campeonato-brasileiro-serie-a/suenderkartei/wettbewerb/BRA1/saison_id/2025/plus/1/page/11
Luiz Araújo,Right Winger,CR Flamengo,Brazil,15,-,2,-,-,-,2,0.13,2025,https://www.transfermarkt.com/campeonato-brasileiro-serie-a/suenderkartei/wettbewerb/BRA1/saison_id/2025/plus/1/page/11
Mathías Villasanti,Defensive Midfield,Grêmio Foot-Ball Porto Alegrense,Paraguay,9,-,2,-,-,-,2,0.22,2025,https://www.transfermarkt.com/campeonato-brasileiro-serie-a/suenderkartei/wettbewerb/BRA1/saison_id/2025/plus/1/page/11
Shaylon,Attacking Midfield,Mirassol Futebol Clube (SP),Brazil,21,-,2,-,-,-,2,0.10,2025,https://www.transfermarkt.com/campeonato-brasileiro-serie-a/suenderkartei/wettbewerb/BRA1/saison_id/2025/plus/1/page/12
Yuri Alberto,Centre-Forward,Sport Club Corinthians Paulista,Brazil,17,-,2,-,-,-,2,0.12,2025,https://www.transfermarkt.com/campeonato-brasileiro-serie-a/suenderkartei/wettbewerb/BRA1/saison_id/2025/plus/1/page/12
Antonio Galeano,Right Winger,,Paraguay,17,-,2,-,-,-,2,0.12,2025,https://www.transfermarkt.com/campeonato-brasileiro-serie-a/suenderkartei/wettbewerb/BRA1/saison_id/2025/plus/1/page/12
Benjamín Rollheiser,Right Winger,Santos FC,Argentina,22,-,2,-,-,-,2,0.09,2025,https://www.transfermarkt.com/campeonato-brasileiro-serie-a/suenderkartei/wettbewerb/BRA1/saison_id/2025/plus/1/page/12
Joaquín Piquerez,Left-Back,Sociedade Esportiva Palmeiras,Uruguay,14,-,2,-,-,-,2,0.14,2025,https://www.transfermarkt.com/campeonato-brasileiro-serie-a/suenderkartei/wettbewerb/BRA1/saison_id/2025/plus/1/page/12
Tomás Cuello,Left Winger,Clube Atlético Mineiro,Argentina,23,-,2,-,-,-,2,0.09,2025,https://www.transfermarkt.com/campeonato-brasileiro-serie-a/suenderkartei/wettbewerb/BRA1/saison_id/2025/plus/1/page/12
Marcinho,Right Winger,Associação Chapecoense de Futebol,Brazil,26,-,2,-,-,-,2,0.08,2025,https://www.transfermarkt.com/campeonato-brasileiro-serie-a/suenderkartei/wettbewerb/BRA1/saison_id/2025/plus/1/page/12
Erick,Right Winger,Esporte Clube Vitória,Brazil,26,-,2,-,-,-,2,0.08,2025,https://www.transfermarkt.com/campeonato-brasileiro-serie-a/suenderkartei/wettbewerb/BRA1/saison_id/2025/plus/1/page/12
Kanu,Centre-Back,Esporte Clube Bahia,Brazil,5,-,2,-,-,-,2,0.40,2025,https://www.transfermarkt.com/campeonato-brasileiro-serie-a/suenderkartei/wettbewerb/BRA1/saison_id/2025/plus/1/page/12
Fernando,Centre-Forward,Red Bull Bragantino,Brazil,14,-,2,-,-,-,2,0.14,2025,https://www.transfermarkt.com/campeonato-brasileiro-serie-a/suenderkartei/wettbewerb/BRA1/saison_id/2025/plus/1/page/12
Júnior Santos,Right Winger,,Brazil,16,-,2,-,-,-,2,0.13,2025,https://www.transfermarkt.com/campeonato-brasileiro-serie-a/suenderkartei/wettbewerb/BRA1/saison_id/2025/plus/1/page/12
Nathan Fogaça,Centre-Forward,Mirassol Futebol Clube (SP),Brazil,10,-,2,-,-,-,2,0.20,2025,https://www.transfermarkt.com/campeonato-brasileiro-serie-a/suenderkartei/wettbewerb/BRA1/saison_id/2025/plus/1/page/12
Lucas Oliveira,Centre-Back,Mirassol Futebol Clube (SP),Brazil,10,-,2,-,-,-,2,0.20,2025,https://www.transfermarkt.com/campeonato-brasileiro-serie-a/suenderkartei/wettbewerb/BRA1/saison_id/2025/plus/1/page/12
Gonzalo Plata,Right Winger,CR Flamengo,Ecuador,16,-,2,-,-,-,2,0.13,2025,https://www.transfermarkt.com/campeonato-brasileiro-serie-a/suenderkartei/wettbewerb/BRA1/saison_id/2025/plus/1/page/12
Julimar,Left Winger,Club Athletico Paranaense,Brazil,13,-,2,-,-,-,2,0.15,2025,https://www.transfermarkt.com/campeonato-brasileiro-serie-a/suenderkartei/wettbewerb/BRA1/saison_id/2025/plus/1/page/12
Marcos Vinícius,Right-Back,Associação Chapecoense de Futebol,Brazil,10,-,2,-,-,-,2,0.20,2025,https://www.transfermarkt.com/campeonato-brasileiro-serie-a/suenderkartei/wettbewerb/BRA1/saison_id/2025/plus/1/page/12
Adonis Frías,Centre-Back,Santos FC,Argentina,9,-,2,-,-,-,2,0.22,2025,https://www.transfermarkt.com/campeonato-brasileiro-serie-a/suenderkartei/wettbewerb/BRA1/saison_id/2025/plus/1/page/12
Gabriel Menino,Right-Back,Santos FC,Brazil,12,-,2,-,-,-,2,0.17,2025,https://www.transfermarkt.com/campeonato-brasileiro-serie-a/suenderkartei/wettbewerb/BRA1/saison_id/2025/plus/1/page/12
Eric Ramires,Central Midfield,Red Bull Bragantino,Brazil,19,-,2,-,-,-,2,0.11,2025,https://www.transfermarkt.com/campeonato-brasileiro-serie-a/suenderkartei/wettbewerb/BRA1/saison_id/2025/plus/1/page/12
Leonel Picco,Defensive Midfield,Clube do Remo (PA),Argentina,25,-,2,-,-,-,2,0.08,2025,https://www.transfermarkt.com/campeonato-brasileiro-serie-a/suenderkartei/wettbewerb/BRA1/saison_id/2025/plus/1/page/12
Matheus Martins,Left Winger,Botafogo de Futebol e Regatas,Brazil,21,-,2,-,-,-,2,0.10,2025,https://www.transfermarkt.com/campeonato-brasileiro-serie-a/suenderkartei/wettbewerb/BRA1/saison_id/2025/plus/1/page/12
Mauricio,Attacking Midfield,Sociedade Esportiva Palmeiras,Paraguay,24,-,2,-,-,-,2,0.08,2025,https://www.transfermarkt.com/campeonato-brasileiro-serie-a/suenderkartei/wettbewerb/BRA1/saison_id/2025/plus/1/page/12
José Andrés Hurtado,Right-Back,Red Bull Bragantino,Ecuador,17,-,2,-,-,-,2,0.12,2025,https://www.transfermarkt.com/campeonato-brasileiro-serie-a/suenderkartei/wettbewerb/BRA1/saison_id/2025/plus/1/page/12
Juan Nardoni,Central Midfield,Grêmio Foot-Ball Porto Alegrense,Argentina,17,-,2,-,-,-,2,0.12,2025,https://www.transfermarkt.com/campeonato-brasileiro-serie-a/suenderkartei/wettbewerb/BRA1/saison_id/2025/plus/1/page/12
Carvalheira,Defensive Midfield,Associação Chapecoense de Futebol,Brazil,14,-,2,-,-,-,2,0.14,2025,https://www.transfermarkt.com/campeonato-brasileiro-serie-a/suenderkartei/wettbewerb/BRA1/saison_id/2025/plus/1/page/12
Fernando,Left-Back,Associação Chapecoense de Futebol,Brazil,8,-,2,-,-,-,2,0.25,2025,https://www.transfermarkt.com/campeonato-brasileiro-serie-a/suenderkartei/wettbewerb/BRA1/saison_id/2025/plus/1/page/13
Ênio,Left Winger,Associação Chapecoense de Futebol,Brazil,14,-,2,-,-,-,2,0.14,2025,https://www.transfermarkt.com/campeonato-brasileiro-serie-a/suenderkartei/wettbewerb/BRA1/saison_id/2025/plus/1/page/13
João Marcelo,Centre-Back,Cruzeiro Esporte Clube,Brazil,13,-,2,-,-,-,2,0.15,2025,https://www.transfermarkt.com/campeonato-brasileiro-serie-a/suenderkartei/wettbewerb/BRA1/saison_id/2025/plus/1/page/13
Kaio César,Right Winger,Sport Club Corinthians Paulista,Brazil,16,-,2,-,-,-,2,0.13,2025,https://www.transfermarkt.com/campeonato-brasileiro-serie-a/suenderkartei/wettbewerb/BRA1/saison_id/2025/plus/1/page/13
Lucas Monzón,Centre-Back,Botafogo de Futebol e Regatas,Uruguay,6,-,2,-,-,-,2,0.33,2025,https://www.transfermarkt.com/campeonato-brasileiro-serie-a/suenderkartei/wettbewerb/BRA1/saison_id/2025/plus/1/page/13
Diego Hernández,Left Winger,Clube do Remo (PA),Uruguay,9,-,2,-,-,-,2,0.22,2025,https://www.transfermarkt.com/campeonato-brasileiro-serie-a/suenderkartei/wettbewerb/BRA1/saison_id/2025/plus/1/page/13
Danilo,Central Midfield,Botafogo de Futebol e Regatas,Brazil,21,-,2,-,-,-,2,0.10,2025,https://www.transfermarkt.com/campeonato-brasileiro-serie-a/suenderkartei/wettbewerb/BRA1/saison_id/2025/plus/1/page/13
Newton,Defensive Midfield,,Brazil,10,-,2,-,-,-,2,0.20,2025,https://www.transfermarkt.com/campeonato-brasileiro-serie-a/suenderkartei/wettbewerb/BRA1/saison_id/2025/plus/1/page/13
José Manuel López,Centre-Forward,Sociedade Esportiva Palmeiras,Argentina,25,-,2,-,-,-,2,0.08,2025,https://www.transfermarkt.com/campeonato-brasileiro-serie-a/suenderkartei/wettbewerb/BRA1/saison_id/2025/plus/1/page/13
Lucas Villalba,Right Winger,Botafogo de Futebol e Regatas,Uruguay,17,-,2,-,-,-,2,0.12,2025,https://www.transfermarkt.com/campeonato-brasileiro-serie-a/suenderkartei/wettbewerb/BRA1/saison_id/2025/plus/1/page/13
Matheus Cunha,Goalkeeper,,Brazil,16,-,2,-,-,-,2,0.13,2025,https://www.transfermarkt.com/campeonato-brasileiro-serie-a/suenderkartei/wettbewerb/BRA1/saison_id/2025/plus/1/page/13
Facundo Bernal,Defensive Midfield,Fluminense Football Club,Uruguay,10,-,2,-,-,-,2,0.20,2025,https://www.transfermarkt.com/campeonato-brasileiro-serie-a/suenderkartei/wettbewerb/BRA1/saison_id/2025/plus/1/page/13
Rodrigo Castillo,Centre-Forward,Fluminense Football Club,Argentina,15,-,2,-,-,-,2,0.13,2025,https://www.transfermarkt.com/campeonato-brasileiro-serie-a/suenderkartei/wettbewerb/BRA1/saison_id/2025/plus/1/page/13
Mateo Sanabria,Left Winger,Esporte Clube Bahia,Argentina,14,-,2,-,-,-,2,0.14,2025,https://www.transfermarkt.com/campeonato-brasileiro-serie-a/suenderkartei/wettbewerb/BRA1/saison_id/2025/plus/1/page/13
Gabriel,Centre-Back,Mirassol Futebol Clube (SP),Brazil,8,-,2,-,-,-,2,0.25,2025,https://www.transfermarkt.com/campeonato-brasileiro-serie-a/suenderkartei/wettbewerb/BRA1/saison_id/2025/plus/1/page/13
Rubens,Right Winger,Associação Chapecoense de Futebol,Brazil,11,-,2,-,-,-,2,0.18,2025,https://www.transfermarkt.com/campeonato-brasileiro-serie-a/suenderkartei/wettbewerb/BRA1/saison_id/2025/plus/1/page/13
Otávio,Goalkeeper,Cruzeiro Esporte Clube,Brazil,15,-,2,-,-,-,2,0.13,2025,https://www.transfermarkt.com/campeonato-brasileiro-serie-a/suenderkartei/wettbewerb/BRA1/saison_id/2025/plus/1/page/13
Kauê,Goalkeeper,Sport Club Corinthians Paulista,Brazil,4,-,2,-,-,-,2,0.50,2025,https://www.transfermarkt.com/campeonato-brasileiro-serie-a/suenderkartei/wettbewerb/BRA1/saison_id/2025/plus/1/page/13
Wesley,Left Winger,Cruzeiro Esporte Clube,Brazil,6,-,2,-,-,-,2,0.33,2025,https://www.transfermarkt.com/campeonato-brasileiro-serie-a/suenderkartei/wettbewerb/BRA1/saison_id/2025/plus/1/page/13
Paulo Roberto,Centre-Forward,Coritiba Foot Ball Club,Brazil,8,-,2,-,-,-,2,0.25,2025,https://www.transfermarkt.com/campeonato-brasileiro-serie-a/suenderkartei/wettbewerb/BRA1/saison_id/2025/plus/1/page/13
JP Chermont,Right-Back,,Brazil,17,-,2,-,-,-,2,0.12,2025,https://www.transfermarkt.com/campeonato-brasileiro-serie-a/suenderkartei/wettbewerb/BRA1/saison_id/2025/plus/1/page/13
David Braga,Defensive Midfield,Clube do Remo (PA),Brazil,11,-,2,-,-,-,2,0.18,2025,https://www.transfermarkt.com/campeonato-brasileiro-serie-a/suenderkartei/wettbewerb/BRA1/saison_id/2025/plus/1/page/13
Diego Caito,Right-Back,Grêmio Foot-Ball Porto Alegrense,Brazil,7,-,2,-,-,-,2,0.29,2025,https://www.transfermarkt.com/campeonato-brasileiro-serie-a/suenderkartei/wettbewerb/BRA1/saison_id/2025/plus/1/page/13
Dantas,Centre-Back,Club Athletico Paranaense,Brazil,6,-,2,-,-,-,2,0.33,2025,https://www.transfermarkt.com/campeonato-brasileiro-serie-a/suenderkartei/wettbewerb/BRA1/saison_id/2025/plus/1/page/13
Renê,Left Winger,Esporte Clube Vitória,Brazil,21,-,2,-,-,-,2,0.10,2025,https://www.transfermarkt.com/campeonato-brasileiro-serie-a/suenderkartei/wettbewerb/BRA1/saison_id/2025/plus/1/page/13
Felipinho,Central Midfield,Club Athletico Paranaense,Brazil,9,-,2,-,-,-,2,0.22,2025,https://www.transfermarkt.com/campeonato-brasileiro-serie-a/suenderkartei/wettbewerb/BRA1/saison_id/2025/plus/1/page/14
Tomás Pérez,Defensive Midfield,Clube Atlético Mineiro,Argentina,14,-,2,-,-,-,2,0.14,2025,https://www.transfermarkt.com/campeonato-brasileiro-serie-a/suenderkartei/wettbewerb/BRA1/saison_id/2025/plus/1/page/14
Luighi,Centre-Forward,Sociedade Esportiva Palmeiras,Brazil,7,-,2,-,-,-,2,0.29,2025,https://www.transfermarkt.com/campeonato-brasileiro-serie-a/suenderkartei/wettbewerb/BRA1/saison_id/2025/plus/1/page/14
Wallace,Centre-Back,Grêmio Foot-Ball Porto Alegrense,Brazil,8,-,2,-,-,-,2,0.25,2025,https://www.transfermarkt.com/campeonato-brasileiro-serie-a/suenderkartei/wettbewerb/BRA1/saison_id/2025/plus/1/page/14
Diego Tarzia,Left Winger,Esporte Clube Vitória,Argentina,23,-,2,-,-,-,2,0.09,2025,https://www.transfermarkt.com/campeonato-brasileiro-serie-a/suenderkartei/wettbewerb/BRA1/saison_id/2025/plus/1/page/14
Román Gómez,Right-Back,Esporte Clube Bahia,Argentina,13,-,2,-,-,-,2,0.15,2025,https://www.transfermarkt.com/campeonato-brasileiro-serie-a/suenderkartei/wettbewerb/BRA1/saison_id/2025/plus/1/page/14
Luis Pacheco,Defensive Midfield,Sociedade Esportiva Palmeiras,Brazil,4,-,2,-,-,-,2,0.50,2025,https://www.transfermarkt.com/campeonato-brasileiro-serie-a/suenderkartei/wettbewerb/BRA1/saison_id/2025/plus/1/page/14
Felipe Morais,Attacking Midfield,Cruzeiro Esporte Clube,Brazil,4,-,2,-,-,-,2,0.50,2025,https://www.transfermarkt.com/campeonato-brasileiro-serie-a/suenderkartei/wettbewerb/BRA1/saison_id/2025/plus/1/page/14
Djhordney,Central Midfield,São Paulo Futebol Clube,Brazil,6,-,2,-,-,-,2,0.33,2025,https://www.transfermarkt.com/campeonato-brasileiro-serie-a/suenderkartei/wettbewerb/BRA1/saison_id/2025/plus/1/page/14
Kauã Moraes,Right-Back,Cruzeiro Esporte Clube,Brazil,10,-,2,-,-,-,2,0.20,2025,https://www.transfermarkt.com/campeonato-brasileiro-serie-a/suenderkartei/wettbewerb/BRA1/saison_id/2025/plus/1/page/14
Mamady Cissé,Central Midfield,Clube Atlético Mineiro,Guinea,15,-,2,-,-,-,2,0.13,2025,https://www.transfermarkt.com/campeonato-brasileiro-serie-a/suenderkartei/wettbewerb/BRA1/saison_id/2025/plus/1/page/14
Fábio,Goalkeeper,Fluminense Football Club,Brazil,28,-,1,-,-,-,1,0.04,2025,https://www.transfermarkt.com/campeonato-brasileiro-serie-a/suenderkartei/wettbewerb/BRA1/saison_id/2025/plus/1/page/14
Thiago Silva,Centre-Back,Fluminense Football Club,Brazil,4,-,1,-,-,-,1,0.25,2025,https://www.transfermarkt.com/campeonato-brasileiro-serie-a/suenderkartei/wettbewerb/BRA1/saison_id/2025/plus/1/page/14
Everton Ribeiro,Attacking Midfield,Esporte Clube Bahia,Brazil,19,-,1,-,-,-,1,0.05,2025,https://www.transfermarkt.com/campeonato-brasileiro-serie-a/suenderkartei/wettbewerb/BRA1/saison_id/2025/plus/1/page/14
Rafael,Goalkeeper,São Paulo Futebol Clube,Brazil,26,-,1,-,-,-,1,0.04,2025,https://www.transfermarkt.com/campeonato-brasileiro-serie-a/suenderkartei/wettbewerb/BRA1/saison_id/2025/plus/1/page/14
Marinho,Right Winger,Esporte Clube Vitória,Brazil,14,-,1,-,-,-,1,0.07,2025,https://www.transfermarkt.com/campeonato-brasileiro-serie-a/suenderkartei/wettbewerb/BRA1/saison_id/2025/plus/1/page/14
Tomás Rincón,Defensive Midfield,Santos FC,Venezuela,2,-,1,-,-,-,1,0.50,2025,https://www.transfermarkt.com/campeonato-brasileiro-serie-a/suenderkartei/wettbewerb/BRA1/saison_id/2025/plus/1/page/14
Jean Carlos,Attacking Midfield,Associação Chapecoense de Futebol,Brazil,17,-,1,-,-,-,1,0.06,2025,https://www.transfermarkt.com/campeonato-brasileiro-serie-a/suenderkartei/wettbewerb/BRA1/saison_id/2025/plus/1/page/14
Tiquinho Soares,Centre-Forward,,Brazil,9,-,1,-,-,-,1,0.11,2025,https://www.transfermarkt.com/campeonato-brasileiro-serie-a/suenderkartei/wettbewerb/BRA1/saison_id/2025/plus/1/page/14
Alan Patrick,Attacking Midfield,Sport Club Internacional,Brazil,23,-,1,-,-,-,1,0.04,2025,https://www.transfermarkt.com/campeonato-brasileiro-serie-a/suenderkartei/wettbewerb/BRA1/saison_id/2025/plus/1/page/14
Cédric Soares,Right-Back,São Paulo Futebol Clube,Portugal,8,-,1,-,-,-,1,0.13,2025,https://www.transfermarkt.com/campeonato-brasileiro-serie-a/suenderkartei/wettbewerb/BRA1/saison_id/2025/plus/1/page/14
Willian José,Centre-Forward,Esporte Clube Bahia,Brazil,22,-,1,-,-,-,1,0.05,2025,https://www.transfermarkt.com/campeonato-brasileiro-serie-a/suenderkartei/wettbewerb/BRA1/saison_id/2025/plus/1/page/14
Zakaria Labyad,Attacking Midfield,Sport Club Corinthians Paulista,Morocco,11,-,1,-,-,-,1,0.09,2025,https://www.transfermarkt.com/campeonato-brasileiro-serie-a/suenderkartei/wettbewerb/BRA1/saison_id/2025/plus/1/page/14
Robert Arboleda,Centre-Back,São Paulo Futebol Clube,Ecuador,14,-,1,-,-,-,1,0.07,2025,https://www.transfermarkt.com/campeonato-brasileiro-serie-a/suenderkartei/wettbewerb/BRA1/saison_id/2025/plus/1/page/14
Mayke,Right-Back,Santos FC,Brazil,3,-,1,-,-,-,1,0.33,2025,https://www.transfermarkt.com/campeonato-brasileiro-serie-a/suenderkartei/wettbewerb/BRA1/saison_id/2025/plus/1/page/14
Felipe Anderson,Left Winger,Sociedade Esportiva Palmeiras,Brazil,21,-,1,-,-,-,1,0.05,2025,https://www.transfermarkt.com/campeonato-brasileiro-serie-a/suenderkartei/wettbewerb/BRA1/saison_id/2025/plus/1/page/15
Gabriel Pires,Defensive Midfield,Mirassol Futebol Clube (SP),Brazil,7,-,1,-,-,-,1,0.14,2025,https://www.transfermarkt.com/campeonato-brasileiro-serie-a/suenderkartei/wettbewerb/BRA1/saison_id/2025/plus/1/page/15
Memphis Depay,Centre-Forward,Sport Club Corinthians Paulista,Netherlands,12,-,1,-,-,-,1,0.08,2025,https://www.transfermarkt.com/campeonato-brasileiro-serie-a/suenderkartei/wettbewerb/BRA1/saison_id/2025/plus/1/page/15
Fred,Central Midfield,Clube Atlético Mineiro,Brazil,4,-,1,-,-,-,1,0.25,2025,https://www.transfermarkt.com/campeonato-brasileiro-serie-a/suenderkartei/wettbewerb/BRA1/saison_id/2025/plus/1/page/15
Bastos,Centre-Back,Botafogo de Futebol e Regatas,Angola,6,-,1,-,-,-,1,0.17,2025,https://www.transfermarkt.com/campeonato-brasileiro-serie-a/suenderkartei/wettbewerb/BRA1/saison_id/2025/plus/1/page/15
Renê,Left-Back,Fluminense Football Club,Brazil,20,-,1,-,-,-,1,0.05,2025,https://www.transfermarkt.com/campeonato-brasileiro-serie-a/suenderkartei/wettbewerb/BRA1/saison_id/2025/plus/1/page/15
Matheus Dória,Centre-Back,São Paulo Futebol Clube,Brazil,4,-,1,-,-,-,1,0.25,2025,https://www.transfermarkt.com/campeonato-brasileiro-serie-a/suenderkartei/wettbewerb/BRA1/saison_id/2025/plus/1/page/15
Zé Rafael,Central Midfield,Santos FC,Brazil,5,-,1,-,-,-,1,0.20,2025,https://www.transfermarkt.com/campeonato-brasileiro-serie-a/suenderkartei/wettbewerb/BRA1/saison_id/2025/plus/1/page/15
Sergio Rochet,Goalkeeper,Sport Club Internacional,Uruguay,11,-,1,-,-,-,1,0.09,2025,https://www.transfermarkt.com/campeonato-brasileiro-serie-a/suenderkartei/wettbewerb/BRA1/saison_id/2025/plus/1/page/15
João Paulo,Goalkeeper,,Brazil,2,-,1,-,-,-,1,0.50,2025,https://www.transfermarkt.com/campeonato-brasileiro-serie-a/suenderkartei/wettbewerb/BRA1/saison_id/2025/plus/1/page/15
Daniel Borges,Right-Back,Mirassol Futebol Clube (SP),Brazil,6,-,1,-,-,-,1,0.17,2025,https://www.transfermarkt.com/campeonato-brasileiro-serie-a/suenderkartei/wettbewerb/BRA1/saison_id/2025/plus/1/page/15
Bruno Henrique,Central Midfield,Sport Club Internacional,Brazil,25,-,1,-,-,-,1,0.04,2025,https://www.transfermarkt.com/campeonato-brasileiro-serie-a/suenderkartei/wettbewerb/BRA1/saison_id/2025/plus/1/page/15
Dodô,Left Winger,Clube do Remo (PA),Brazil,1,-,1,-,-,-,1,1.00,2025,https://www.transfermarkt.com/campeonato-brasileiro-serie-a/suenderkartei/wettbewerb/BRA1/saison_id/2025/plus/1/page/15
Léo Jardim,Goalkeeper,Clube de Regatas Vasco da Gama,Brazil,27,-,1,-,-,-,1,0.04,2025,https://www.transfermarkt.com/campeonato-brasileiro-serie-a/suenderkartei/wettbewerb/BRA1/saison_id/2025/plus/1/page/15
Yeferson Soteldo,Left Winger,Fluminense Football Club,Venezuela,19,-,1,-,-,-,1,0.05,2025,https://www.transfermarkt.com/campeonato-brasileiro-serie-a/suenderkartei/wettbewerb/BRA1/saison_id/2025/plus/1/page/15
Aitor Cantalapiedra,Right Winger,Esporte Clube Vitória,Spain,8,-,1,-,-,-,1,0.13,2025,https://www.transfermarkt.com/campeonato-brasileiro-serie-a/suenderkartei/wettbewerb/BRA1/saison_id/2025/plus/1/page/15
Zé Marcos,Centre-Back,Esporte Clube Vitória,Brazil,2,-,1,-,-,-,1,0.50,2025,https://www.transfermarkt.com/campeonato-brasileiro-serie-a/suenderkartei/wettbewerb/BRA1/saison_id/2025/plus/1/page/15
João Pedro,Right-Back,Grêmio Foot-Ball Porto Alegrense,Brazil,7,-,1,-,-,-,1,0.14,2025,https://www.transfermarkt.com/campeonato-brasileiro-serie-a/suenderkartei/wettbewerb/BRA1/saison_id/2025/plus/1/page/15
Mateo Cassierra,Centre-Forward,Clube Atlético Mineiro,Colombia,21,-,1,-,-,-,1,0.05,2025,https://www.transfermarkt.com/campeonato-brasileiro-serie-a/suenderkartei/wettbewerb/BRA1/saison_id/2025/plus/1/page/15
Arthur Melo,Defensive Midfield,,Brazil,13,-,1,-,-,-,1,0.08,2025,https://www.transfermarkt.com/campeonato-brasileiro-serie-a/suenderkartei/wettbewerb/BRA1/saison_id/2025/plus/1/page/15
Carlinhos,Centre-Forward,Clube do Remo (PA),Brazil,0,-,1,-,-,-,1,,2025,https://www.transfermarkt.com/campeonato-brasileiro-serie-a/suenderkartei/wettbewerb/BRA1/saison_id/2025/plus/1/page/15
Carlos Eduardo,Right Winger,Mirassol Futebol Clube (SP),Brazil,17,-,1,-,-,-,1,0.06,2025,https://www.transfermarkt.com/campeonato-brasileiro-serie-a/suenderkartei/wettbewerb/BRA1/saison_id/2025/plus/1/page/15
Tetê,Right Winger,Grêmio Foot-Ball Porto Alegrense,Brazil,22,-,1,-,-,-,1,0.05,2025,https://www.transfermarkt.com/campeonato-brasileiro-serie-a/suenderkartei/wettbewerb/BRA1/saison_id/2025/plus/1/page/15
Clayton,Centre-Back,Sport Club Internacional,Brazil,0,-,1,-,-,-,1,,2025,https://www.transfermarkt.com/campeonato-brasileiro-serie-a/suenderkartei/wettbewerb/BRA1/saison_id/2025/plus/1/page/15
Alerrandro,Centre-Forward,Sport Club Internacional,Brazil,21,-,1,-,-,-,1,0.05,2025,https://www.transfermarkt.com/campeonato-brasileiro-serie-a/suenderkartei/wettbewerb/BRA1/saison_id/2025/plus/1/page/15
Lima,Attacking Midfield,,Brazil,4,-,1,-,-,-,1,0.25,2025,https://www.transfermarkt.com/campeonato-brasileiro-serie-a/suenderkartei/wettbewerb/BRA1/saison_id/2025/plus/1/page/16
Vitor Bueno,Attacking Midfield,Clube do Remo (PA),Brazil,21,-,1,-,-,-,1,0.05,2025,https://www.transfermarkt.com/campeonato-brasileiro-serie-a/suenderkartei/wettbewerb/BRA1/saison_id/2025/plus/1/page/16
Brenner,Centre-Forward,Clube de Regatas Vasco da Gama,Brazil,15,-,1,-,-,-,1,0.07,2025,https://www.transfermarkt.com/campeonato-brasileiro-serie-a/suenderkartei/wettbewerb/BRA1/saison_id/2025/plus/1/page/16
Marcelo Rangel,Goalkeeper,Clube do Remo (PA),Brazil,27,-,1,-,-,-,1,0.04,2025,https://www.transfermarkt.com/campeonato-brasileiro-serie-a/suenderkartei/wettbewerb/BRA1/saison_id/2025/plus/1/page/16
Paulinho,Second Striker,Sociedade Esportiva Palmeiras,Brazil,6,-,1,-,-,-,1,0.17,2025,https://www.transfermarkt.com/campeonato-brasileiro-serie-a/suenderkartei/wettbewerb/BRA1/saison_id/2025/plus/1/page/16
Pedro,Centre-Forward,CR Flamengo,Brazil,28,-,1,-,-,-,1,0.04,2025,https://www.transfermarkt.com/campeonato-brasileiro-serie-a/suenderkartei/wettbewerb/BRA1/saison_id/2025/plus/1/page/16
Daniel Fuzato,Goalkeeper,Clube de Regatas Vasco da Gama,Brazil,0,-,1,-,-,-,1,,2025,https://www.transfermarkt.com/campeonato-brasileiro-serie-a/suenderkartei/wettbewerb/BRA1/saison_id/2025/plus/1/page/16
Artur,Right Winger,,Brazil,22,-,1,-,-,-,1,0.05,2025,https://www.transfermarkt.com/campeonato-brasileiro-serie-a/suenderkartei/wettbewerb/BRA1/saison_id/2025/plus/1/page/16
Fernandinho,Left Winger,Mirassol Futebol Clube (SP),Brazil,9,-,1,-,-,-,1,0.11,2025,https://www.transfermarkt.com/campeonato-brasileiro-serie-a/suenderkartei/wettbewerb/BRA1/saison_id/2025/plus/1/page/16
Nicolás Fonseca,Defensive Midfield,Coritiba Foot Ball Club,Uruguay,1,-,1,-,-,-,1,1.00,2025,https://www.transfermarkt.com/campeonato-brasileiro-serie-a/suenderkartei/wettbewerb/BRA1/saison_id/2025/plus/1/page/16
Santiago Rodríguez,Attacking Midfield,Botafogo de Futebol e Regatas,Uruguay,15,-,1,-,-,-,1,0.07,2025,https://www.transfermarkt.com/campeonato-brasileiro-serie-a/suenderkartei/wettbewerb/BRA1/saison_id/2025/plus/1/page/16
Cleiton,Goalkeeper,Red Bull Bragantino,Brazil,8,-,1,-,-,-,1,0.13,2025,https://www.transfermarkt.com/campeonato-brasileiro-serie-a/suenderkartei/wettbewerb/BRA1/saison_id/2025/plus/1/page/16
Marcos Antônio,Central Midfield,São Paulo Futebol Clube,Brazil,20,-,1,-,-,-,1,0.05,2025,https://www.transfermarkt.com/campeonato-brasileiro-serie-a/suenderkartei/wettbewerb/BRA1/saison_id/2025/plus/1/page/16
Gabriel Rojas,Left-Back,Cruzeiro Esporte Clube,Argentina,8,-,1,-,-,-,1,0.13,2025,https://www.transfermarkt.com/campeonato-brasileiro-serie-a/suenderkartei/wettbewerb/BRA1/saison_id/2025/plus/1/page/16
Warleson,Goalkeeper,Botafogo de Futebol e Regatas,Brazil,4,-,1,-,-,-,1,0.25,2025,https://www.transfermarkt.com/campeonato-brasileiro-serie-a/suenderkartei/wettbewerb/BRA1/saison_id/2025/plus/1/page/16
Charles,Defensive Midfield,Sport Club Corinthians Paulista,Brazil,5,-,1,-,-,-,1,0.20,2025,https://www.transfermarkt.com/campeonato-brasileiro-serie-a/suenderkartei/wettbewerb/BRA1/saison_id/2025/plus/1/page/16
Tchamba,Centre-Back,Clube do Remo (PA),Cameroon,20,-,1,-,-,-,1,0.05,2025,https://www.transfermarkt.com/campeonato-brasileiro-serie-a/suenderkartei/wettbewerb/BRA1/saison_id/2025/plus/1/page/16
Alexis Duarte,Centre-Back,Santos FC,Paraguay,1,-,1,-,-,-,1,1.00,2025,https://www.transfermarkt.com/campeonato-brasileiro-serie-a/suenderkartei/wettbewerb/BRA1/saison_id/2025/plus/1/page/16
Facundo Colidio,Centre-Forward,Clube de Regatas Vasco da Gama,Argentina,6,-,1,-,-,-,1,0.17,2025,https://www.transfermarkt.com/campeonato-brasileiro-serie-a/suenderkartei/wettbewerb/BRA1/saison_id/2025/plus/1/page/16
Julián Millán,Centre-Back,Fluminense Football Club,Colombia,8,-,1,-,-,-,1,0.13,2025,https://www.transfermarkt.com/campeonato-brasileiro-serie-a/suenderkartei/wettbewerb/BRA1/saison_id/2025/plus/1/page/16
Raul,Goalkeeper,Botafogo de Futebol e Regatas,Brazil,8,-,1,-,-,-,1,0.13,2025,https://www.transfermarkt.com/campeonato-brasileiro-serie-a/suenderkartei/wettbewerb/BRA1/saison_id/2025/plus/1/page/16
Gustavo Cazonatti,Defensive Midfield,Mirassol Futebol Clube (SP),Brazil,7,-,1,-,-,-,1,0.14,2025,https://www.transfermarkt.com/campeonato-brasileiro-serie-a/suenderkartei/wettbewerb/BRA1/saison_id/2025/plus/1/page/16
Elias,Right-Back,Mirassol Futebol Clube (SP),Brazil,2,-,1,-,-,-,1,0.50,2025,https://www.transfermarkt.com/campeonato-brasileiro-serie-a/suenderkartei/wettbewerb/BRA1/saison_id/2025/plus/1/page/16
Chris Ramos,Centre-Forward,Botafogo de Futebol e Regatas,Spain,3,-,1,-,-,-,1,0.33,2025,https://www.transfermarkt.com/campeonato-brasileiro-serie-a/suenderkartei/wettbewerb/BRA1/saison_id/2025/plus/1/page/16
Léo Andrade,Centre-Back,Clube do Remo (PA),Brazil,4,-,1,-,-,-,1,0.25,2025,https://www.transfermarkt.com/campeonato-brasileiro-serie-a/suenderkartei/wettbewerb/BRA1/saison_id/2025/plus/1/page/16
André Luis,Centre-Forward,Mirassol Futebol Clube (SP),Brazil,16,-,1,-,-,-,1,0.06,2025,https://www.transfermarkt.com/campeonato-brasileiro-serie-a/suenderkartei/wettbewerb/BRA1/saison_id/2025/plus/1/page/17
Sabino,Centre-Back,São Paulo Futebol Clube,Brazil,20,-,1,-,-,-,1,0.05,2025,https://www.transfermarkt.com/campeonato-brasileiro-serie-a/suenderkartei/wettbewerb/BRA1/saison_id/2025/plus/1/page/17
Pedro Raul,Centre-Forward,Sport Club Corinthians Paulista,Brazil,14,-,1,-,-,-,1,0.07,2025,https://www.transfermarkt.com/campeonato-brasileiro-serie-a/suenderkartei/wettbewerb/BRA1/saison_id/2025/plus/1/page/17
Bruno Tubarão,Right Winger,Associação Chapecoense de Futebol,Brazil,1,-,1,-,-,-,1,1.00,2025,https://www.transfermarkt.com/campeonato-brasileiro-serie-a/suenderkartei/wettbewerb/BRA1/saison_id/2025/plus/1/page/17
Igor Gomes,Attacking Midfield,Clube Atlético Mineiro,Brazil,9,-,1,-,-,-,1,0.11,2025,https://www.transfermarkt.com/campeonato-brasileiro-serie-a/suenderkartei/wettbewerb/BRA1/saison_id/2025/plus/1/page/17
Luan,Defensive Midfield,São Paulo Futebol Clube,Brazil,7,-,1,-,-,-,1,0.14,2025,https://www.transfermarkt.com/campeonato-brasileiro-serie-a/suenderkartei/wettbewerb/BRA1/saison_id/2025/plus/1/page/17
Gabriel Taliari,Centre-Forward,Clube do Remo (PA),Brazil,16,-,1,-,-,-,1,0.06,2025,https://www.transfermarkt.com/campeonato-brasileiro-serie-a/suenderkartei/wettbewerb/BRA1/saison_id/2025/plus/1/page/17
Caio Paulista,Left-Back,Grêmio Foot-Ball Porto Alegrense,Brazil,11,-,1,-,-,-,1,0.09,2025,https://www.transfermarkt.com/campeonato-brasileiro-serie-a/suenderkartei/wettbewerb/BRA1/saison_id/2025/plus/1/page/17
Lucas Silva,Right Winger,Esporte Clube Vitória,Brazil,5,-,1,-,-,-,1,0.20,2025,https://www.transfermarkt.com/campeonato-brasileiro-serie-a/suenderkartei/wettbewerb/BRA1/saison_id/2025/plus/1/page/17
Alef Manga,Left Winger,Clube do Remo (PA),Brazil,28,-,1,-,-,-,1,0.04,2025,https://www.transfermarkt.com/campeonato-brasileiro-serie-a/suenderkartei/wettbewerb/BRA1/saison_id/2025/plus/1/page/17
Jamerson,Left-Back,Esporte Clube Vitória,Brazil,16,-,1,-,-,-,1,0.06,2025,https://www.transfermarkt.com/campeonato-brasileiro-serie-a/suenderkartei/wettbewerb/BRA1/saison_id/2025/plus/1/page/17
Matheus Alexandre,Right-Back,Clube do Remo (PA),Brazil,11,-,1,-,-,-,1,0.09,2025,https://www.transfermarkt.com/campeonato-brasileiro-serie-a/suenderkartei/wettbewerb/BRA1/saison_id/2025/plus/1/page/17
Kaio Jorge,Centre-Forward,Cruzeiro Esporte Clube,Brazil,21,-,1,-,-,-,1,0.05,2025,https://www.transfermarkt.com/campeonato-brasileiro-serie-a/suenderkartei/wettbewerb/BRA1/saison_id/2025/plus/1/page/17
Reinier,Attacking Midfield,Clube Atlético Mineiro,Brazil,19,-,1,-,-,-,1,0.05,2025,https://www.transfermarkt.com/campeonato-brasileiro-serie-a/suenderkartei/wettbewerb/BRA1/saison_id/2025/plus/1/page/17
Neto Pessoa,Centre-Forward,Associação Chapecoense de Futebol,Brazil,10,-,1,-,-,-,1,0.10,2025,https://www.transfermarkt.com/campeonato-brasileiro-serie-a/suenderkartei/wettbewerb/BRA1/saison_id/2025/plus/1/page/17
Lucas Arcanjo,Goalkeeper,Esporte Clube Vitória,Brazil,24,-,1,-,-,-,1,0.04,2025,https://www.transfermarkt.com/campeonato-brasileiro-serie-a/suenderkartei/wettbewerb/BRA1/saison_id/2025/plus/1/page/17
Higor Meritão,Defensive Midfield,Associação Chapecoense de Futebol,Brazil,11,-,1,-,-,-,1,0.09,2025,https://www.transfermarkt.com/campeonato-brasileiro-serie-a/suenderkartei/wettbewerb/BRA1/saison_id/2025/plus/1/page/17
Matheus Aurélio,Goalkeeper,Associação Chapecoense de Futebol,Brazil,3,-,1,-,-,-,1,0.33,2025,https://www.transfermarkt.com/campeonato-brasileiro-serie-a/suenderkartei/wettbewerb/BRA1/saison_id/2025/plus/1/page/17
Fabiano,Right-Back,Esporte Clube Vitória,Brazil,3,-,1,-,-,-,1,0.33,2025,https://www.transfermarkt.com/campeonato-brasileiro-serie-a/suenderkartei/wettbewerb/BRA1/saison_id/2025/plus/1/page/17
Christian,Right Midfield,Cruzeiro Esporte Clube,Brazil,17,-,1,-,-,-,1,0.06,2025,https://www.transfermarkt.com/campeonato-brasileiro-serie-a/suenderkartei/wettbewerb/BRA1/saison_id/2025/plus/1/page/17
Gonzalo Tapia,Centre-Forward,São Paulo Futebol Clube,Chile,11,-,1,-,-,-,1,0.09,2025,https://www.transfermarkt.com/campeonato-brasileiro-serie-a/suenderkartei/wettbewerb/BRA1/saison_id/2025/plus/1/page/17
Bruno Matias,Central Midfield,Associação Chapecoense de Futebol,Brazil,10,-,1,-,-,-,1,0.10,2025,https://www.transfermarkt.com/campeonato-brasileiro-serie-a/suenderkartei/wettbewerb/BRA1/saison_id/2025/plus/1/page/17
Ronald,Defensive Midfield,Esporte Clube Vitória,Brazil,7,-,1,-,-,-,1,0.14,2025,https://www.transfermarkt.com/campeonato-brasileiro-serie-a/suenderkartei/wettbewerb/BRA1/saison_id/2025/plus/1/page/17
Ferreirinha,Left Winger,São Paulo Futebol Clube,Brazil,22,-,1,-,-,-,1,0.05,2025,https://www.transfermarkt.com/campeonato-brasileiro-serie-a/suenderkartei/wettbewerb/BRA1/saison_id/2025/plus/1/page/17
Fabinho,Right Winger,Coritiba Foot Ball Club,Brazil,11,-,1,-,-,-,1,0.09,2025,https://www.transfermarkt.com/campeonato-brasileiro-serie-a/suenderkartei/wettbewerb/BRA1/saison_id/2025/plus/1/page/17
Emiliano Martínez,Defensive Midfield,Sociedade Esportiva Palmeiras,Uruguay,13,-,1,-,-,-,1,0.08,2025,https://www.transfermarkt.com/campeonato-brasileiro-serie-a/suenderkartei/wettbewerb/BRA1/saison_id/2025/plus/1/page/18
Caio Alexandre,Defensive Midfield,Esporte Clube Bahia,Brazil,17,-,1,-,-,-,1,0.06,2025,https://www.transfermarkt.com/campeonato-brasileiro-serie-a/suenderkartei/wettbewerb/BRA1/saison_id/2025/plus/1/page/18
Guzmán Rodríguez,Centre-Back,Red Bull Bragantino,Uruguay,2,-,1,-,-,-,1,0.50,2025,https://www.transfermarkt.com/campeonato-brasileiro-serie-a/suenderkartei/wettbewerb/BRA1/saison_id/2025/plus/1/page/18
Gabriel Xavier,Centre-Back,Esporte Clube Bahia,Brazil,6,-,1,-,-,-,1,0.17,2025,https://www.transfermarkt.com/campeonato-brasileiro-serie-a/suenderkartei/wettbewerb/BRA1/saison_id/2025/plus/1/page/18
Mycael,Goalkeeper,Club Athletico Paranaense,Brazil,4,-,1,-,-,-,1,0.25,2025,https://www.transfermarkt.com/campeonato-brasileiro-serie-a/suenderkartei/wettbewerb/BRA1/saison_id/2025/plus/1/page/18
Kevin Serna,Right Winger,Fluminense Football Club,Colombia,27,-,1,-,-,-,1,0.04,2025,https://www.transfermarkt.com/campeonato-brasileiro-serie-a/suenderkartei/wettbewerb/BRA1/saison_id/2025/plus/1/page/18
Victor Hugo,Central Midfield,Clube Atlético Mineiro,Brazil,20,-,1,-,-,-,1,0.05,2025,https://www.transfermarkt.com/campeonato-brasileiro-serie-a/suenderkartei/wettbewerb/BRA1/saison_id/2025/plus/1/page/18
Miguel Monsalve,Attacking Midfield,Grêmio Foot-Ball Porto Alegrense,Colombia,7,-,1,-,-,-,1,0.14,2025,https://www.transfermarkt.com/campeonato-brasileiro-serie-a/suenderkartei/wettbewerb/BRA1/saison_id/2025/plus/1/page/18
Pedro Rangel,Goalkeeper,Coritiba Foot Ball Club,Brazil,17,-,1,-,-,-,1,0.06,2025,https://www.transfermarkt.com/campeonato-brasileiro-serie-a/suenderkartei/wettbewerb/BRA1/saison_id/2025/plus/1/page/18
Jefté,Left-Back,Sociedade Esportiva Palmeiras,Brazil,7,-,1,-,-,-,1,0.14,2025,https://www.transfermarkt.com/campeonato-brasileiro-serie-a/suenderkartei/wettbewerb/BRA1/saison_id/2025/plus/1/page/18
Luciano Rodríguez,Centre-Forward,Cruzeiro Esporte Clube,Uruguay,4,-,1,-,-,-,1,0.25,2025,https://www.transfermarkt.com/campeonato-brasileiro-serie-a/suenderkartei/wettbewerb/BRA1/saison_id/2025/plus/1/page/18
Kevin Castaño,Defensive Midfield,Clube Atlético Mineiro,Colombia,5,-,1,-,-,-,1,0.20,2025,https://www.transfermarkt.com/campeonato-brasileiro-serie-a/suenderkartei/wettbewerb/BRA1/saison_id/2025/plus/1/page/18
Adson,Right Winger,Clube de Regatas Vasco da Gama,Brazil,15,-,1,-,-,-,1,0.07,2025,https://www.transfermarkt.com/campeonato-brasileiro-serie-a/suenderkartei/wettbewerb/BRA1/saison_id/2025/plus/1/page/18
Mateus Silva,Right-Back,Esporte Clube Vitória,Brazil,8,-,1,-,-,-,1,0.13,2025,https://www.transfermarkt.com/campeonato-brasileiro-serie-a/suenderkartei/wettbewerb/BRA1/saison_id/2025/plus/1/page/18
Diógenes,Goalkeeper,Santos FC,Brazil,3,-,1,-,-,-,1,0.33,2025,https://www.transfermarkt.com/campeonato-brasileiro-serie-a/suenderkartei/wettbewerb/BRA1/saison_id/2025/plus/1/page/18
João Vitor,Central Midfield,Associação Chapecoense de Futebol,Brazil,11,-,1,-,-,-,1,0.09,2025,https://www.transfermarkt.com/campeonato-brasileiro-serie-a/suenderkartei/wettbewerb/BRA1/saison_id/2025/plus/1/page/18
Vitor Roque,Centre-Forward,Sociedade Esportiva Palmeiras,Brazil,16,-,1,-,-,-,1,0.06,2025,https://www.transfermarkt.com/campeonato-brasileiro-serie-a/suenderkartei/wettbewerb/BRA1/saison_id/2025/plus/1/page/18
Pedro Morisco,Goalkeeper,Coritiba Foot Ball Club,Brazil,12,-,1,-,-,-,1,0.08,2025,https://www.transfermarkt.com/campeonato-brasileiro-serie-a/suenderkartei/wettbewerb/BRA1/saison_id/2025/plus/1/page/18
Alexsander,Defensive Midfield,Clube Atlético Mineiro,Brazil,8,-,1,-,-,-,1,0.13,2025,https://www.transfermarkt.com/campeonato-brasileiro-serie-a/suenderkartei/wettbewerb/BRA1/saison_id/2025/plus/1/page/18
João Pedro Tchoca,Centre-Back,Sport Club Corinthians Paulista,Brazil,5,-,1,-,-,-,1,0.20,2025,https://www.transfermarkt.com/campeonato-brasileiro-serie-a/suenderkartei/wettbewerb/BRA1/saison_id/2025/plus/1/page/18
Miguelito,Attacking Midfield,Santos FC,Bolivia,11,-,1,-,-,-,1,0.09,2025,https://www.transfermarkt.com/campeonato-brasileiro-serie-a/suenderkartei/wettbewerb/BRA1/saison_id/2025/plus/1/page/18
Jorge Rivaldo,Centre-Forward,Club Athletico Paranaense,Colombia,4,-,1,-,-,-,1,0.25,2025,https://www.transfermarkt.com/campeonato-brasileiro-serie-a/suenderkartei/wettbewerb/BRA1/saison_id/2025/plus/1/page/18
Kauan Faria,Centre-Back,Associação Chapecoense de Futebol,Brazil,7,-,1,-,-,-,1,0.14,2025,https://www.transfermarkt.com/campeonato-brasileiro-serie-a/suenderkartei/wettbewerb/BRA1/saison_id/2025/plus/1/page/18
Italo Vargas,Left Winger,Associação Chapecoense de Futebol,Brazil,15,-,1,-,-,-,1,0.07,2025,https://www.transfermarkt.com/campeonato-brasileiro-serie-a/suenderkartei/wettbewerb/BRA1/saison_id/2025/plus/1/page/18
Lawan,Centre-Forward,Esporte Clube Vitória,Brazil,1,-,1,-,-,-,1,1.00,2025,https://www.transfermarkt.com/campeonato-brasileiro-serie-a/suenderkartei/wettbewerb/BRA1/saison_id/2025/plus/1/page/18
Gustavo Neves,Central Midfield,Red Bull Bragantino,Brazil,18,-,1,-,-,-,1,0.06,2025,https://www.transfermarkt.com/campeonato-brasileiro-serie-a/suenderkartei/wettbewerb/BRA1/saison_id/2025/plus/1/page/19
Kayky Almeida,Centre-Back,Clube do Remo (PA),Brazil,7,-,1,-,-,-,1,0.14,2025,https://www.transfermarkt.com/campeonato-brasileiro-serie-a/suenderkartei/wettbewerb/BRA1/saison_id/2025/plus/1/page/19
Chiqueti,Attacking Midfield,Club Athletico Paranaense,Brazil,8,-,1,-,-,-,1,0.13,2025,https://www.transfermarkt.com/campeonato-brasileiro-serie-a/suenderkartei/wettbewerb/BRA1/saison_id/2025/plus/1/page/19
Kauan Toledo,Right Winger,Botafogo de Futebol e Regatas,Brazil,9,-,1,-,-,-,1,0.11,2025,https://www.transfermarkt.com/campeonato-brasileiro-serie-a/suenderkartei/wettbewerb/BRA1/saison_id/2025/plus/1/page/19
Tulio Eduardo,Centre-Forward,Associação Chapecoense de Futebol,Brazil,7,-,1,-,-,-,1,0.14,2025,https://www.transfermarkt.com/campeonato-brasileiro-serie-a/suenderkartei/wettbewerb/BRA1/saison_id/2025/plus/1/page/19
Leozinho,Right Winger,Club Athletico Paranaense,Brazil,14,-,1,-,-,-,1,0.07,2025,https://www.transfermarkt.com/campeonato-brasileiro-serie-a/suenderkartei/wettbewerb/BRA1/saison_id/2025/plus/1/page/19
Larson,Central Midfield,Sociedade Esportiva Palmeiras,Brazil,6,-,1,-,-,-,1,0.17,2025,https://www.transfermarkt.com/campeonato-brasileiro-serie-a/suenderkartei/wettbewerb/BRA1/saison_id/2025/plus/1/page/19
Julio Fidelis,Right-Back,Fluminense Football Club,Brazil,4,-,1,-,-,-,1,0.25,2025,https://www.transfermarkt.com/campeonato-brasileiro-serie-a/suenderkartei/wettbewerb/BRA1/saison_id/2025/plus/1/page/19
Vinicius Eduardo,Centre-Back,Associação Chapecoense de Futebol,Brazil,2,-,1,-,-,-,1,0.50,2025,https://www.transfermarkt.com/campeonato-brasileiro-serie-a/suenderkartei/wettbewerb/BRA1/saison_id/2025/plus/1/page/19
Riquelme,Right Winger,Fluminense Football Club,Brazil,6,-,1,-,-,-,1,0.17,2025,https://www.transfermarkt.com/campeonato-brasileiro-serie-a/suenderkartei/wettbewerb/BRA1/saison_id/2025/plus/1/page/19
Allex,Attacking Midfield,Sport Club Internacional,Brazil,11,-,1,-,-,-,1,0.09,2025,https://www.transfermarkt.com/campeonato-brasileiro-serie-a/suenderkartei/wettbewerb/BRA1/saison_id/2025/plus/1/page/19
Diogo Riquelme,Defensive Midfield,Club Athletico Paranaense,Brazil,5,-,1,-,-,-,1,0.20,2025,https://www.transfermarkt.com/campeonato-brasileiro-serie-a/suenderkartei/wettbewerb/BRA1/saison_id/2025/plus/1/page/19
Cauê Nascimento,Left-Back,Red Bull Bragantino,Brazil,4,-,1,-,-,-,1,0.25,2025,https://www.transfermarkt.com/campeonato-brasileiro-serie-a/suenderkartei/wettbewerb/BRA1/saison_id/2025/plus/1/page/19
Vinicius Lira,Left-Back,Santos FC,Brazil,5,-,1,-,-,-,1,0.20,2025,https://www.transfermarkt.com/campeonato-brasileiro-serie-a/suenderkartei/wettbewerb/BRA1/saison_id/2025/plus/1/page/19
João Ananias,Centre-Back,Santos FC,Brazil,6,-,1,-,-,-,1,0.17,2025,https://www.transfermarkt.com/campeonato-brasileiro-serie-a/suenderkartei/wettbewerb/BRA1/saison_id/2025/plus/1/page/19
Tetê,Left Winger,São Paulo Futebol Clube,Brazil,5,-,1,-,-,-,1,0.20,2025,https://www.transfermarkt.com/campeonato-brasileiro-serie-a/suenderkartei/wettbewerb/BRA1/saison_id/2025/plus/1/page/19
Kauã Pascini,Left-Back,Clube Atlético Mineiro,Brazil,9,-,1,-,-,-,1,0.11,2025,https://www.transfermarkt.com/campeonato-brasileiro-serie-a/suenderkartei/wettbewerb/BRA1/saison_id/2025/plus/1/page/19
Vitão,Centre-Back,Clube Atlético Mineiro,Brazil,5,-,1,-,-,-,1,0.20,2025,https://www.transfermarkt.com/campeonato-brasileiro-serie-a/suenderkartei/wettbewerb/BRA1/saison_id/2025/plus/1/page/19
João Victor,Right Winger,Sport Club Internacional,Brazil,1,-,1,-,-,-,1,1.00,2025,https://www.transfermarkt.com/campeonato-brasileiro-serie-a/suenderkartei/wettbewerb/BRA1/saison_id/2025/plus/1/page/19
Tissi,Defensive Midfield,Coritiba Foot Ball Club,Brazil,7,-,1,-,-,-,1,0.14,2025,https://www.transfermarkt.com/campeonato-brasileiro-serie-a/suenderkartei/wettbewerb/BRA1/saison_id/2025/plus/1/page/19
Lucas Taverna,Right-Back,Coritiba Foot Ball Club,Brazil,4,-,1,-,-,-,1,0.25,2025,https://www.transfermarkt.com/campeonato-brasileiro-serie-a/suenderkartei/wettbewerb/BRA1/saison_id/2025/plus/1/page/19
Vitor Ramon,Right-Back,Grêmio Foot-Ball Porto Alegrense,Brazil,1,-,1,-,-,-,1,1.00,2025,https://www.transfermarkt.com/campeonato-brasileiro-serie-a/suenderkartei/wettbewerb/BRA1/saison_id/2025/plus/1/page/19
Kauê Furquim,Right Winger,Esporte Clube Bahia,Brazil,7,-,1,-,-,-,1,0.14,2025,https://www.transfermarkt.com/campeonato-brasileiro-serie-a/suenderkartei/wettbewerb/BRA1/saison_id/2025/plus/1/page/19
Anderson Pato,Left Winger,Esporte Clube Vitória,Brazil,4,-,1,-,-,-,1,0.25,2025,https://www.transfermarkt.com/campeonato-brasileiro-serie-a/suenderkartei/wettbewerb/BRA1/saison_id/2025/plus/1/page/19
