jogador,posicao,clube,nacionalidade,partidas,gols,assistencias,participacao_gols,temporada,url_origem
Estêvão,Right Winger,Sociedade Esportiva Palmeiras,Brazil,17,13,9,22,2023,https://www.transfermarkt.com/campeonato-brasileiro-serie-a/scorerliste/wettbewerb/BRA1/saison_id/2023/altersklasse/alle/plus/1
Yuri Alberto,Centre-Forward,Sport Club Corinthians Paulista,Brazil,23,15,5,20,2023,https://www.transfermarkt.com/campeonato-brasileiro-serie-a/scorerliste/wettbewerb/BRA1/saison_id/2023/altersklasse/alle/plus/1
Rodrigo Garro,Attacking Midfield,Sport Club Corinthians Paulista,Argentina,26,10,10,20,2023,https://www.transfermarkt.com/campeonato-brasileiro-serie-a/scorerliste/wettbewerb/BRA1/saison_id/2023/altersklasse/alle/plus/1
Alerrandro,Centre-Forward,Esporte Clube Vitória,Brazil,24,15,4,19,2023,https://www.transfermarkt.com/campeonato-brasileiro-serie-a/scorerliste/wettbewerb/BRA1/saison_id/2023/altersklasse/alle/plus/1
Pedro,Centre-Forward,CR Flamengo,Brazil,27,11,5,16,2023,https://www.transfermarkt.com/campeonato-brasileiro-serie-a/scorerliste/wettbewerb/BRA1/saison_id/2023/altersklasse/alle/plus/1
Lucas Moura,Right Winger,São Paulo Futebol Clube,Brazil,32,10,6,16,2023,https://www.transfermarkt.com/campeonato-brasileiro-serie-a/scorerliste/wettbewerb/BRA1/saison_id/2023/altersklasse/alle/plus/1
Hulk,Centre-Forward,Clube Atlético Mineiro,Brazil,38,10,5,15,2023,https://www.transfermarkt.com/campeonato-brasileiro-serie-a/scorerliste/wettbewerb/BRA1/saison_id/2023/altersklasse/alle/plus/1
Matheus Pereira,Attacking Midfield,Cruzeiro Esporte Clube,Brazil,28,8,7,15,2023,https://www.transfermarkt.com/campeonato-brasileiro-serie-a/scorerliste/wettbewerb/BRA1/saison_id/2023/altersklasse/alle/plus/1
Jefferson Savarino,Attacking Midfield,Botafogo de Futebol e Regatas,Venezuela,28,8,7,15,2023,https://www.transfermarkt.com/campeonato-brasileiro-serie-a/scorerliste/wettbewerb/BRA1/saison_id/2023/altersklasse/alle/plus/1
Pablo Vegetti,Centre-Forward,Clube de Regatas Vasco da Gama,Argentina,36,12,2,14,2023,https://www.transfermarkt.com/campeonato-brasileiro-serie-a/scorerliste/wettbewerb/BRA1/saison_id/2023/altersklasse/alle/plus/1
Raphael Veiga,Attacking Midfield,Sociedade Esportiva Palmeiras,Brazil,29,11,3,14,2023,https://www.transfermarkt.com/campeonato-brasileiro-serie-a/scorerliste/wettbewerb/BRA1/saison_id/2023/altersklasse/alle/plus/1
Luciano,Centre-Forward,São Paulo Futebol Clube,Brazil,31,11,2,13,2023,https://www.transfermarkt.com/campeonato-brasileiro-serie-a/scorerliste/wettbewerb/BRA1/saison_id/2023/altersklasse/alle/plus/1
Wesley,Left Winger,Sport Club Internacional,Brazil,25,11,1,12,2023,https://www.transfermarkt.com/campeonato-brasileiro-serie-a/scorerliste/wettbewerb/BRA1/saison_id/2023/altersklasse/alle/plus/1
José Manuel López,Centre-Forward,Sociedade Esportiva Palmeiras,Argentina,24,10,2,12,2023,https://www.transfermarkt.com/campeonato-brasileiro-serie-a/scorerliste/wettbewerb/BRA1/saison_id/2023/altersklasse/alle/plus/1
Rafael Santos Borré,Centre-Forward,Sport Club Internacional,Colombia,29,9,3,12,2023,https://www.transfermarkt.com/campeonato-brasileiro-serie-a/scorerliste/wettbewerb/BRA1/saison_id/2023/altersklasse/alle/plus/1
Yannick Bolasie,Centre-Forward,Criciúma EC,DR Congo,35,8,4,12,2023,https://www.transfermarkt.com/campeonato-brasileiro-serie-a/scorerliste/wettbewerb/BRA1/saison_id/2023/altersklasse/alle/plus/1
Eduardo Sasha,Centre-Forward,Red Bull Bragantino,Brazil,32,8,4,12,2023,https://www.transfermarkt.com/campeonato-brasileiro-serie-a/scorerliste/wettbewerb/BRA1/saison_id/2023/altersklasse/alle/plus/1
Alan Patrick,Attacking Midfield,Sport Club Internacional,Brazil,33,8,3,11,2023,https://www.transfermarkt.com/campeonato-brasileiro-serie-a/scorerliste/wettbewerb/BRA1/saison_id/2023/altersklasse/alle/plus/1
Juan Martín Lucero,Centre-Forward,Fortaleza Esporte Clube,Argentina,33,8,3,11,2023,https://www.transfermarkt.com/campeonato-brasileiro-serie-a/scorerliste/wettbewerb/BRA1/saison_id/2023/altersklasse/alle/plus/1
Everaldo,Centre-Forward,Esporte Clube Bahia,Brazil,33,8,3,11,2023,https://www.transfermarkt.com/campeonato-brasileiro-serie-a/scorerliste/wettbewerb/BRA1/saison_id/2023/altersklasse/alle/plus/1
Tomás Pochettino,Attacking Midfield,Fortaleza Esporte Clube,Argentina,28,5,6,11,2023,https://www.transfermarkt.com/campeonato-brasileiro-serie-a/scorerliste/wettbewerb/BRA1/saison_id/2023/altersklasse/alle/plus/1
Eduardo Vargas,Centre-Forward,Clube Atlético Mineiro,Chile,35,8,2,10,2023,https://www.transfermarkt.com/campeonato-brasileiro-serie-a/scorerliste/wettbewerb/BRA1/saison_id/2023/altersklasse/alle/plus/1
Martin Braithwaite,Centre-Forward,Grêmio Foot-Ball Porto Alegrense,Denmark,33,8,2,10,2023,https://www.transfermarkt.com/campeonato-brasileiro-serie-a/scorerliste/wettbewerb/BRA1/saison_id/2023/altersklasse/alle/plus/1
Jhon Arias,Right Winger,Fluminense Football Club,Colombia,27,7,3,10,2023,https://www.transfermarkt.com/campeonato-brasileiro-serie-a/scorerliste/wettbewerb/BRA1/saison_id/2023/altersklasse/alle/plus/1
Luiz Henrique,Right Winger,Botafogo de Futebol e Regatas,Brazil,23,7,3,10,2023,https://www.transfermarkt.com/campeonato-brasileiro-serie-a/scorerliste/wettbewerb/BRA1/saison_id/2023/altersklasse/alle/plus/1
Giorgian de Arrascaeta,Attacking Midfield,CR Flamengo,Uruguay,30,5,5,10,2023,https://www.transfermarkt.com/campeonato-brasileiro-serie-a/scorerliste/wettbewerb/BRA1/saison_id/2023/altersklasse/alle/plus/1/page/2
William,Right-Back,Cruzeiro Esporte Clube,Brazil,29,5,5,10,2023,https://www.transfermarkt.com/campeonato-brasileiro-serie-a/scorerliste/wettbewerb/BRA1/saison_id/2023/altersklasse/alle/plus/1/page/2
Matheuzinho,Attacking Midfield,Esporte Clube Vitória,Brazil,27,5,5,10,2023,https://www.transfermarkt.com/campeonato-brasileiro-serie-a/scorerliste/wettbewerb/BRA1/saison_id/2023/altersklasse/alle/plus/1/page/2
Cauly,Attacking Midfield,Esporte Clube Bahia,Brazil,29,4,6,10,2023,https://www.transfermarkt.com/campeonato-brasileiro-serie-a/scorerliste/wettbewerb/BRA1/saison_id/2023/altersklasse/alle/plus/1/page/2
Ganso,Attacking Midfield,Fluminense Football Club,Brazil,35,3,7,10,2023,https://www.transfermarkt.com/campeonato-brasileiro-serie-a/scorerliste/wettbewerb/BRA1/saison_id/2023/altersklasse/alle/plus/1/page/2
Paulinho,Second Striker,Clube Atlético Mineiro,Brazil,24,8,1,9,2023,https://www.transfermarkt.com/campeonato-brasileiro-serie-a/scorerliste/wettbewerb/BRA1/saison_id/2023/altersklasse/alle/plus/1/page/2
Thaciano,Attacking Midfield,Esporte Clube Bahia,Brazil,29,7,2,9,2023,https://www.transfermarkt.com/campeonato-brasileiro-serie-a/scorerliste/wettbewerb/BRA1/saison_id/2023/altersklasse/alle/plus/1/page/2
Helinho,Right Winger,Red Bull Bragantino,Brazil,24,7,2,9,2023,https://www.transfermarkt.com/campeonato-brasileiro-serie-a/scorerliste/wettbewerb/BRA1/saison_id/2023/altersklasse/alle/plus/1/page/2
André Silva,Centre-Forward,São Paulo Futebol Clube,Brazil,27,7,2,9,2023,https://www.transfermarkt.com/campeonato-brasileiro-serie-a/scorerliste/wettbewerb/BRA1/saison_id/2023/altersklasse/alle/plus/1/page/2
Isidro Pitta,Centre-Forward,Cuiabá Esporte Clube (MT),Paraguay,25,7,2,9,2023,https://www.transfermarkt.com/campeonato-brasileiro-serie-a/scorerliste/wettbewerb/BRA1/saison_id/2023/altersklasse/alle/plus/1/page/2
Moisés,Left Winger,Fortaleza Esporte Clube,Brazil,28,7,2,9,2023,https://www.transfermarkt.com/campeonato-brasileiro-serie-a/scorerliste/wettbewerb/BRA1/saison_id/2023/altersklasse/alle/plus/1/page/2
Lucas Barbosa,Right Winger,Esporte Clube Juventude,Brazil,23,7,2,9,2023,https://www.transfermarkt.com/campeonato-brasileiro-serie-a/scorerliste/wettbewerb/BRA1/saison_id/2023/altersklasse/alle/plus/1/page/2
Ángel Romero,Right Winger,Sport Club Corinthians Paulista,Paraguay,32,5,4,9,2023,https://www.transfermarkt.com/campeonato-brasileiro-serie-a/scorerliste/wettbewerb/BRA1/saison_id/2023/altersklasse/alle/plus/1/page/2
Jonathan Calleri,Centre-Forward,São Paulo Futebol Clube,Argentina,31,5,4,9,2023,https://www.transfermarkt.com/campeonato-brasileiro-serie-a/scorerliste/wettbewerb/BRA1/saison_id/2023/altersklasse/alle/plus/1/page/2
Biel,Left Winger,Esporte Clube Bahia,Brazil,23,5,4,9,2023,https://www.transfermarkt.com/campeonato-brasileiro-serie-a/scorerliste/wettbewerb/BRA1/saison_id/2023/altersklasse/alle/plus/1/page/2
Gustavo Scarpa,Attacking Midfield,Clube Atlético Mineiro,Brazil,30,4,5,9,2023,https://www.transfermarkt.com/campeonato-brasileiro-serie-a/scorerliste/wettbewerb/BRA1/saison_id/2023/altersklasse/alle/plus/1/page/2
Luiz Araújo,Right Winger,CR Flamengo,Brazil,28,4,5,9,2023,https://www.transfermarkt.com/campeonato-brasileiro-serie-a/scorerliste/wettbewerb/BRA1/saison_id/2023/altersklasse/alle/plus/1/page/2
Gerson,Central Midfield,CR Flamengo,Brazil,27,3,6,9,2023,https://www.transfermarkt.com/campeonato-brasileiro-serie-a/scorerliste/wettbewerb/BRA1/saison_id/2023/altersklasse/alle/plus/1/page/2
Jean Lucas,Central Midfield,Esporte Clube Bahia,Brazil,26,3,6,9,2023,https://www.transfermarkt.com/campeonato-brasileiro-serie-a/scorerliste/wettbewerb/BRA1/saison_id/2023/altersklasse/alle/plus/1/page/2
Luiz Fernando,Left Winger,Atlético Clube Goianiense,Brazil,28,8,0,8,2023,https://www.transfermarkt.com/campeonato-brasileiro-serie-a/scorerliste/wettbewerb/BRA1/saison_id/2023/altersklasse/alle/plus/1/page/2
Memphis Depay,Centre-Forward,Sport Club Corinthians Paulista,Netherlands,30,7,1,8,2023,https://www.transfermarkt.com/campeonato-brasileiro-serie-a/scorerliste/wettbewerb/BRA1/saison_id/2023/altersklasse/alle/plus/1/page/2
Nikão,Attacking Midfield,,Brazil,32,6,2,8,2023,https://www.transfermarkt.com/campeonato-brasileiro-serie-a/scorerliste/wettbewerb/BRA1/saison_id/2023/altersklasse/alle/plus/1/page/2
Franco Cristaldo,Attacking Midfield,Grêmio Foot-Ball Porto Alegrense,Argentina,28,6,2,8,2023,https://www.transfermarkt.com/campeonato-brasileiro-serie-a/scorerliste/wettbewerb/BRA1/saison_id/2023/altersklasse/alle/plus/1/page/2
Julimar,Left Winger,Club Athletico Paranaense,Brazil,23,6,2,8,2023,https://www.transfermarkt.com/campeonato-brasileiro-serie-a/scorerliste/wettbewerb/BRA1/saison_id/2023/altersklasse/alle/plus/1/page/2
Gabriel Veron,Right Winger,Cruzeiro Esporte Clube,Brazil,22,6,2,8,2023,https://www.transfermarkt.com/campeonato-brasileiro-serie-a/scorerliste/wettbewerb/BRA1/saison_id/2023/altersklasse/alle/plus/1/page/2
Kauã Elias,Centre-Forward,Fluminense Football Club,Brazil,18,6,2,8,2023,https://www.transfermarkt.com/campeonato-brasileiro-serie-a/scorerliste/wettbewerb/BRA1/saison_id/2023/altersklasse/alle/plus/1/page/3
Tiquinho Soares,Centre-Forward,Botafogo de Futebol e Regatas,Brazil,33,5,3,8,2023,https://www.transfermarkt.com/campeonato-brasileiro-serie-a/scorerliste/wettbewerb/BRA1/saison_id/2023/altersklasse/alle/plus/1/page/3
Matheusinho,Attacking Midfield,Criciúma EC,Brazil,26,5,3,8,2023,https://www.transfermarkt.com/campeonato-brasileiro-serie-a/scorerliste/wettbewerb/BRA1/saison_id/2023/altersklasse/alle/plus/1/page/3
Igor Jesus,Centre-Forward,Botafogo de Futebol e Regatas,Brazil,23,5,3,8,2023,https://www.transfermarkt.com/campeonato-brasileiro-serie-a/scorerliste/wettbewerb/BRA1/saison_id/2023/altersklasse/alle/plus/1/page/3
Erick Farias,Centre-Forward,Esporte Clube Juventude,Brazil,27,5,3,8,2023,https://www.transfermarkt.com/campeonato-brasileiro-serie-a/scorerliste/wettbewerb/BRA1/saison_id/2023/altersklasse/alle/plus/1/page/3
Breno Lopes,Left Winger,,Brazil,28,5,3,8,2023,https://www.transfermarkt.com/campeonato-brasileiro-serie-a/scorerliste/wettbewerb/BRA1/saison_id/2023/altersklasse/alle/plus/1/page/3
Tomás Cuello,Left Winger,Club Athletico Paranaense,Argentina,24,3,5,8,2023,https://www.transfermarkt.com/campeonato-brasileiro-serie-a/scorerliste/wettbewerb/BRA1/saison_id/2023/altersklasse/alle/plus/1/page/3
Alexandro Bernabei,Left-Back,Sport Club Internacional,Argentina,24,3,5,8,2023,https://www.transfermarkt.com/campeonato-brasileiro-serie-a/scorerliste/wettbewerb/BRA1/saison_id/2023/altersklasse/alle/plus/1/page/3
Bruno Henrique,Centre-Forward,CR Flamengo,Brazil,33,6,1,7,2023,https://www.transfermarkt.com/campeonato-brasileiro-serie-a/scorerliste/wettbewerb/BRA1/saison_id/2023/altersklasse/alle/plus/1/page/3
Renato Kayzer,Centre-Forward,,Brazil,28,6,1,7,2023,https://www.transfermarkt.com/campeonato-brasileiro-serie-a/scorerliste/wettbewerb/BRA1/saison_id/2023/altersklasse/alle/plus/1/page/3
Luciano Rodríguez,Centre-Forward,Esporte Clube Bahia,Uruguay,21,6,1,7,2023,https://www.transfermarkt.com/campeonato-brasileiro-serie-a/scorerliste/wettbewerb/BRA1/saison_id/2023/altersklasse/alle/plus/1/page/3
Yeferson Soteldo,Left Winger,Grêmio Foot-Ball Porto Alegrense,Venezuela,27,5,2,7,2023,https://www.transfermarkt.com/campeonato-brasileiro-serie-a/scorerliste/wettbewerb/BRA1/saison_id/2023/altersklasse/alle/plus/1/page/3
Marinho,Right Winger,Fortaleza Esporte Clube,Brazil,34,4,3,7,2023,https://www.transfermarkt.com/campeonato-brasileiro-serie-a/scorerliste/wettbewerb/BRA1/saison_id/2023/altersklasse/alle/plus/1/page/3
David,Left Winger,Clube de Regatas Vasco da Gama,Brazil,28,4,3,7,2023,https://www.transfermarkt.com/campeonato-brasileiro-serie-a/scorerliste/wettbewerb/BRA1/saison_id/2023/altersklasse/alle/plus/1/page/3
Nenê,Attacking Midfield,Esporte Clube Juventude,Brazil,43,3,4,7,2023,https://www.transfermarkt.com/campeonato-brasileiro-serie-a/scorerliste/wettbewerb/BRA1/saison_id/2023/altersklasse/alle/plus/1/page/3
Ademir,Right Winger,Esporte Clube Bahia,Brazil,29,3,4,7,2023,https://www.transfermarkt.com/campeonato-brasileiro-serie-a/scorerliste/wettbewerb/BRA1/saison_id/2023/altersklasse/alle/plus/1/page/3
Richard Ríos,Defensive Midfield,Sociedade Esportiva Palmeiras,Colombia,24,3,4,7,2023,https://www.transfermarkt.com/campeonato-brasileiro-serie-a/scorerliste/wettbewerb/BRA1/saison_id/2023/altersklasse/alle/plus/1/page/3
Jhon Jhon,Attacking Midfield,,Brazil,22,3,4,7,2023,https://www.transfermarkt.com/campeonato-brasileiro-serie-a/scorerliste/wettbewerb/BRA1/saison_id/2023/altersklasse/alle/plus/1/page/3
Everton Ribeiro,Attacking Midfield,Esporte Clube Bahia,Brazil,35,2,5,7,2023,https://www.transfermarkt.com/campeonato-brasileiro-serie-a/scorerliste/wettbewerb/BRA1/saison_id/2023/altersklasse/alle/plus/1/page/3
Marcelo Hermes,Left-Back,Criciúma EC,Brazil,29,2,5,7,2023,https://www.transfermarkt.com/campeonato-brasileiro-serie-a/scorerliste/wettbewerb/BRA1/saison_id/2023/altersklasse/alle/plus/1/page/3
João Lucas,Right-Back,Esporte Clube Juventude,Brazil,26,1,6,7,2023,https://www.transfermarkt.com/campeonato-brasileiro-serie-a/scorerliste/wettbewerb/BRA1/saison_id/2023/altersklasse/alle/plus/1/page/3
Arthur Caíke,Left Winger,Criciúma EC,Brazil,32,5,1,6,2023,https://www.transfermarkt.com/campeonato-brasileiro-serie-a/scorerliste/wettbewerb/BRA1/saison_id/2023/altersklasse/alle/plus/1/page/3
Willian Oliveira,Defensive Midfield,Esporte Clube Vitória,Brazil,31,5,1,6,2023,https://www.transfermarkt.com/campeonato-brasileiro-serie-a/scorerliste/wettbewerb/BRA1/saison_id/2023/altersklasse/alle/plus/1/page/3
Clayson,Left Winger,Cuiabá Esporte Clube (MT),Brazil,29,5,1,6,2023,https://www.transfermarkt.com/campeonato-brasileiro-serie-a/scorerliste/wettbewerb/BRA1/saison_id/2023/altersklasse/alle/plus/1/page/3
Ferreirinha,Left Winger,São Paulo Futebol Clube,Brazil,26,5,1,6,2023,https://www.transfermarkt.com/campeonato-brasileiro-serie-a/scorerliste/wettbewerb/BRA1/saison_id/2023/altersklasse/alle/plus/1/page/3
Jean Carlos,Attacking Midfield,Esporte Clube Juventude,Brazil,32,4,2,6,2023,https://www.transfermarkt.com/campeonato-brasileiro-serie-a/scorerliste/wettbewerb/BRA1/saison_id/2023/altersklasse/alle/plus/1/page/4
Rony,Centre-Forward,Sociedade Esportiva Palmeiras,Brazil,29,4,2,6,2023,https://www.transfermarkt.com/campeonato-brasileiro-serie-a/scorerliste/wettbewerb/BRA1/saison_id/2023/altersklasse/alle/plus/1/page/4
Mandaca,Central Midfield,Esporte Clube Juventude,Brazil,23,4,2,6,2023,https://www.transfermarkt.com/campeonato-brasileiro-serie-a/scorerliste/wettbewerb/BRA1/saison_id/2023/altersklasse/alle/plus/1/page/4
Dimitri Payet,Attacking Midfield,Clube de Regatas Vasco da Gama,France,37,3,3,6,2023,https://www.transfermarkt.com/campeonato-brasileiro-serie-a/scorerliste/wettbewerb/BRA1/saison_id/2023/altersklasse/alle/plus/1/page/4
Ayrton Lucas,Left-Back,CR Flamengo,Brazil,27,3,3,6,2023,https://www.transfermarkt.com/campeonato-brasileiro-serie-a/scorerliste/wettbewerb/BRA1/saison_id/2023/altersklasse/alle/plus/1/page/4
Vitinho,Left Winger,Red Bull Bragantino,Brazil,25,3,3,6,2023,https://www.transfermarkt.com/campeonato-brasileiro-serie-a/scorerliste/wettbewerb/BRA1/saison_id/2023/altersklasse/alle/plus/1/page/4
Yago Pikachu,Right Winger,Fortaleza Esporte Clube,Brazil,32,2,4,6,2023,https://www.transfermarkt.com/campeonato-brasileiro-serie-a/scorerliste/wettbewerb/BRA1/saison_id/2023/altersklasse/alle/plus/1/page/4
Thiago Maia,Defensive Midfield,,Brazil,27,2,4,6,2023,https://www.transfermarkt.com/campeonato-brasileiro-serie-a/scorerliste/wettbewerb/BRA1/saison_id/2023/altersklasse/alle/plus/1/page/4
Álvaro Barreal,Left Winger,Cruzeiro Esporte Clube,Argentina,24,2,4,6,2023,https://www.transfermarkt.com/campeonato-brasileiro-serie-a/scorerliste/wettbewerb/BRA1/saison_id/2023/altersklasse/alle/plus/1/page/4
Jádson,Central Midfield,Esporte Clube Juventude,Brazil,31,1,5,6,2023,https://www.transfermarkt.com/campeonato-brasileiro-serie-a/scorerliste/wettbewerb/BRA1/saison_id/2023/altersklasse/alle/plus/1/page/4
Wellington Rato,Right Winger,São Paulo Futebol Clube,Brazil,32,1,5,6,2023,https://www.transfermarkt.com/campeonato-brasileiro-serie-a/scorerliste/wettbewerb/BRA1/saison_id/2023/altersklasse/alle/plus/1/page/4
Lucas Piton,Left-Back,Clube de Regatas Vasco da Gama,Italy,24,1,5,6,2023,https://www.transfermarkt.com/campeonato-brasileiro-serie-a/scorerliste/wettbewerb/BRA1/saison_id/2023/altersklasse/alle/plus/1/page/4
Wagner Leonardo,Centre-Back,Esporte Clube Vitória,Brazil,25,5,0,5,2023,https://www.transfermarkt.com/campeonato-brasileiro-serie-a/scorerliste/wettbewerb/BRA1/saison_id/2023/altersklasse/alle/plus/1/page/4
Gabriel Barbosa,Centre-Forward,CR Flamengo,Brazil,28,4,1,5,2023,https://www.transfermarkt.com/campeonato-brasileiro-serie-a/scorerliste/wettbewerb/BRA1/saison_id/2023/altersklasse/alle/plus/1/page/4
Lima,Attacking Midfield,Fluminense Football Club,Brazil,28,4,1,5,2023,https://www.transfermarkt.com/campeonato-brasileiro-serie-a/scorerliste/wettbewerb/BRA1/saison_id/2023/altersklasse/alle/plus/1/page/4
Agustín Canobbio,Right Winger,Club Athletico Paranaense,Uruguay,26,4,1,5,2023,https://www.transfermarkt.com/campeonato-brasileiro-serie-a/scorerliste/wettbewerb/BRA1/saison_id/2023/altersklasse/alle/plus/1/page/4
Michael,Left Winger,CR Flamengo,Brazil,28,4,1,5,2023,https://www.transfermarkt.com/campeonato-brasileiro-serie-a/scorerliste/wettbewerb/BRA1/saison_id/2023/altersklasse/alle/plus/1/page/4
Júnior Santos,Right Winger,Botafogo de Futebol e Regatas,Brazil,30,4,1,5,2023,https://www.transfermarkt.com/campeonato-brasileiro-serie-a/scorerliste/wettbewerb/BRA1/saison_id/2023/altersklasse/alle/plus/1/page/4
Cacá,Centre-Back,Sport Club Corinthians Paulista,Brazil,25,4,1,5,2023,https://www.transfermarkt.com/campeonato-brasileiro-serie-a/scorerliste/wettbewerb/BRA1/saison_id/2023/altersklasse/alle/plus/1/page/4
Cuiabano,Left-Back,,Brazil,21,4,1,5,2023,https://www.transfermarkt.com/campeonato-brasileiro-serie-a/scorerliste/wettbewerb/BRA1/saison_id/2023/altersklasse/alle/plus/1/page/4
Hércules,Central Midfield,Fortaleza Esporte Clube,Brazil,24,4,1,5,2023,https://www.transfermarkt.com/campeonato-brasileiro-serie-a/scorerliste/wettbewerb/BRA1/saison_id/2023/altersklasse/alle/plus/1/page/4
Pablo,Centre-Forward,Club Athletico Paranaense,Brazil,32,3,2,5,2023,https://www.transfermarkt.com/campeonato-brasileiro-serie-a/scorerliste/wettbewerb/BRA1/saison_id/2023/altersklasse/alle/plus/1/page/4
Lincoln,Attacking Midfield,Red Bull Bragantino,Brazil,26,3,2,5,2023,https://www.transfermarkt.com/campeonato-brasileiro-serie-a/scorerliste/wettbewerb/BRA1/saison_id/2023/altersklasse/alle/plus/1/page/4
Gregore,Defensive Midfield,Botafogo de Futebol e Regatas,Brazil,30,3,2,5,2023,https://www.transfermarkt.com/campeonato-brasileiro-serie-a/scorerliste/wettbewerb/BRA1/saison_id/2023/altersklasse/alle/plus/1/page/4
Kevin Serna,Right Winger,Fluminense Football Club,Colombia,26,3,2,5,2023,https://www.transfermarkt.com/campeonato-brasileiro-serie-a/scorerliste/wettbewerb/BRA1/saison_id/2023/altersklasse/alle/plus/1/page/4
Edson Carioca,Centre-Forward,Esporte Clube Juventude,Brazil,27,3,2,5,2023,https://www.transfermarkt.com/campeonato-brasileiro-serie-a/scorerliste/wettbewerb/BRA1/saison_id/2023/altersklasse/alle/plus/1/page/5
Fernandinho,Defensive Midfield,Club Athletico Paranaense,Brazil,39,2,3,5,2023,https://www.transfermarkt.com/campeonato-brasileiro-serie-a/scorerliste/wettbewerb/BRA1/saison_id/2023/altersklasse/alle/plus/1/page/5
Lucas Evangelista,Central Midfield,Red Bull Bragantino,Brazil,29,2,3,5,2023,https://www.transfermarkt.com/campeonato-brasileiro-serie-a/scorerliste/wettbewerb/BRA1/saison_id/2023/altersklasse/alle/plus/1/page/5
Nicolás de la Cruz,Central Midfield,CR Flamengo,Uruguay,27,2,3,5,2023,https://www.transfermarkt.com/campeonato-brasileiro-serie-a/scorerliste/wettbewerb/BRA1/saison_id/2023/altersklasse/alle/plus/1/page/5
Bruno Tabata,Right Winger,,Brazil,27,2,3,5,2023,https://www.transfermarkt.com/campeonato-brasileiro-serie-a/scorerliste/wettbewerb/BRA1/saison_id/2023/altersklasse/alle/plus/1/page/5
Gustavo Silva,Right Winger,,Brazil,27,2,3,5,2023,https://www.transfermarkt.com/campeonato-brasileiro-serie-a/scorerliste/wettbewerb/BRA1/saison_id/2023/altersklasse/alle/plus/1/page/5
Claudinho,Right-Back,Criciúma EC,Brazil,24,2,3,5,2023,https://www.transfermarkt.com/campeonato-brasileiro-serie-a/scorerliste/wettbewerb/BRA1/saison_id/2023/altersklasse/alle/plus/1/page/5
Marcelinho,Right Winger,Esporte Clube Juventude,Brazil,21,2,3,5,2023,https://www.transfermarkt.com/campeonato-brasileiro-serie-a/scorerliste/wettbewerb/BRA1/saison_id/2023/altersklasse/alle/plus/1/page/5
Brahian Palacios,Right Winger,Clube Atlético Mineiro,Colombia,22,2,3,5,2023,https://www.transfermarkt.com/campeonato-brasileiro-serie-a/scorerliste/wettbewerb/BRA1/saison_id/2023/altersklasse/alle/plus/1/page/5
Óscar Romero,Attacking Midfield,Botafogo de Futebol e Regatas,Paraguay,32,1,4,5,2023,https://www.transfermarkt.com/campeonato-brasileiro-serie-a/scorerliste/wettbewerb/BRA1/saison_id/2023/altersklasse/alle/plus/1/page/5
João Pedro,Right-Back,Grêmio Foot-Ball Porto Alegrense,Brazil,28,1,4,5,2023,https://www.transfermarkt.com/campeonato-brasileiro-serie-a/scorerliste/wettbewerb/BRA1/saison_id/2023/altersklasse/alle/plus/1/page/5
Emmanuel Martínez,Attacking Midfield,Fortaleza Esporte Clube,Argentina,30,1,4,5,2023,https://www.transfermarkt.com/campeonato-brasileiro-serie-a/scorerliste/wettbewerb/BRA1/saison_id/2023/altersklasse/alle/plus/1/page/5
Hugo Moura,Defensive Midfield,,Brazil,26,1,4,5,2023,https://www.transfermarkt.com/campeonato-brasileiro-serie-a/scorerliste/wettbewerb/BRA1/saison_id/2023/altersklasse/alle/plus/1/page/5
Lucas Esteves,Left-Back,Esporte Clube Vitória,Brazil,24,1,4,5,2023,https://www.transfermarkt.com/campeonato-brasileiro-serie-a/scorerliste/wettbewerb/BRA1/saison_id/2023/altersklasse/alle/plus/1/page/5
Marlon Freitas,Defensive Midfield,Botafogo de Futebol e Regatas,Brazil,29,0,5,5,2023,https://www.transfermarkt.com/campeonato-brasileiro-serie-a/scorerliste/wettbewerb/BRA1/saison_id/2023/altersklasse/alle/plus/1/page/5
Bruno Zapelli,Attacking Midfield,Club Athletico Paranaense,Argentina,22,0,5,5,2023,https://www.transfermarkt.com/campeonato-brasileiro-serie-a/scorerliste/wettbewerb/BRA1/saison_id/2023/altersklasse/alle/plus/1/page/5
Germán Cano,Centre-Forward,Fluminense Football Club,Argentina,36,4,0,4,2023,https://www.transfermarkt.com/campeonato-brasileiro-serie-a/scorerliste/wettbewerb/BRA1/saison_id/2023/altersklasse/alle/plus/1/page/5
Gonzalo Mastriani,Centre-Forward,Club Athletico Paranaense,Uruguay,31,4,0,4,2023,https://www.transfermarkt.com/campeonato-brasileiro-serie-a/scorerliste/wettbewerb/BRA1/saison_id/2023/altersklasse/alle/plus/1/page/5
Derik Lacerda,Centre-Forward,Cuiabá Esporte Clube (MT),Brazil,25,4,0,4,2023,https://www.transfermarkt.com/campeonato-brasileiro-serie-a/scorerliste/wettbewerb/BRA1/saison_id/2023/altersklasse/alle/plus/1/page/5
Enner Valencia,Centre-Forward,Sport Club Internacional,Ecuador,35,3,1,4,2023,https://www.transfermarkt.com/campeonato-brasileiro-serie-a/scorerliste/wettbewerb/BRA1/saison_id/2023/altersklasse/alle/plus/1/page/5
Gilberto,Centre-Forward,Esporte Clube Juventude,Brazil,35,3,1,4,2023,https://www.transfermarkt.com/campeonato-brasileiro-serie-a/scorerliste/wettbewerb/BRA1/saison_id/2023/altersklasse/alle/plus/1/page/5
Reinaldo,Left-Back,Grêmio Foot-Ball Porto Alegrense,Brazil,35,3,1,4,2023,https://www.transfermarkt.com/campeonato-brasileiro-serie-a/scorerliste/wettbewerb/BRA1/saison_id/2023/altersklasse/alle/plus/1/page/5
Danilo Barbosa,Defensive Midfield,Botafogo de Futebol e Regatas,Brazil,28,3,1,4,2023,https://www.transfermarkt.com/campeonato-brasileiro-serie-a/scorerliste/wettbewerb/BRA1/saison_id/2023/altersklasse/alle/plus/1/page/5
Bruno Henrique,Central Midfield,Sport Club Internacional,Brazil,35,3,1,4,2023,https://www.transfermarkt.com/campeonato-brasileiro-serie-a/scorerliste/wettbewerb/BRA1/saison_id/2023/altersklasse/alle/plus/1/page/5
Rodrigo,Centre-Back,Criciúma EC,Brazil,37,3,1,4,2023,https://www.transfermarkt.com/campeonato-brasileiro-serie-a/scorerliste/wettbewerb/BRA1/saison_id/2023/altersklasse/alle/plus/1/page/5
Óscar Estupiñán,Centre-Forward,Esporte Clube Bahia,Colombia,27,3,1,4,2023,https://www.transfermarkt.com/campeonato-brasileiro-serie-a/scorerliste/wettbewerb/BRA1/saison_id/2023/altersklasse/alle/plus/1/page/6
Mathías Villasanti,Defensive Midfield,Grêmio Foot-Ball Porto Alegrense,Paraguay,27,3,1,4,2023,https://www.transfermarkt.com/campeonato-brasileiro-serie-a/scorerliste/wettbewerb/BRA1/saison_id/2023/altersklasse/alle/plus/1/page/6
Danilo Boza,Centre-Back,Esporte Clube Juventude,Brazil,26,3,1,4,2023,https://www.transfermarkt.com/campeonato-brasileiro-serie-a/scorerliste/wettbewerb/BRA1/saison_id/2023/altersklasse/alle/plus/1/page/6
Erick,Defensive Midfield,Club Athletico Paranaense,Brazil,27,3,1,4,2023,https://www.transfermarkt.com/campeonato-brasileiro-serie-a/scorerliste/wettbewerb/BRA1/saison_id/2023/altersklasse/alle/plus/1/page/6
Luciano Juba,Left-Back,Esporte Clube Bahia,Brazil,25,3,1,4,2023,https://www.transfermarkt.com/campeonato-brasileiro-serie-a/scorerliste/wettbewerb/BRA1/saison_id/2023/altersklasse/alle/plus/1/page/6
Derek,Centre-Forward,Atlético Clube Goianiense,Brazil,27,3,1,4,2023,https://www.transfermarkt.com/campeonato-brasileiro-serie-a/scorerliste/wettbewerb/BRA1/saison_id/2023/altersklasse/alle/plus/1/page/6
Miguel Monsalve,Attacking Midfield,Grêmio Foot-Ball Porto Alegrense,Colombia,20,3,1,4,2023,https://www.transfermarkt.com/campeonato-brasileiro-serie-a/scorerliste/wettbewerb/BRA1/saison_id/2023/altersklasse/alle/plus/1/page/6
Janderson,Centre-Forward,,Brazil,25,3,1,4,2023,https://www.transfermarkt.com/campeonato-brasileiro-serie-a/scorerliste/wettbewerb/BRA1/saison_id/2023/altersklasse/alle/plus/1/page/6
William Gomes,Right Winger,São Paulo Futebol Clube,Brazil,18,3,1,4,2023,https://www.transfermarkt.com/campeonato-brasileiro-serie-a/scorerliste/wettbewerb/BRA1/saison_id/2023/altersklasse/alle/plus/1/page/6
Gustavo Nunes,Left Winger,Grêmio Foot-Ball Porto Alegrense,Brazil,18,3,1,4,2023,https://www.transfermarkt.com/campeonato-brasileiro-serie-a/scorerliste/wettbewerb/BRA1/saison_id/2023/altersklasse/alle/plus/1/page/6
Felipe Anderson,Left Winger,Sociedade Esportiva Palmeiras,Brazil,31,2,2,4,2023,https://www.transfermarkt.com/campeonato-brasileiro-serie-a/scorerliste/wettbewerb/BRA1/saison_id/2023/altersklasse/alle/plus/1/page/6
Wanderson,Left Winger,Sport Club Internacional,Brazil,30,2,2,4,2023,https://www.transfermarkt.com/campeonato-brasileiro-serie-a/scorerliste/wettbewerb/BRA1/saison_id/2023/altersklasse/alle/plus/1/page/6
Gustavo Barreto,Defensive Midfield,Criciúma EC,Brazil,28,2,2,4,2023,https://www.transfermarkt.com/campeonato-brasileiro-serie-a/scorerliste/wettbewerb/BRA1/saison_id/2023/altersklasse/alle/plus/1/page/6
Ronaldo,Defensive Midfield,Esporte Clube Juventude,Brazil,28,2,2,4,2023,https://www.transfermarkt.com/campeonato-brasileiro-serie-a/scorerliste/wettbewerb/BRA1/saison_id/2023/altersklasse/alle/plus/1/page/6
Shaylon,Attacking Midfield,Atlético Clube Goianiense,Brazil,27,2,2,4,2023,https://www.transfermarkt.com/campeonato-brasileiro-serie-a/scorerliste/wettbewerb/BRA1/saison_id/2023/altersklasse/alle/plus/1/page/6
Gabriel Taliari,Centre-Forward,Esporte Clube Juventude,Brazil,27,2,2,4,2023,https://www.transfermarkt.com/campeonato-brasileiro-serie-a/scorerliste/wettbewerb/BRA1/saison_id/2023/altersklasse/alle/plus/1/page/6
Eric Ramires,Central Midfield,Red Bull Bragantino,Brazil,24,2,2,4,2023,https://www.transfermarkt.com/campeonato-brasileiro-serie-a/scorerliste/wettbewerb/BRA1/saison_id/2023/altersklasse/alle/plus/1/page/6
Kaio Jorge,Centre-Forward,Cruzeiro Esporte Clube,Brazil,22,2,2,4,2023,https://www.transfermarkt.com/campeonato-brasileiro-serie-a/scorerliste/wettbewerb/BRA1/saison_id/2023/altersklasse/alle/plus/1/page/6
Alexander Aravena,Left Winger,Grêmio Foot-Ball Porto Alegrense,Chile,22,2,2,4,2023,https://www.transfermarkt.com/campeonato-brasileiro-serie-a/scorerliste/wettbewerb/BRA1/saison_id/2023/altersklasse/alle/plus/1/page/6
Mateus Carvalho,Defensive Midfield,Clube de Regatas Vasco da Gama,Brazil,22,2,2,4,2023,https://www.transfermarkt.com/campeonato-brasileiro-serie-a/scorerliste/wettbewerb/BRA1/saison_id/2023/altersklasse/alle/plus/1/page/6
Alejo Cruz,Left Winger,Atlético Clube Goianiense,Uruguay,24,2,2,4,2023,https://www.transfermarkt.com/campeonato-brasileiro-serie-a/scorerliste/wettbewerb/BRA1/saison_id/2023/altersklasse/alle/plus/1/page/6
Cristian Pavón,Right Winger,Grêmio Foot-Ball Porto Alegrense,Argentina,28,1,3,4,2023,https://www.transfermarkt.com/campeonato-brasileiro-serie-a/scorerliste/wettbewerb/BRA1/saison_id/2023/altersklasse/alle/plus/1/page/6
Guilherme Romão,Left-Back,Atlético Clube Goianiense,Brazil,27,1,3,4,2023,https://www.transfermarkt.com/campeonato-brasileiro-serie-a/scorerliste/wettbewerb/BRA1/saison_id/2023/altersklasse/alle/plus/1/page/6
Baralhas,Defensive Midfield,Atlético Clube Goianiense,Brazil,26,1,3,4,2023,https://www.transfermarkt.com/campeonato-brasileiro-serie-a/scorerliste/wettbewerb/BRA1/saison_id/2023/altersklasse/alle/plus/1/page/6
Igor Gomes,Attacking Midfield,Clube Atlético Mineiro,Brazil,25,1,3,4,2023,https://www.transfermarkt.com/campeonato-brasileiro-serie-a/scorerliste/wettbewerb/BRA1/saison_id/2023/altersklasse/alle/plus/1/page/6
Gustavo Neves,Central Midfield,Red Bull Bragantino,Brazil,20,1,3,4,2023,https://www.transfermarkt.com/campeonato-brasileiro-serie-a/scorerliste/wettbewerb/BRA1/saison_id/2023/altersklasse/alle/plus/1/page/7
Gabriel Carvalho,Right Winger,Sport Club Internacional,Brazil,17,1,3,4,2023,https://www.transfermarkt.com/campeonato-brasileiro-serie-a/scorerliste/wettbewerb/BRA1/saison_id/2023/altersklasse/alle/plus/1/page/7
Hugo,Left-Back,Sport Club Corinthians Paulista,Brazil,27,0,4,4,2023,https://www.transfermarkt.com/campeonato-brasileiro-serie-a/scorerliste/wettbewerb/BRA1/saison_id/2023/altersklasse/alle/plus/1/page/7
Lucas Esquivel,Left-Back,Club Athletico Paranaense,Argentina,23,0,4,4,2023,https://www.transfermarkt.com/campeonato-brasileiro-serie-a/scorerliste/wettbewerb/BRA1/saison_id/2023/altersklasse/alle/plus/1/page/7
David Luiz,Centre-Back,CR Flamengo,Brazil,37,3,0,3,2023,https://www.transfermarkt.com/campeonato-brasileiro-serie-a/scorerliste/wettbewerb/BRA1/saison_id/2023/altersklasse/alle/plus/1/page/7
Bastos,Centre-Back,Botafogo de Futebol e Regatas,Angola,33,3,0,3,2023,https://www.transfermarkt.com/campeonato-brasileiro-serie-a/scorerliste/wettbewerb/BRA1/saison_id/2023/altersklasse/alle/plus/1/page/7
Rafa Silva,Centre-Forward,Cruzeiro Esporte Clube,Brazil,32,3,0,3,2023,https://www.transfermarkt.com/campeonato-brasileiro-serie-a/scorerliste/wettbewerb/BRA1/saison_id/2023/altersklasse/alle/plus/1/page/7
Juan Dinenno,Centre-Forward,Cruzeiro Esporte Clube,Argentina,29,3,0,3,2023,https://www.transfermarkt.com/campeonato-brasileiro-serie-a/scorerliste/wettbewerb/BRA1/saison_id/2023/altersklasse/alle/plus/1/page/7
Lucas Di Yorio,Centre-Forward,Club Athletico Paranaense,Argentina,28,3,0,3,2023,https://www.transfermarkt.com/campeonato-brasileiro-serie-a/scorerliste/wettbewerb/BRA1/saison_id/2023/altersklasse/alle/plus/1/page/7
Fellipe Mateus,Attacking Midfield,Criciúma EC,Brazil,33,3,0,3,2023,https://www.transfermarkt.com/campeonato-brasileiro-serie-a/scorerliste/wettbewerb/BRA1/saison_id/2023/altersklasse/alle/plus/1/page/7
Mauricio,Attacking Midfield,,Paraguay,23,3,0,3,2023,https://www.transfermarkt.com/campeonato-brasileiro-serie-a/scorerliste/wettbewerb/BRA1/saison_id/2023/altersklasse/alle/plus/1/page/7
Mateo Ponte,Right-Back,Botafogo de Futebol e Regatas,Uruguay,21,3,0,3,2023,https://www.transfermarkt.com/campeonato-brasileiro-serie-a/scorerliste/wettbewerb/BRA1/saison_id/2023/altersklasse/alle/plus/1/page/7
Cadu,Centre-Forward,Clube Atlético Mineiro,Brazil,20,3,0,3,2023,https://www.transfermarkt.com/campeonato-brasileiro-serie-a/scorerliste/wettbewerb/BRA1/saison_id/2023/altersklasse/alle/plus/1/page/7
Luiz Gustavo,Defensive Midfield,São Paulo Futebol Clube,Brazil,37,2,1,3,2023,https://www.transfermarkt.com/campeonato-brasileiro-serie-a/scorerliste/wettbewerb/BRA1/saison_id/2023/altersklasse/alle/plus/1/page/7
Philippe Coutinho,Attacking Midfield,Clube de Regatas Vasco da Gama,Brazil,32,2,1,3,2023,https://www.transfermarkt.com/campeonato-brasileiro-serie-a/scorerliste/wettbewerb/BRA1/saison_id/2023/altersklasse/alle/plus/1/page/7
Eduardo,Attacking Midfield,Botafogo de Futebol e Regatas,Brazil,35,2,1,3,2023,https://www.transfermarkt.com/campeonato-brasileiro-serie-a/scorerliste/wettbewerb/BRA1/saison_id/2023/altersklasse/alle/plus/1/page/7
Deyverson,Centre-Forward,,Brazil,33,2,1,3,2023,https://www.transfermarkt.com/campeonato-brasileiro-serie-a/scorerliste/wettbewerb/BRA1/saison_id/2023/altersklasse/alle/plus/1/page/7
Tinga,Right-Back,Fortaleza Esporte Clube,Brazil,31,2,1,3,2023,https://www.transfermarkt.com/campeonato-brasileiro-serie-a/scorerliste/wettbewerb/BRA1/saison_id/2023/altersklasse/alle/plus/1/page/7
Arthur Gomes,Left Winger,Cruzeiro Esporte Clube,Brazil,26,2,1,3,2023,https://www.transfermarkt.com/campeonato-brasileiro-serie-a/scorerliste/wettbewerb/BRA1/saison_id/2023/altersklasse/alle/plus/1/page/7
Luís Oyama,Defensive Midfield,Esporte Clube Juventude,Brazil,27,2,1,3,2023,https://www.transfermarkt.com/campeonato-brasileiro-serie-a/scorerliste/wettbewerb/BRA1/saison_id/2023/altersklasse/alle/plus/1/page/7
Ramon,Left-Back,Cuiabá Esporte Clube (MT),Brazil,23,2,1,3,2023,https://www.transfermarkt.com/campeonato-brasileiro-serie-a/scorerliste/wettbewerb/BRA1/saison_id/2023/altersklasse/alle/plus/1/page/7
Matheus Bidu,Left-Back,Sport Club Corinthians Paulista,Brazil,25,2,1,3,2023,https://www.transfermarkt.com/campeonato-brasileiro-serie-a/scorerliste/wettbewerb/BRA1/saison_id/2023/altersklasse/alle/plus/1/page/7
Talles Magno,Left Winger,Sport Club Corinthians Paulista,Brazil,22,2,1,3,2023,https://www.transfermarkt.com/campeonato-brasileiro-serie-a/scorerliste/wettbewerb/BRA1/saison_id/2023/altersklasse/alle/plus/1/page/7
Carlos Alcaraz,Central Midfield,CR Flamengo,Argentina,22,2,1,3,2023,https://www.transfermarkt.com/campeonato-brasileiro-serie-a/scorerliste/wettbewerb/BRA1/saison_id/2023/altersklasse/alle/plus/1/page/7
Adson,Right Winger,Clube de Regatas Vasco da Gama,Brazil,23,2,1,3,2023,https://www.transfermarkt.com/campeonato-brasileiro-serie-a/scorerliste/wettbewerb/BRA1/saison_id/2023/altersklasse/alle/plus/1/page/7
Wesley,Left Winger,Sport Club Corinthians Paulista,Brazil,19,2,1,3,2023,https://www.transfermarkt.com/campeonato-brasileiro-serie-a/scorerliste/wettbewerb/BRA1/saison_id/2023/altersklasse/alle/plus/1/page/8
Diego Costa,Centre-Forward,Grêmio Foot-Ball Porto Alegrense,Spain,36,1,2,3,2023,https://www.transfermarkt.com/campeonato-brasileiro-serie-a/scorerliste/wettbewerb/BRA1/saison_id/2023/altersklasse/alle/plus/1/page/8
Gabriel,Defensive Midfield,,Brazil,32,1,2,3,2023,https://www.transfermarkt.com/campeonato-brasileiro-serie-a/scorerliste/wettbewerb/BRA1/saison_id/2023/altersklasse/alle/plus/1/page/8
Gustavo Gómez,Centre-Back,Sociedade Esportiva Palmeiras,Paraguay,31,1,2,3,2023,https://www.transfermarkt.com/campeonato-brasileiro-serie-a/scorerliste/wettbewerb/BRA1/saison_id/2023/altersklasse/alle/plus/1/page/8
Igor Coronado,Attacking Midfield,Sport Club Corinthians Paulista,Italy,32,1,2,3,2023,https://www.transfermarkt.com/campeonato-brasileiro-serie-a/scorerliste/wettbewerb/BRA1/saison_id/2023/altersklasse/alle/plus/1/page/8
Alisson,Central Midfield,São Paulo Futebol Clube,Brazil,31,1,2,3,2023,https://www.transfermarkt.com/campeonato-brasileiro-serie-a/scorerliste/wettbewerb/BRA1/saison_id/2023/altersklasse/alle/plus/1/page/8
Rafael Ratão,Second Striker,Esporte Clube Bahia,Brazil,28,1,2,3,2023,https://www.transfermarkt.com/campeonato-brasileiro-serie-a/scorerliste/wettbewerb/BRA1/saison_id/2023/altersklasse/alle/plus/1/page/8
Everton,Left Winger,CR Flamengo,Brazil,28,1,2,3,2023,https://www.transfermarkt.com/campeonato-brasileiro-serie-a/scorerliste/wettbewerb/BRA1/saison_id/2023/altersklasse/alle/plus/1/page/8
Jonathan Cafu,Right Winger,Cuiabá Esporte Clube (MT),Brazil,33,1,2,3,2023,https://www.transfermarkt.com/campeonato-brasileiro-serie-a/scorerliste/wettbewerb/BRA1/saison_id/2023/altersklasse/alle/plus/1/page/8
Leonardo Godoy,Right-Back,Club Athletico Paranaense,Argentina,29,1,2,3,2023,https://www.transfermarkt.com/campeonato-brasileiro-serie-a/scorerliste/wettbewerb/BRA1/saison_id/2023/altersklasse/alle/plus/1/page/8
Léo Ortiz,Centre-Back,CR Flamengo,Brazil,28,1,2,3,2023,https://www.transfermarkt.com/campeonato-brasileiro-serie-a/scorerliste/wettbewerb/BRA1/saison_id/2023/altersklasse/alle/plus/1/page/8
Allano,Right Winger,Criciúma EC,Brazil,29,1,2,3,2023,https://www.transfermarkt.com/campeonato-brasileiro-serie-a/scorerliste/wettbewerb/BRA1/saison_id/2023/altersklasse/alle/plus/1/page/8
José Luis Rodríguez,Right-Back,Clube de Regatas Vasco da Gama,Uruguay,27,1,2,3,2023,https://www.transfermarkt.com/campeonato-brasileiro-serie-a/scorerliste/wettbewerb/BRA1/saison_id/2023/altersklasse/alle/plus/1/page/8
Erick,Right Winger,São Paulo Futebol Clube,Brazil,26,1,2,3,2023,https://www.transfermarkt.com/campeonato-brasileiro-serie-a/scorerliste/wettbewerb/BRA1/saison_id/2023/altersklasse/alle/plus/1/page/8
Thiago Almada,Attacking Midfield,Botafogo de Futebol e Regatas,Argentina,23,1,2,3,2023,https://www.transfermarkt.com/campeonato-brasileiro-serie-a/scorerliste/wettbewerb/BRA1/saison_id/2023/altersklasse/alle/plus/1/page/8
Ewerthon,Right-Back,Esporte Clube Juventude,Brazil,24,1,2,3,2023,https://www.transfermarkt.com/campeonato-brasileiro-serie-a/scorerliste/wettbewerb/BRA1/saison_id/2023/altersklasse/alle/plus/1/page/8
Ronald,Defensive Midfield,Criciúma EC,Brazil,27,1,2,3,2023,https://www.transfermarkt.com/campeonato-brasileiro-serie-a/scorerliste/wettbewerb/BRA1/saison_id/2023/altersklasse/alle/plus/1/page/8
Eros Mancuso,Right-Back,Fortaleza Esporte Clube,Argentina,25,1,2,3,2023,https://www.transfermarkt.com/campeonato-brasileiro-serie-a/scorerliste/wettbewerb/BRA1/saison_id/2023/altersklasse/alle/plus/1/page/8
Zé Hugo,Left Winger,Esporte Clube Vitória,Brazil,25,1,2,3,2023,https://www.transfermarkt.com/campeonato-brasileiro-serie-a/scorerliste/wettbewerb/BRA1/saison_id/2023/altersklasse/alle/plus/1/page/8
Henry Mosquera,Left Winger,Red Bull Bragantino,Colombia,23,1,2,3,2023,https://www.transfermarkt.com/campeonato-brasileiro-serie-a/scorerliste/wettbewerb/BRA1/saison_id/2023/altersklasse/alle/plus/1/page/8
João Cruz,Central Midfield,Club Athletico Paranaense,Brazil,18,1,2,3,2023,https://www.transfermarkt.com/campeonato-brasileiro-serie-a/scorerliste/wettbewerb/BRA1/saison_id/2023/altersklasse/alle/plus/1/page/8
Raúl Cáceres,Right-Back,Esporte Clube Vitória,Paraguay,33,0,3,3,2023,https://www.transfermarkt.com/campeonato-brasileiro-serie-a/scorerliste/wettbewerb/BRA1/saison_id/2023/altersklasse/alle/plus/1/page/8
Erick Pulgar,Defensive Midfield,CR Flamengo,Chile,30,0,3,3,2023,https://www.transfermarkt.com/campeonato-brasileiro-serie-a/scorerliste/wettbewerb/BRA1/saison_id/2023/altersklasse/alle/plus/1/page/8
Carlos de Pena,Left Winger,Esporte Clube Bahia,Uruguay,32,0,3,3,2023,https://www.transfermarkt.com/campeonato-brasileiro-serie-a/scorerliste/wettbewerb/BRA1/saison_id/2023/altersklasse/alle/plus/1/page/8
Railan,Right-Back,Cuiabá Esporte Clube (MT),Brazil,24,0,3,3,2023,https://www.transfermarkt.com/campeonato-brasileiro-serie-a/scorerliste/wettbewerb/BRA1/saison_id/2023/altersklasse/alle/plus/1/page/8
Denilson,Central Midfield,Cuiabá Esporte Clube (MT),Brazil,23,0,3,3,2023,https://www.transfermarkt.com/campeonato-brasileiro-serie-a/scorerliste/wettbewerb/BRA1/saison_id/2023/altersklasse/alle/plus/1/page/9
Vanderlan,Left-Back,Sociedade Esportiva Palmeiras,Brazil,22,0,3,3,2023,https://www.transfermarkt.com/campeonato-brasileiro-serie-a/scorerliste/wettbewerb/BRA1/saison_id/2023/altersklasse/alle/plus/1/page/9
Osvaldo,Right Winger,Esporte Clube Vitória,Brazil,37,2,0,2,2023,https://www.transfermarkt.com/campeonato-brasileiro-serie-a/scorerliste/wettbewerb/BRA1/saison_id/2023/altersklasse/alle/plus/1/page/9
Joel Campbell,Second Striker,Atlético Clube Goianiense,Costa Rica,32,2,0,2,2023,https://www.transfermarkt.com/campeonato-brasileiro-serie-a/scorerliste/wettbewerb/BRA1/saison_id/2023/altersklasse/alle/plus/1/page/9
Robert Arboleda,Centre-Back,São Paulo Futebol Clube,Ecuador,33,2,0,2,2023,https://www.transfermarkt.com/campeonato-brasileiro-serie-a/scorerliste/wettbewerb/BRA1/saison_id/2023/altersklasse/alle/plus/1/page/9
Miguel Trauco,Left-Back,Criciúma EC,Peru,32,2,0,2,2023,https://www.transfermarkt.com/campeonato-brasileiro-serie-a/scorerliste/wettbewerb/BRA1/saison_id/2023/altersklasse/alle/plus/1/page/9
Ramiro,Central Midfield,Cruzeiro Esporte Clube,Brazil,31,2,0,2,2023,https://www.transfermarkt.com/campeonato-brasileiro-serie-a/scorerliste/wettbewerb/BRA1/saison_id/2023/altersklasse/alle/plus/1/page/9
Benjamín Kuscevic,Centre-Back,Fortaleza Esporte Clube,Chile,28,2,0,2,2023,https://www.transfermarkt.com/campeonato-brasileiro-serie-a/scorerliste/wettbewerb/BRA1/saison_id/2023/altersklasse/alle/plus/1/page/9
Carlinhos,Centre-Forward,CR Flamengo,Brazil,27,2,0,2,2023,https://www.transfermarkt.com/campeonato-brasileiro-serie-a/scorerliste/wettbewerb/BRA1/saison_id/2023/altersklasse/alle/plus/1/page/9
Everaldo,Left Winger,Esporte Clube Vitória,Brazil,30,2,0,2,2023,https://www.transfermarkt.com/campeonato-brasileiro-serie-a/scorerliste/wettbewerb/BRA1/saison_id/2023/altersklasse/alle/plus/1/page/9
Juninho Capixaba,Left-Back,Red Bull Bragantino,Brazil,27,2,0,2,2023,https://www.transfermarkt.com/campeonato-brasileiro-serie-a/scorerliste/wettbewerb/BRA1/saison_id/2023/altersklasse/alle/plus/1/page/9
Felipe Vizeu,Centre-Forward,Criciúma EC,Brazil,27,2,0,2,2023,https://www.transfermarkt.com/campeonato-brasileiro-serie-a/scorerliste/wettbewerb/BRA1/saison_id/2023/altersklasse/alle/plus/1/page/9
Jan Hurtado,Centre-Forward,Atlético Clube Goianiense,Venezuela,24,2,0,2,2023,https://www.transfermarkt.com/campeonato-brasileiro-serie-a/scorerliste/wettbewerb/BRA1/saison_id/2023/altersklasse/alle/plus/1/page/9
Matías Zaracho,Attacking Midfield,Clube Atlético Mineiro,Argentina,26,2,0,2,2023,https://www.transfermarkt.com/campeonato-brasileiro-serie-a/scorerliste/wettbewerb/BRA1/saison_id/2023/altersklasse/alle/plus/1/page/9
Fausto Vera,Defensive Midfield,,Argentina,24,2,0,2,2023,https://www.transfermarkt.com/campeonato-brasileiro-serie-a/scorerliste/wettbewerb/BRA1/saison_id/2023/altersklasse/alle/plus/1/page/9
Joaquín Piquerez,Left-Back,Sociedade Esportiva Palmeiras,Uruguay,25,2,0,2,2023,https://www.transfermarkt.com/campeonato-brasileiro-serie-a/scorerliste/wettbewerb/BRA1/saison_id/2023/altersklasse/alle/plus/1/page/9
Matheus Henrique,Central Midfield,Cruzeiro Esporte Clube,Brazil,26,2,0,2,2023,https://www.transfermarkt.com/campeonato-brasileiro-serie-a/scorerliste/wettbewerb/BRA1/saison_id/2023/altersklasse/alle/plus/1/page/9
Lázaro,Centre-Forward,Sociedade Esportiva Palmeiras,Brazil,22,2,0,2,2023,https://www.transfermarkt.com/campeonato-brasileiro-serie-a/scorerliste/wettbewerb/BRA1/saison_id/2023/altersklasse/alle/plus/1/page/9
Higor Meritão,Defensive Midfield,Criciúma EC,Brazil,30,2,0,2,2023,https://www.transfermarkt.com/campeonato-brasileiro-serie-a/scorerliste/wettbewerb/BRA1/saison_id/2023/altersklasse/alle/plus/1/page/9
Matheus Martins,Left Winger,Botafogo de Futebol e Regatas,Brazil,21,2,0,2,2023,https://www.transfermarkt.com/campeonato-brasileiro-serie-a/scorerliste/wettbewerb/BRA1/saison_id/2023/altersklasse/alle/plus/1/page/9
Janderson,Right Winger,Atlético Clube Goianiense,Brazil,25,2,0,2,2023,https://www.transfermarkt.com/campeonato-brasileiro-serie-a/scorerliste/wettbewerb/BRA1/saison_id/2023/altersklasse/alle/plus/1/page/9
Emerson Rodríguez,Left Winger,Clube de Regatas Vasco da Gama,Colombia,24,2,0,2,2023,https://www.transfermarkt.com/campeonato-brasileiro-serie-a/scorerliste/wettbewerb/BRA1/saison_id/2023/altersklasse/alle/plus/1/page/9
Caio Alexandre,Defensive Midfield,Esporte Clube Bahia,Brazil,25,2,0,2,2023,https://www.transfermarkt.com/campeonato-brasileiro-serie-a/scorerliste/wettbewerb/BRA1/saison_id/2023/altersklasse/alle/plus/1/page/9
Thiago Borbas,Centre-Forward,Red Bull Bragantino,Uruguay,22,2,0,2,2023,https://www.transfermarkt.com/campeonato-brasileiro-serie-a/scorerliste/wettbewerb/BRA1/saison_id/2023/altersklasse/alle/plus/1/page/9
Gustavo Martins,Centre-Back,Grêmio Foot-Ball Porto Alegrense,Brazil,22,2,0,2,2023,https://www.transfermarkt.com/campeonato-brasileiro-serie-a/scorerliste/wettbewerb/BRA1/saison_id/2023/altersklasse/alle/plus/1/page/9
Douglas Mendes,Centre-Back,Red Bull Bragantino,Brazil,20,2,0,2,2023,https://www.transfermarkt.com/campeonato-brasileiro-serie-a/scorerliste/wettbewerb/BRA1/saison_id/2023/altersklasse/alle/plus/1/page/10
Matheus Gonçalves,Right Winger,CR Flamengo,Brazil,19,2,0,2,2023,https://www.transfermarkt.com/campeonato-brasileiro-serie-a/scorerliste/wettbewerb/BRA1/saison_id/2023/altersklasse/alle/plus/1/page/10
Eliel,Left Winger,Cuiabá Esporte Clube (MT),Brazil,21,2,0,2,2023,https://www.transfermarkt.com/campeonato-brasileiro-serie-a/scorerliste/wettbewerb/BRA1/saison_id/2023/altersklasse/alle/plus/1/page/10
Vinicinho,Left Winger,Red Bull Bragantino,Brazil,20,2,0,2,2023,https://www.transfermarkt.com/campeonato-brasileiro-serie-a/scorerliste/wettbewerb/BRA1/saison_id/2023/altersklasse/alle/plus/1/page/10
Marcelo,Left-Back,Fluminense Football Club,Brazil,36,1,1,2,2023,https://www.transfermarkt.com/campeonato-brasileiro-serie-a/scorerliste/wettbewerb/BRA1/saison_id/2023/altersklasse/alle/plus/1/page/10
Renato Augusto,Central Midfield,Fluminense Football Club,Brazil,36,1,1,2,2023,https://www.transfermarkt.com/campeonato-brasileiro-serie-a/scorerliste/wettbewerb/BRA1/saison_id/2023/altersklasse/alle/plus/1/page/10
Alex Teixeira,Attacking Midfield,Clube de Regatas Vasco da Gama,Brazil,34,1,1,2,2023,https://www.transfermarkt.com/campeonato-brasileiro-serie-a/scorerliste/wettbewerb/BRA1/saison_id/2023/altersklasse/alle/plus/1/page/10
Alan Ruschel,Left-Back,Esporte Clube Juventude,Brazil,35,1,1,2,2023,https://www.transfermarkt.com/campeonato-brasileiro-serie-a/scorerliste/wettbewerb/BRA1/saison_id/2023/altersklasse/alle/plus/1/page/10
Edenilson,Central Midfield,,Brazil,34,1,1,2,2023,https://www.transfermarkt.com/campeonato-brasileiro-serie-a/scorerliste/wettbewerb/BRA1/saison_id/2023/altersklasse/alle/plus/1/page/10
Pedro Henrique,Right Winger,Sport Club Corinthians Paulista,Brazil,34,1,1,2,2023,https://www.transfermarkt.com/campeonato-brasileiro-serie-a/scorerliste/wettbewerb/BRA1/saison_id/2023/altersklasse/alle/plus/1/page/10
Lucas Silva,Defensive Midfield,Cruzeiro Esporte Clube,Brazil,31,1,1,2,2023,https://www.transfermarkt.com/campeonato-brasileiro-serie-a/scorerliste/wettbewerb/BRA1/saison_id/2023/altersklasse/alle/plus/1/page/10
Gilberto,Right-Back,Esporte Clube Bahia,Brazil,31,1,1,2,2023,https://www.transfermarkt.com/campeonato-brasileiro-serie-a/scorerliste/wettbewerb/BRA1/saison_id/2023/altersklasse/alle/plus/1/page/10
Victor Luís,Left-Back,Clube de Regatas Vasco da Gama,Brazil,31,1,1,2,2023,https://www.transfermarkt.com/campeonato-brasileiro-serie-a/scorerliste/wettbewerb/BRA1/saison_id/2023/altersklasse/alle/plus/1/page/10
Fabricio Bustos,Right-Back,Sport Club Internacional,Argentina,28,1,1,2,2023,https://www.transfermarkt.com/campeonato-brasileiro-serie-a/scorerliste/wettbewerb/BRA1/saison_id/2023/altersklasse/alle/plus/1/page/10
Keno,Left Winger,Fluminense Football Club,Brazil,35,1,1,2,2023,https://www.transfermarkt.com/campeonato-brasileiro-serie-a/scorerliste/wettbewerb/BRA1/saison_id/2023/altersklasse/alle/plus/1/page/10
Guilherme Arana,Left-Back,Clube Atlético Mineiro,Brazil,27,1,1,2,2023,https://www.transfermarkt.com/campeonato-brasileiro-serie-a/scorerliste/wettbewerb/BRA1/saison_id/2023/altersklasse/alle/plus/1/page/10
Fernando Sobral,Central Midfield,Cuiabá Esporte Clube (MT),Brazil,29,1,1,2,2023,https://www.transfermarkt.com/campeonato-brasileiro-serie-a/scorerliste/wettbewerb/BRA1/saison_id/2023/altersklasse/alle/plus/1/page/10
Matheus Fernandes,Defensive Midfield,Red Bull Bragantino,Brazil,26,1,1,2,2023,https://www.transfermarkt.com/campeonato-brasileiro-serie-a/scorerliste/wettbewerb/BRA1/saison_id/2023/altersklasse/alle/plus/1/page/10
Mateus Vital,Central Midfield,Cruzeiro Esporte Clube,Brazil,26,1,1,2,2023,https://www.transfermarkt.com/campeonato-brasileiro-serie-a/scorerliste/wettbewerb/BRA1/saison_id/2023/altersklasse/alle/plus/1/page/10
Lucas Fernandes,Attacking Midfield,Cuiabá Esporte Clube (MT),Brazil,27,1,1,2,2023,https://www.transfermarkt.com/campeonato-brasileiro-serie-a/scorerliste/wettbewerb/BRA1/saison_id/2023/altersklasse/alle/plus/1/page/10
Bruno Pacheco,Left-Back,Fortaleza Esporte Clube,Brazil,32,1,1,2,2023,https://www.transfermarkt.com/campeonato-brasileiro-serie-a/scorerliste/wettbewerb/BRA1/saison_id/2023/altersklasse/alle/plus/1/page/10
Nahuel Ferraresi,Centre-Back,São Paulo Futebol Clube,Venezuela,25,1,1,2,2023,https://www.transfermarkt.com/campeonato-brasileiro-serie-a/scorerliste/wettbewerb/BRA1/saison_id/2023/altersklasse/alle/plus/1/page/10
Raul,Defensive Midfield,Red Bull Bragantino,Brazil,28,1,1,2,2023,https://www.transfermarkt.com/campeonato-brasileiro-serie-a/scorerliste/wettbewerb/BRA1/saison_id/2023/altersklasse/alle/plus/1/page/10
Matheuzinho,Right-Back,Sport Club Corinthians Paulista,Brazil,24,1,1,2,2023,https://www.transfermarkt.com/campeonato-brasileiro-serie-a/scorerliste/wettbewerb/BRA1/saison_id/2023/altersklasse/alle/plus/1/page/10
Aníbal Moreno,Defensive Midfield,Sociedade Esportiva Palmeiras,Argentina,25,1,1,2,2023,https://www.transfermarkt.com/campeonato-brasileiro-serie-a/scorerliste/wettbewerb/BRA1/saison_id/2023/altersklasse/alle/plus/1/page/10
João Victor,Centre-Back,Clube de Regatas Vasco da Gama,Brazil,26,1,1,2,2023,https://www.transfermarkt.com/campeonato-brasileiro-serie-a/scorerliste/wettbewerb/BRA1/saison_id/2023/altersklasse/alle/plus/1/page/11
Igor Gomes,Centre-Back,Sport Club Internacional,Brazil,23,1,1,2,2023,https://www.transfermarkt.com/campeonato-brasileiro-serie-a/scorerliste/wettbewerb/BRA1/saison_id/2023/altersklasse/alle/plus/1/page/11
Bruno Gomes,Right-Back,Sport Club Internacional,Brazil,23,1,1,2,2023,https://www.transfermarkt.com/campeonato-brasileiro-serie-a/scorerliste/wettbewerb/BRA1/saison_id/2023/altersklasse/alle/plus/1/page/11
Newton,Defensive Midfield,,Brazil,24,1,1,2,2023,https://www.transfermarkt.com/campeonato-brasileiro-serie-a/scorerliste/wettbewerb/BRA1/saison_id/2023/altersklasse/alle/plus/1/page/11
Martinelli,Defensive Midfield,Fluminense Football Club,Brazil,23,1,1,2,2023,https://www.transfermarkt.com/campeonato-brasileiro-serie-a/scorerliste/wettbewerb/BRA1/saison_id/2023/altersklasse/alle/plus/1/page/11
Imanol Machuca,Right Winger,Fortaleza Esporte Clube,Malaysia,24,1,1,2,2023,https://www.transfermarkt.com/campeonato-brasileiro-serie-a/scorerliste/wettbewerb/BRA1/saison_id/2023/altersklasse/alle/plus/1/page/11
Rubens,Left-Back,Clube Atlético Mineiro,Brazil,23,1,1,2,2023,https://www.transfermarkt.com/campeonato-brasileiro-serie-a/scorerliste/wettbewerb/BRA1/saison_id/2023/altersklasse/alle/plus/1/page/11
Jeffinho,Left Winger,Botafogo de Futebol e Regatas,Brazil,24,1,1,2,2023,https://www.transfermarkt.com/campeonato-brasileiro-serie-a/scorerliste/wettbewerb/BRA1/saison_id/2023/altersklasse/alle/plus/1/page/11
Kervin Andrade,Attacking Midfield,Fortaleza Esporte Clube,Venezuela,19,1,1,2,2023,https://www.transfermarkt.com/campeonato-brasileiro-serie-a/scorerliste/wettbewerb/BRA1/saison_id/2023/altersklasse/alle/plus/1/page/11
Lorran,Attacking Midfield,CR Flamengo,Brazil,18,1,1,2,2023,https://www.transfermarkt.com/campeonato-brasileiro-serie-a/scorerliste/wettbewerb/BRA1/saison_id/2023/altersklasse/alle/plus/1/page/11
Vitinho,Central Midfield,Cruzeiro Esporte Clube,Brazil,20,1,1,2,2023,https://www.transfermarkt.com/campeonato-brasileiro-serie-a/scorerliste/wettbewerb/BRA1/saison_id/2023/altersklasse/alle/plus/1/page/11
Leandrinho,Left-Back,Clube de Regatas Vasco da Gama,Brazil,19,1,1,2,2023,https://www.transfermarkt.com/campeonato-brasileiro-serie-a/scorerliste/wettbewerb/BRA1/saison_id/2023/altersklasse/alle/plus/1/page/11
Marcos Rocha,Right-Back,Sociedade Esportiva Palmeiras,Brazil,35,0,2,2,2023,https://www.transfermarkt.com/campeonato-brasileiro-serie-a/scorerliste/wettbewerb/BRA1/saison_id/2023/altersklasse/alle/plus/1/page/11
André Carrillo,Central Midfield,Sport Club Corinthians Paulista,Peru,33,0,2,2,2023,https://www.transfermarkt.com/campeonato-brasileiro-serie-a/scorerliste/wettbewerb/BRA1/saison_id/2023/altersklasse/alle/plus/1/page/11
Walter Kannemann,Centre-Back,Grêmio Foot-Ball Porto Alegrense,Argentina,33,0,2,2,2023,https://www.transfermarkt.com/campeonato-brasileiro-serie-a/scorerliste/wettbewerb/BRA1/saison_id/2023/altersklasse/alle/plus/1/page/11
Samuel Xavier,Right-Back,Fluminense Football Club,Brazil,34,0,2,2,2023,https://www.transfermarkt.com/campeonato-brasileiro-serie-a/scorerliste/wettbewerb/BRA1/saison_id/2023/altersklasse/alle/plus/1/page/11
Zé Rafael,Central Midfield,Sociedade Esportiva Palmeiras,Brazil,31,0,2,2,2023,https://www.transfermarkt.com/campeonato-brasileiro-serie-a/scorerliste/wettbewerb/BRA1/saison_id/2023/altersklasse/alle/plus/1/page/11
Lucas Romero,Defensive Midfield,Cruzeiro Esporte Clube,Argentina,30,0,2,2,2023,https://www.transfermarkt.com/campeonato-brasileiro-serie-a/scorerliste/wettbewerb/BRA1/saison_id/2023/altersklasse/alle/plus/1/page/11
Emanuel Brítez,Centre-Back,Fortaleza Esporte Clube,Argentina,32,0,2,2,2023,https://www.transfermarkt.com/campeonato-brasileiro-serie-a/scorerliste/wettbewerb/BRA1/saison_id/2023/altersklasse/alle/plus/1/page/11
Pablo Galdames,Central Midfield,Clube de Regatas Vasco da Gama,Chile,27,0,2,2,2023,https://www.transfermarkt.com/campeonato-brasileiro-serie-a/scorerliste/wettbewerb/BRA1/saison_id/2023/altersklasse/alle/plus/1/page/11
Carlos Eduardo,Right Winger,Esporte Clube Vitória,Brazil,28,0,2,2,2023,https://www.transfermarkt.com/campeonato-brasileiro-serie-a/scorerliste/wettbewerb/BRA1/saison_id/2023/altersklasse/alle/plus/1/page/11
Dodi,Defensive Midfield,Grêmio Foot-Ball Porto Alegrense,Brazil,28,0,2,2,2023,https://www.transfermarkt.com/campeonato-brasileiro-serie-a/scorerliste/wettbewerb/BRA1/saison_id/2023/altersklasse/alle/plus/1/page/11
Rodrigo Nestor,Central Midfield,São Paulo Futebol Clube,Brazil,24,0,2,2,2023,https://www.transfermarkt.com/campeonato-brasileiro-serie-a/scorerliste/wettbewerb/BRA1/saison_id/2023/altersklasse/alle/plus/1/page/11
Igor Vinícius,Right-Back,São Paulo Futebol Clube,Brazil,27,0,2,2,2023,https://www.transfermarkt.com/campeonato-brasileiro-serie-a/scorerliste/wettbewerb/BRA1/saison_id/2023/altersklasse/alle/plus/1/page/11
José Andrés Hurtado,Right-Back,Red Bull Bragantino,Ecuador,22,0,2,2,2023,https://www.transfermarkt.com/campeonato-brasileiro-serie-a/scorerliste/wettbewerb/BRA1/saison_id/2023/altersklasse/alle/plus/1/page/11
João Marcelo,Centre-Back,Cruzeiro Esporte Clube,Brazil,24,0,2,2,2023,https://www.transfermarkt.com/campeonato-brasileiro-serie-a/scorerliste/wettbewerb/BRA1/saison_id/2023/altersklasse/alle/plus/1/page/12
Diego Hernández,Left Winger,Botafogo de Futebol e Regatas,Uruguay,24,0,2,2,2023,https://www.transfermarkt.com/campeonato-brasileiro-serie-a/scorerliste/wettbewerb/BRA1/saison_id/2023/altersklasse/alle/plus/1/page/12
Wesley,Right-Back,CR Flamengo,Brazil,21,0,2,2,2023,https://www.transfermarkt.com/campeonato-brasileiro-serie-a/scorerliste/wettbewerb/BRA1/saison_id/2023/altersklasse/alle/plus/1/page/12
Vágner Love,Centre-Forward,Atlético Clube Goianiense,Brazil,40,1,0,1,2023,https://www.transfermarkt.com/campeonato-brasileiro-serie-a/scorerliste/wettbewerb/BRA1/saison_id/2023/altersklasse/alle/plus/1/page/12
Gabriel Mercado,Centre-Back,Sport Club Internacional,Argentina,37,1,0,1,2023,https://www.transfermarkt.com/campeonato-brasileiro-serie-a/scorerliste/wettbewerb/BRA1/saison_id/2023/altersklasse/alle/plus/1/page/12
Fernando,Defensive Midfield,Sport Club Internacional,Brazil,37,1,0,1,2023,https://www.transfermarkt.com/campeonato-brasileiro-serie-a/scorerliste/wettbewerb/BRA1/saison_id/2023/altersklasse/alle/plus/1/page/12
Titi,Centre-Back,Fortaleza Esporte Clube,Brazil,36,1,0,1,2023,https://www.transfermarkt.com/campeonato-brasileiro-serie-a/scorerliste/wettbewerb/BRA1/saison_id/2023/altersklasse/alle/plus/1/page/12
Maicon,Centre-Back,Clube de Regatas Vasco da Gama,Brazil,36,1,0,1,2023,https://www.transfermarkt.com/campeonato-brasileiro-serie-a/scorerliste/wettbewerb/BRA1/saison_id/2023/altersklasse/alle/plus/1/page/12
Hugo Mallo,Right-Back,Sport Club Internacional,Spain,33,1,0,1,2023,https://www.transfermarkt.com/campeonato-brasileiro-serie-a/scorerliste/wettbewerb/BRA1/saison_id/2023/altersklasse/alle/plus/1/page/12
Tobias Figueiredo,Centre-Back,Criciúma EC,Portugal,30,1,0,1,2023,https://www.transfermarkt.com/campeonato-brasileiro-serie-a/scorerliste/wettbewerb/BRA1/saison_id/2023/altersklasse/alle/plus/1/page/12
Marçal,Left-Back,Botafogo de Futebol e Regatas,Brazil,35,1,0,1,2023,https://www.transfermarkt.com/campeonato-brasileiro-serie-a/scorerliste/wettbewerb/BRA1/saison_id/2023/altersklasse/alle/plus/1/page/12
Mayke,Right-Back,Sociedade Esportiva Palmeiras,Brazil,32,1,0,1,2023,https://www.transfermarkt.com/campeonato-brasileiro-serie-a/scorerliste/wettbewerb/BRA1/saison_id/2023/altersklasse/alle/plus/1/page/12
Marllon,Centre-Back,Cuiabá Esporte Clube (MT),Brazil,32,1,0,1,2023,https://www.transfermarkt.com/campeonato-brasileiro-serie-a/scorerliste/wettbewerb/BRA1/saison_id/2023/altersklasse/alle/plus/1/page/12
Rodrigo Ely,Centre-Back,Grêmio Foot-Ball Porto Alegrense,Brazil,31,1,0,1,2023,https://www.transfermarkt.com/campeonato-brasileiro-serie-a/scorerliste/wettbewerb/BRA1/saison_id/2023/altersklasse/alle/plus/1/page/12
Bruno Alves,Centre-Back,Cuiabá Esporte Clube (MT),Brazil,33,1,0,1,2023,https://www.transfermarkt.com/campeonato-brasileiro-serie-a/scorerliste/wettbewerb/BRA1/saison_id/2023/altersklasse/alle/plus/1/page/12
Wilker Ángel,Centre-Back,Criciúma EC,Venezuela,31,1,0,1,2023,https://www.transfermarkt.com/campeonato-brasileiro-serie-a/scorerliste/wettbewerb/BRA1/saison_id/2023/altersklasse/alle/plus/1/page/12
Guillermo Varela,Right-Back,CR Flamengo,Uruguay,31,1,0,1,2023,https://www.transfermarkt.com/campeonato-brasileiro-serie-a/scorerliste/wettbewerb/BRA1/saison_id/2023/altersklasse/alle/plus/1/page/12
Maxime Dominguez,Attacking Midfield,Clube de Regatas Vasco da Gama,Switzerland,28,1,0,1,2023,https://www.transfermarkt.com/campeonato-brasileiro-serie-a/scorerliste/wettbewerb/BRA1/saison_id/2023/altersklasse/alle/plus/1/page/12
Gustavo Henrique,Centre-Back,Sport Club Corinthians Paulista,Brazil,31,1,0,1,2023,https://www.transfermarkt.com/campeonato-brasileiro-serie-a/scorerliste/wettbewerb/BRA1/saison_id/2023/altersklasse/alle/plus/1/page/12
Jean Mota,Central Midfield,Esporte Clube Vitória,Brazil,31,1,0,1,2023,https://www.transfermarkt.com/campeonato-brasileiro-serie-a/scorerliste/wettbewerb/BRA1/saison_id/2023/altersklasse/alle/plus/1/page/12
Jemerson,Centre-Back,,Brazil,32,1,0,1,2023,https://www.transfermarkt.com/campeonato-brasileiro-serie-a/scorerliste/wettbewerb/BRA1/saison_id/2023/altersklasse/alle/plus/1/page/12
Eryc Castillo,Left Winger,Esporte Clube Vitória,Ecuador,29,1,0,1,2023,https://www.transfermarkt.com/campeonato-brasileiro-serie-a/scorerliste/wettbewerb/BRA1/saison_id/2023/altersklasse/alle/plus/1/page/12
Júnior Alonso,Centre-Back,Clube Atlético Mineiro,Paraguay,31,1,0,1,2023,https://www.transfermarkt.com/campeonato-brasileiro-serie-a/scorerliste/wettbewerb/BRA1/saison_id/2023/altersklasse/alle/plus/1/page/12
Pedro Henrique,Centre-Back,,Brazil,29,1,0,1,2023,https://www.transfermarkt.com/campeonato-brasileiro-serie-a/scorerliste/wettbewerb/BRA1/saison_id/2023/altersklasse/alle/plus/1/page/12
Ronie Carrillo,Centre-Forward,Esporte Clube Juventude,Ecuador,28,1,0,1,2023,https://www.transfermarkt.com/campeonato-brasileiro-serie-a/scorerliste/wettbewerb/BRA1/saison_id/2023/altersklasse/alle/plus/1/page/12
Neris,Centre-Back,,Brazil,32,1,0,1,2023,https://www.transfermarkt.com/campeonato-brasileiro-serie-a/scorerliste/wettbewerb/BRA1/saison_id/2023/altersklasse/alle/plus/1/page/13
Rodrigo Sam,Centre-Back,Esporte Clube Juventude,Brazil,29,1,0,1,2023,https://www.transfermarkt.com/campeonato-brasileiro-serie-a/scorerliste/wettbewerb/BRA1/saison_id/2023/altersklasse/alle/plus/1/page/13
Iury Castilho,Centre-Forward,Esporte Clube Vitória,Brazil,28,1,0,1,2023,https://www.transfermarkt.com/campeonato-brasileiro-serie-a/scorerliste/wettbewerb/BRA1/saison_id/2023/altersklasse/alle/plus/1/page/13
Luiz Felipe,Centre-Back,Atlético Clube Goianiense,Brazil,31,1,0,1,2023,https://www.transfermarkt.com/campeonato-brasileiro-serie-a/scorerliste/wettbewerb/BRA1/saison_id/2023/altersklasse/alle/plus/1/page/13
Adryelson,Centre-Back,Botafogo de Futebol e Regatas,Brazil,26,1,0,1,2023,https://www.transfermarkt.com/campeonato-brasileiro-serie-a/scorerliste/wettbewerb/BRA1/saison_id/2023/altersklasse/alle/plus/1/page/13
David Duarte,Centre-Back,Esporte Clube Bahia,Brazil,29,1,0,1,2023,https://www.transfermarkt.com/campeonato-brasileiro-serie-a/scorerliste/wettbewerb/BRA1/saison_id/2023/altersklasse/alle/plus/1/page/13
Liziero,Central Midfield,São Paulo Futebol Clube,Brazil,26,1,0,1,2023,https://www.transfermarkt.com/campeonato-brasileiro-serie-a/scorerliste/wettbewerb/BRA1/saison_id/2023/altersklasse/alle/plus/1/page/13
Diego Gonçalves,Left Winger,Esporte Clube Juventude,Brazil,30,1,0,1,2023,https://www.transfermarkt.com/campeonato-brasileiro-serie-a/scorerliste/wettbewerb/BRA1/saison_id/2023/altersklasse/alle/plus/1/page/13
Paulo Henrique,Right-Back,Clube de Regatas Vasco da Gama,Brazil,28,1,0,1,2023,https://www.transfermarkt.com/campeonato-brasileiro-serie-a/scorerliste/wettbewerb/BRA1/saison_id/2023/altersklasse/alle/plus/1/page/13
Tomás Cardona,Centre-Back,Fortaleza Esporte Clube,Argentina,29,1,0,1,2023,https://www.transfermarkt.com/campeonato-brasileiro-serie-a/scorerliste/wettbewerb/BRA1/saison_id/2023/altersklasse/alle/plus/1/page/13
Luan Cândido,Left-Back,Red Bull Bragantino,Brazil,23,1,0,1,2023,https://www.transfermarkt.com/campeonato-brasileiro-serie-a/scorerliste/wettbewerb/BRA1/saison_id/2023/altersklasse/alle/plus/1/page/13
Fabrício Bruno,Centre-Back,CR Flamengo,Brazil,28,1,0,1,2023,https://www.transfermarkt.com/campeonato-brasileiro-serie-a/scorerliste/wettbewerb/BRA1/saison_id/2023/altersklasse/alle/plus/1/page/13
Murilo,Centre-Back,Sociedade Esportiva Palmeiras,Brazil,27,1,0,1,2023,https://www.transfermarkt.com/campeonato-brasileiro-serie-a/scorerliste/wettbewerb/BRA1/saison_id/2023/altersklasse/alle/plus/1/page/13
Lucas Halter,Centre-Back,Botafogo de Futebol e Regatas,Brazil,24,1,0,1,2023,https://www.transfermarkt.com/campeonato-brasileiro-serie-a/scorerliste/wettbewerb/BRA1/saison_id/2023/altersklasse/alle/plus/1/page/13
Zé Ivaldo,Centre-Back,Cruzeiro Esporte Clube,Brazil,27,1,0,1,2023,https://www.transfermarkt.com/campeonato-brasileiro-serie-a/scorerliste/wettbewerb/BRA1/saison_id/2023/altersklasse/alle/plus/1/page/13
Charles,Defensive Midfield,Sport Club Corinthians Paulista,Brazil,28,1,0,1,2023,https://www.transfermarkt.com/campeonato-brasileiro-serie-a/scorerliste/wettbewerb/BRA1/saison_id/2023/altersklasse/alle/plus/1/page/13
Jacob Montes,Attacking Midfield,Botafogo de Futebol e Regatas,Nicaragua,25,1,0,1,2023,https://www.transfermarkt.com/campeonato-brasileiro-serie-a/scorerliste/wettbewerb/BRA1/saison_id/2023/altersklasse/alle/plus/1/page/13
Eduardo,Centre-Back,Red Bull Bragantino,Brazil,26,1,0,1,2023,https://www.transfermarkt.com/campeonato-brasileiro-serie-a/scorerliste/wettbewerb/BRA1/saison_id/2023/altersklasse/alle/plus/1/page/13
Ignacio Laquintana,Right Winger,Red Bull Bragantino,Uruguay,25,1,0,1,2023,https://www.transfermarkt.com/campeonato-brasileiro-serie-a/scorerliste/wettbewerb/BRA1/saison_id/2023/altersklasse/alle/plus/1/page/13
Rafael Elias,Centre-Forward,Cruzeiro Esporte Clube,Brazil,25,1,0,1,2023,https://www.transfermarkt.com/campeonato-brasileiro-serie-a/scorerliste/wettbewerb/BRA1/saison_id/2023/altersklasse/alle/plus/1/page/13
Gonzalo Plata,Right Winger,CR Flamengo,Ecuador,24,1,0,1,2023,https://www.transfermarkt.com/campeonato-brasileiro-serie-a/scorerliste/wettbewerb/BRA1/saison_id/2023/altersklasse/alle/plus/1/page/13
Pepê,Central Midfield,Grêmio Foot-Ball Porto Alegrense,Brazil,26,1,0,1,2023,https://www.transfermarkt.com/campeonato-brasileiro-serie-a/scorerliste/wettbewerb/BRA1/saison_id/2023/altersklasse/alle/plus/1/page/13
Gabriel Menino,Right-Back,Sociedade Esportiva Palmeiras,Brazil,24,1,0,1,2023,https://www.transfermarkt.com/campeonato-brasileiro-serie-a/scorerliste/wettbewerb/BRA1/saison_id/2023/altersklasse/alle/plus/1/page/13
Matheus Alexandre,Right-Back,Cuiabá Esporte Clube (MT),Brazil,25,1,0,1,2023,https://www.transfermarkt.com/campeonato-brasileiro-serie-a/scorerliste/wettbewerb/BRA1/saison_id/2023/altersklasse/alle/plus/1/page/13
Fabinho,Defensive Midfield,Sociedade Esportiva Palmeiras,Brazil,22,1,0,1,2023,https://www.transfermarkt.com/campeonato-brasileiro-serie-a/scorerliste/wettbewerb/BRA1/saison_id/2023/altersklasse/alle/plus/1/page/13
Christian,Right Midfield,Club Athletico Paranaense,Brazil,23,1,0,1,2023,https://www.transfermarkt.com/campeonato-brasileiro-serie-a/scorerliste/wettbewerb/BRA1/saison_id/2023/altersklasse/alle/plus/1/page/14
Juan Sforza,Defensive Midfield,Clube de Regatas Vasco da Gama,Argentina,22,1,0,1,2023,https://www.transfermarkt.com/campeonato-brasileiro-serie-a/scorerliste/wettbewerb/BRA1/saison_id/2023/altersklasse/alle/plus/1/page/14
Lucas Belezi,Centre-Back,Club Athletico Paranaense,Brazil,21,1,0,1,2023,https://www.transfermarkt.com/campeonato-brasileiro-serie-a/scorerliste/wettbewerb/BRA1/saison_id/2023/altersklasse/alle/plus/1/page/14
Lautaro Díaz,Centre-Forward,Cruzeiro Esporte Clube,Argentina,26,1,0,1,2023,https://www.transfermarkt.com/campeonato-brasileiro-serie-a/scorerliste/wettbewerb/BRA1/saison_id/2023/altersklasse/alle/plus/1/page/14
Roni,Defensive Midfield,Atlético Clube Goianiense,Brazil,25,1,0,1,2023,https://www.transfermarkt.com/campeonato-brasileiro-serie-a/scorerliste/wettbewerb/BRA1/saison_id/2023/altersklasse/alle/plus/1/page/14
Carlos Alberto,Left Winger,Botafogo de Futebol e Regatas,Brazil,22,1,0,1,2023,https://www.transfermarkt.com/campeonato-brasileiro-serie-a/scorerliste/wettbewerb/BRA1/saison_id/2023/altersklasse/alle/plus/1/page/14
Rômulo,Centre-Back,Clube Atlético Mineiro,Brazil,20,1,0,1,2023,https://www.transfermarkt.com/campeonato-brasileiro-serie-a/scorerliste/wettbewerb/BRA1/saison_id/2023/altersklasse/alle/plus/1/page/14
Kauê,Central Midfield,Botafogo de Futebol e Regatas,Brazil,19,1,0,1,2023,https://www.transfermarkt.com/campeonato-brasileiro-serie-a/scorerliste/wettbewerb/BRA1/saison_id/2023/altersklasse/alle/plus/1/page/14
Damián Bobadilla,Central Midfield,São Paulo Futebol Clube,Paraguay,23,1,0,1,2023,https://www.transfermarkt.com/campeonato-brasileiro-serie-a/scorerliste/wettbewerb/BRA1/saison_id/2023/altersklasse/alle/plus/1/page/14
Max,Attacking Midfield,Cuiabá Esporte Clube (MT),Brazil,23,1,0,1,2023,https://www.transfermarkt.com/campeonato-brasileiro-serie-a/scorerliste/wettbewerb/BRA1/saison_id/2023/altersklasse/alle/plus/1/page/14
Kaiki,Left-Back,Cruzeiro Esporte Clube,Brazil,21,1,0,1,2023,https://www.transfermarkt.com/campeonato-brasileiro-serie-a/scorerliste/wettbewerb/BRA1/saison_id/2023/altersklasse/alle/plus/1/page/14
Evertton Araújo,Defensive Midfield,CR Flamengo,Brazil,21,1,0,1,2023,https://www.transfermarkt.com/campeonato-brasileiro-serie-a/scorerliste/wettbewerb/BRA1/saison_id/2023/altersklasse/alle/plus/1/page/14
Yan Souto,Centre-Back,Esporte Clube Juventude,Brazil,22,1,0,1,2023,https://www.transfermarkt.com/campeonato-brasileiro-serie-a/scorerliste/wettbewerb/BRA1/saison_id/2023/altersklasse/alle/plus/1/page/14
Giovane,Centre-Forward,Sport Club Corinthians Paulista,Brazil,20,1,0,1,2023,https://www.transfermarkt.com/campeonato-brasileiro-serie-a/scorerliste/wettbewerb/BRA1/saison_id/2023/altersklasse/alle/plus/1/page/14
Vitor Reis,Centre-Back,Sociedade Esportiva Palmeiras,Brazil,18,1,0,1,2023,https://www.transfermarkt.com/campeonato-brasileiro-serie-a/scorerliste/wettbewerb/BRA1/saison_id/2023/altersklasse/alle/plus/1/page/14
Rayan,Right Winger,Clube de Regatas Vasco da Gama,Brazil,18,1,0,1,2023,https://www.transfermarkt.com/campeonato-brasileiro-serie-a/scorerliste/wettbewerb/BRA1/saison_id/2023/altersklasse/alle/plus/1/page/14
Ricardo Mathias,Centre-Forward,Sport Club Internacional,Brazil,18,1,0,1,2023,https://www.transfermarkt.com/campeonato-brasileiro-serie-a/scorerliste/wettbewerb/BRA1/saison_id/2023/altersklasse/alle/plus/1/page/14
Alisson,Right Winger,Clube Atlético Mineiro,Brazil,19,1,0,1,2023,https://www.transfermarkt.com/campeonato-brasileiro-serie-a/scorerliste/wettbewerb/BRA1/saison_id/2023/altersklasse/alle/plus/1/page/14
Lyncon,Centre-Back,Clube de Regatas Vasco da Gama,Brazil,19,1,0,1,2023,https://www.transfermarkt.com/campeonato-brasileiro-serie-a/scorerliste/wettbewerb/BRA1/saison_id/2023/altersklasse/alle/plus/1/page/14
GB,Centre-Forward,Clube de Regatas Vasco da Gama,Brazil,19,1,0,1,2023,https://www.transfermarkt.com/campeonato-brasileiro-serie-a/scorerliste/wettbewerb/BRA1/saison_id/2023/altersklasse/alle/plus/1/page/14
Guilherme Estrella,Attacking Midfield,Clube de Regatas Vasco da Gama,Brazil,19,1,0,1,2023,https://www.transfermarkt.com/campeonato-brasileiro-serie-a/scorerliste/wettbewerb/BRA1/saison_id/2023/altersklasse/alle/plus/1/page/14
Gustavo Prado,Left Winger,Sport Club Internacional,Brazil,19,1,0,1,2023,https://www.transfermarkt.com/campeonato-brasileiro-serie-a/scorerliste/wettbewerb/BRA1/saison_id/2023/altersklasse/alle/plus/1/page/14
Mateo Zuleta,Left Winger,Atlético Clube Goianiense,Colombia,22,1,0,1,2023,https://www.transfermarkt.com/campeonato-brasileiro-serie-a/scorerliste/wettbewerb/BRA1/saison_id/2023/altersklasse/alle/plus/1/page/14
Luighi,Centre-Forward,Sociedade Esportiva Palmeiras,Brazil,18,1,0,1,2023,https://www.transfermarkt.com/campeonato-brasileiro-serie-a/scorerliste/wettbewerb/BRA1/saison_id/2023/altersklasse/alle/plus/1/page/14
Tevis,Right Winger,Cruzeiro Esporte Clube,Brazil,18,1,0,1,2023,https://www.transfermarkt.com/campeonato-brasileiro-serie-a/scorerliste/wettbewerb/BRA1/saison_id/2023/altersklasse/alle/plus/1/page/14
Felipe Teresa,Right Winger,CR Flamengo,Brazil,18,1,0,1,2023,https://www.transfermarkt.com/campeonato-brasileiro-serie-a/scorerliste/wettbewerb/BRA1/saison_id/2023/altersklasse/alle/plus/1/page/15
Guilherme Gomes,Attacking Midfield,CR Flamengo,Brazil,18,1,0,1,2023,https://www.transfermarkt.com/campeonato-brasileiro-serie-a/scorerliste/wettbewerb/BRA1/saison_id/2023/altersklasse/alle/plus/1/page/15
Thiago Heleno,Centre-Back,Club Athletico Paranaense,Brazil,36,0,1,1,2023,https://www.transfermarkt.com/campeonato-brasileiro-serie-a/scorerliste/wettbewerb/BRA1/saison_id/2023/altersklasse/alle/plus/1/page/15
Fagner,Right-Back,Sport Club Corinthians Paulista,Brazil,35,0,1,1,2023,https://www.transfermarkt.com/campeonato-brasileiro-serie-a/scorerliste/wettbewerb/BRA1/saison_id/2023/altersklasse/alle/plus/1/page/15
Luiz Adriano,Centre-Forward,Esporte Clube Vitória,Brazil,37,0,1,1,2023,https://www.transfermarkt.com/campeonato-brasileiro-serie-a/scorerliste/wettbewerb/BRA1/saison_id/2023/altersklasse/alle/plus/1/page/15
Weverton,Goalkeeper,Sociedade Esportiva Palmeiras,Brazil,36,0,1,1,2023,https://www.transfermarkt.com/campeonato-brasileiro-serie-a/scorerliste/wettbewerb/BRA1/saison_id/2023/altersklasse/alle/plus/1/page/15
Damián Suárez,Right-Back,Botafogo de Futebol e Regatas,Uruguay,36,0,1,1,2023,https://www.transfermarkt.com/campeonato-brasileiro-serie-a/scorerliste/wettbewerb/BRA1/saison_id/2023/altersklasse/alle/plus/1/page/15
Alex Sandro,Left-Back,CR Flamengo,Brazil,33,0,1,1,2023,https://www.transfermarkt.com/campeonato-brasileiro-serie-a/scorerliste/wettbewerb/BRA1/saison_id/2023/altersklasse/alle/plus/1/page/15
Santiago Arias,Right-Back,Esporte Clube Bahia,Colombia,32,0,1,1,2023,https://www.transfermarkt.com/campeonato-brasileiro-serie-a/scorerliste/wettbewerb/BRA1/saison_id/2023/altersklasse/alle/plus/1/page/15
Allan,Defensive Midfield,Botafogo de Futebol e Regatas,Brazil,33,0,1,1,2023,https://www.transfermarkt.com/campeonato-brasileiro-serie-a/scorerliste/wettbewerb/BRA1/saison_id/2023/altersklasse/alle/plus/1/page/15
Jonathan,Right-Back,Criciúma EC,Brazil,32,0,1,1,2023,https://www.transfermarkt.com/campeonato-brasileiro-serie-a/scorerliste/wettbewerb/BRA1/saison_id/2023/altersklasse/alle/plus/1/page/15
Jorginho,Attacking Midfield,Atlético Clube Goianiense,Brazil,33,0,1,1,2023,https://www.transfermarkt.com/campeonato-brasileiro-serie-a/scorerliste/wettbewerb/BRA1/saison_id/2023/altersklasse/alle/plus/1/page/15
André Ramalho,Centre-Back,Sport Club Corinthians Paulista,Brazil,32,0,1,1,2023,https://www.transfermarkt.com/campeonato-brasileiro-serie-a/scorerliste/wettbewerb/BRA1/saison_id/2023/altersklasse/alle/plus/1/page/15
Madson,Right-Back,Club Athletico Paranaense,Brazil,32,0,1,1,2023,https://www.transfermarkt.com/campeonato-brasileiro-serie-a/scorerliste/wettbewerb/BRA1/saison_id/2023/altersklasse/alle/plus/1/page/15
Walisson Maia,Centre-Back,Criciúma EC,Brazil,33,0,1,1,2023,https://www.transfermarkt.com/campeonato-brasileiro-serie-a/scorerliste/wettbewerb/BRA1/saison_id/2023/altersklasse/alle/plus/1/page/15
Rossi,Right Winger,Clube de Regatas Vasco da Gama,Brazil,31,0,1,1,2023,https://www.transfermarkt.com/campeonato-brasileiro-serie-a/scorerliste/wettbewerb/BRA1/saison_id/2023/altersklasse/alle/plus/1/page/15
Alex Telles,Left-Back,Botafogo de Futebol e Regatas,Brazil,31,0,1,1,2023,https://www.transfermarkt.com/campeonato-brasileiro-serie-a/scorerliste/wettbewerb/BRA1/saison_id/2023/altersklasse/alle/plus/1/page/15
Zé Welison,Defensive Midfield,Fortaleza Esporte Clube,Brazil,29,0,1,1,2023,https://www.transfermarkt.com/campeonato-brasileiro-serie-a/scorerliste/wettbewerb/BRA1/saison_id/2023/altersklasse/alle/plus/1/page/15
Jamal Lewis,Left-Back,São Paulo Futebol Clube,Northern Ireland,26,0,1,1,2023,https://www.transfermarkt.com/campeonato-brasileiro-serie-a/scorerliste/wettbewerb/BRA1/saison_id/2023/altersklasse/alle/plus/1/page/15
Ricardo Ryller,Defensive Midfield,Esporte Clube Vitória,Brazil,30,0,1,1,2023,https://www.transfermarkt.com/campeonato-brasileiro-serie-a/scorerliste/wettbewerb/BRA1/saison_id/2023/altersklasse/alle/plus/1/page/15
Maguinho,Right-Back,Atlético Clube Goianiense,Brazil,32,0,1,1,2023,https://www.transfermarkt.com/campeonato-brasileiro-serie-a/scorerliste/wettbewerb/BRA1/saison_id/2023/altersklasse/alle/plus/1/page/15
Pedro Rocha,Centre-Forward,,Brazil,30,0,1,1,2023,https://www.transfermarkt.com/campeonato-brasileiro-serie-a/scorerliste/wettbewerb/BRA1/saison_id/2023/altersklasse/alle/plus/1/page/15
PK,Left-Back,Esporte Clube Vitória,Brazil,30,0,1,1,2023,https://www.transfermarkt.com/campeonato-brasileiro-serie-a/scorerliste/wettbewerb/BRA1/saison_id/2023/altersklasse/alle/plus/1/page/15
Alexander Barboza,Centre-Back,Botafogo de Futebol e Regatas,Uruguay,29,0,1,1,2023,https://www.transfermarkt.com/campeonato-brasileiro-serie-a/scorerliste/wettbewerb/BRA1/saison_id/2023/altersklasse/alle/plus/1/page/15
Ronaldo,Goalkeeper,Atlético Clube Goianiense,Brazil,28,0,1,1,2023,https://www.transfermarkt.com/campeonato-brasileiro-serie-a/scorerliste/wettbewerb/BRA1/saison_id/2023/altersklasse/alle/plus/1/page/15
Léo,Centre-Back,Clube de Regatas Vasco da Gama,Brazil,28,0,1,1,2023,https://www.transfermarkt.com/campeonato-brasileiro-serie-a/scorerliste/wettbewerb/BRA1/saison_id/2023/altersklasse/alle/plus/1/page/16
Marlon,Left-Back,Cruzeiro Esporte Clube,Brazil,27,0,1,1,2023,https://www.transfermarkt.com/campeonato-brasileiro-serie-a/scorerliste/wettbewerb/BRA1/saison_id/2023/altersklasse/alle/plus/1/page/16
Lucas Kal,Central Midfield,Atlético Clube Goianiense,Brazil,28,0,1,1,2023,https://www.transfermarkt.com/campeonato-brasileiro-serie-a/scorerliste/wettbewerb/BRA1/saison_id/2023/altersklasse/alle/plus/1/page/16
Agustín Rogel,Centre-Back,Sport Club Internacional,Uruguay,27,0,1,1,2023,https://www.transfermarkt.com/campeonato-brasileiro-serie-a/scorerliste/wettbewerb/BRA1/saison_id/2023/altersklasse/alle/plus/1/page/16
Dudu,Right-Back,,Brazil,27,0,1,1,2023,https://www.transfermarkt.com/campeonato-brasileiro-serie-a/scorerliste/wettbewerb/BRA1/saison_id/2023/altersklasse/alle/plus/1/page/16
Michel Araújo,Right Winger,São Paulo Futebol Clube,Uruguay,28,0,1,1,2023,https://www.transfermarkt.com/campeonato-brasileiro-serie-a/scorerliste/wettbewerb/BRA1/saison_id/2023/altersklasse/alle/plus/1/page/16
Alan Franco,Centre-Back,São Paulo Futebol Clube,Argentina,28,0,1,1,2023,https://www.transfermarkt.com/campeonato-brasileiro-serie-a/scorerliste/wettbewerb/BRA1/saison_id/2023/altersklasse/alle/plus/1/page/16
Nonato,Central Midfield,Fluminense Football Club,Brazil,26,0,1,1,2023,https://www.transfermarkt.com/campeonato-brasileiro-serie-a/scorerliste/wettbewerb/BRA1/saison_id/2023/altersklasse/alle/plus/1/page/16
Bruno Fuchs,Centre-Back,Clube Atlético Mineiro,Brazil,25,0,1,1,2023,https://www.transfermarkt.com/campeonato-brasileiro-serie-a/scorerliste/wettbewerb/BRA1/saison_id/2023/altersklasse/alle/plus/1/page/16
Guga,Right-Back,Fluminense Football Club,Brazil,26,0,1,1,2023,https://www.transfermarkt.com/campeonato-brasileiro-serie-a/scorerliste/wettbewerb/BRA1/saison_id/2023/altersklasse/alle/plus/1/page/16
Pedro Augusto,Central Midfield,Fortaleza Esporte Clube,Brazil,27,0,1,1,2023,https://www.transfermarkt.com/campeonato-brasileiro-serie-a/scorerliste/wettbewerb/BRA1/saison_id/2023/altersklasse/alle/plus/1/page/16
Jadsom,Defensive Midfield,Red Bull Bragantino,Brazil,23,0,1,1,2023,https://www.transfermarkt.com/campeonato-brasileiro-serie-a/scorerliste/wettbewerb/BRA1/saison_id/2023/altersklasse/alle/plus/1/page/16
Kaique Rocha,Centre-Back,Club Athletico Paranaense,Brazil,23,0,1,1,2023,https://www.transfermarkt.com/campeonato-brasileiro-serie-a/scorerliste/wettbewerb/BRA1/saison_id/2023/altersklasse/alle/plus/1/page/16
Rhaldney,Central Midfield,Atlético Clube Goianiense,Brazil,26,0,1,1,2023,https://www.transfermarkt.com/campeonato-brasileiro-serie-a/scorerliste/wettbewerb/BRA1/saison_id/2023/altersklasse/alle/plus/1/page/16
Juan,Centre-Forward,São Paulo Futebol Clube,Brazil,22,0,1,1,2023,https://www.transfermarkt.com/campeonato-brasileiro-serie-a/scorerliste/wettbewerb/BRA1/saison_id/2023/altersklasse/alle/plus/1/page/16
Bruninho,Attacking Midfield,Red Bull Bragantino,Brazil,21,0,1,1,2023,https://www.transfermarkt.com/campeonato-brasileiro-serie-a/scorerliste/wettbewerb/BRA1/saison_id/2023/altersklasse/alle/plus/1/page/16
Marquinhos,Right Winger,Fluminense Football Club,Brazil,21,0,1,1,2023,https://www.transfermarkt.com/campeonato-brasileiro-serie-a/scorerliste/wettbewerb/BRA1/saison_id/2023/altersklasse/alle/plus/1/page/16
Guilherme Lopes,Left-Back,Red Bull Bragantino,Brazil,22,0,1,1,2023,https://www.transfermarkt.com/campeonato-brasileiro-serie-a/scorerliste/wettbewerb/BRA1/saison_id/2023/altersklasse/alle/plus/1/page/16
Welington,Left-Back,São Paulo Futebol Clube,Brazil,23,0,1,1,2023,https://www.transfermarkt.com/campeonato-brasileiro-serie-a/scorerliste/wettbewerb/BRA1/saison_id/2023/altersklasse/alle/plus/1/page/16
Fernando,Left-Back,Club Athletico Paranaense,Brazil,25,0,1,1,2023,https://www.transfermarkt.com/campeonato-brasileiro-serie-a/scorerliste/wettbewerb/BRA1/saison_id/2023/altersklasse/alle/plus/1/page/16
Hugo,Left-Back,Botafogo de Futebol e Regatas,Brazil,22,0,1,1,2023,https://www.transfermarkt.com/campeonato-brasileiro-serie-a/scorerliste/wettbewerb/BRA1/saison_id/2023/altersklasse/alle/plus/1/page/16
Gabriel Inocêncio,Right-Back,Esporte Clube Juventude,Brazil,30,0,1,1,2023,https://www.transfermarkt.com/campeonato-brasileiro-serie-a/scorerliste/wettbewerb/BRA1/saison_id/2023/altersklasse/alle/plus/1/page/16
André,Defensive Midfield,Fluminense Football Club,Brazil,23,0,1,1,2023,https://www.transfermarkt.com/campeonato-brasileiro-serie-a/scorerliste/wettbewerb/BRA1/saison_id/2023/altersklasse/alle/plus/1/page/16
Nathan Mendes,Right-Back,Red Bull Bragantino,Brazil,22,0,1,1,2023,https://www.transfermarkt.com/campeonato-brasileiro-serie-a/scorerliste/wettbewerb/BRA1/saison_id/2023/altersklasse/alle/plus/1/page/16
Robert Renan,Centre-Back,Sport Club Internacional,Brazil,20,0,1,1,2023,https://www.transfermarkt.com/campeonato-brasileiro-serie-a/scorerliste/wettbewerb/BRA1/saison_id/2023/altersklasse/alle/plus/1/page/16
Luís Guilherme,Right Winger,Sociedade Esportiva Palmeiras,Brazil,18,0,1,1,2023,https://www.transfermarkt.com/campeonato-brasileiro-serie-a/scorerliste/wettbewerb/BRA1/saison_id/2023/altersklasse/alle/plus/1/page/17
Alexsander,Defensive Midfield,Fluminense Football Club,Brazil,20,0,1,1,2023,https://www.transfermarkt.com/campeonato-brasileiro-serie-a/scorerliste/wettbewerb/BRA1/saison_id/2023/altersklasse/alle/plus/1/page/17
Guilherme Madruga,Defensive Midfield,Cuiabá Esporte Clube (MT),Brazil,23,0,1,1,2023,https://www.transfermarkt.com/campeonato-brasileiro-serie-a/scorerliste/wettbewerb/BRA1/saison_id/2023/altersklasse/alle/plus/1/page/17
Lucca Drummond,Centre-Forward,Sport Club Internacional,Brazil,20,0,1,1,2023,https://www.transfermarkt.com/campeonato-brasileiro-serie-a/scorerliste/wettbewerb/BRA1/saison_id/2023/altersklasse/alle/plus/1/page/17
JP,Central Midfield,Clube de Regatas Vasco da Gama,Brazil,19,0,1,1,2023,https://www.transfermarkt.com/campeonato-brasileiro-serie-a/scorerliste/wettbewerb/BRA1/saison_id/2023/altersklasse/alle/plus/1/page/17
Robert,Left Winger,Cruzeiro Esporte Clube,Brazil,19,0,1,1,2023,https://www.transfermarkt.com/campeonato-brasileiro-serie-a/scorerliste/wettbewerb/BRA1/saison_id/2023/altersklasse/alle/plus/1/page/17
Igor Serrote,Right-Back,Grêmio Foot-Ball Porto Alegrense,Brazil,19,0,1,1,2023,https://www.transfermarkt.com/campeonato-brasileiro-serie-a/scorerliste/wettbewerb/BRA1/saison_id/2023/altersklasse/alle/plus/1/page/17
Giorgian de Arrascaeta,Attacking Midfield,CR Flamengo,Uruguay,31,18,14,32,2024,https://www.transfermarkt.com/campeonato-brasileiro-serie-a/scorerliste/wettbewerb/BRA1/saison_id/2024/altersklasse/alle/plus/1
Kaio Jorge,Centre-Forward,Cruzeiro Esporte Clube,Brazil,23,21,8,29,2024,https://www.transfermarkt.com/campeonato-brasileiro-serie-a/scorerliste/wettbewerb/BRA1/saison_id/2024/altersklasse/alle/plus/1
Vitor Roque,Centre-Forward,Sociedade Esportiva Palmeiras,Brazil,20,16,3,19,2024,https://www.transfermarkt.com/campeonato-brasileiro-serie-a/scorerliste/wettbewerb/BRA1/saison_id/2024/altersklasse/alle/plus/1
Reinaldo,Left-Back,Mirassol Futebol Clube (SP),Brazil,36,13,6,19,2024,https://www.transfermarkt.com/campeonato-brasileiro-serie-a/scorerliste/wettbewerb/BRA1/saison_id/2024/altersklasse/alle/plus/1
Pedro,Centre-Forward,CR Flamengo,Brazil,28,12,6,18,2024,https://www.transfermarkt.com/campeonato-brasileiro-serie-a/scorerliste/wettbewerb/BRA1/saison_id/2024/altersklasse/alle/plus/1
Alan Patrick,Attacking Midfield,Sport Club Internacional,Brazil,34,11,7,18,2024,https://www.transfermarkt.com/campeonato-brasileiro-serie-a/scorerliste/wettbewerb/BRA1/saison_id/2024/altersklasse/alle/plus/1
Willian José,Centre-Forward,Esporte Clube Bahia,Brazil,34,11,6,17,2024,https://www.transfermarkt.com/campeonato-brasileiro-serie-a/scorerliste/wettbewerb/BRA1/saison_id/2024/altersklasse/alle/plus/1
Jhon Jhon,Attacking Midfield,Red Bull Bragantino,Brazil,23,10,7,17,2024,https://www.transfermarkt.com/campeonato-brasileiro-serie-a/scorerliste/wettbewerb/BRA1/saison_id/2024/altersklasse/alle/plus/1
Pablo Vegetti,Centre-Forward,Clube de Regatas Vasco da Gama,Argentina,37,14,1,15,2024,https://www.transfermarkt.com/campeonato-brasileiro-serie-a/scorerliste/wettbewerb/BRA1/saison_id/2024/altersklasse/alle/plus/1
Rayan,Right Winger,Clube de Regatas Vasco da Gama,Brazil,19,14,1,15,2024,https://www.transfermarkt.com/campeonato-brasileiro-serie-a/scorerliste/wettbewerb/BRA1/saison_id/2024/altersklasse/alle/plus/1
José Manuel López,Centre-Forward,Sociedade Esportiva Palmeiras,Argentina,25,12,2,14,2024,https://www.transfermarkt.com/campeonato-brasileiro-serie-a/scorerliste/wettbewerb/BRA1/saison_id/2024/altersklasse/alle/plus/1
Hulk,Centre-Forward,Clube Atlético Mineiro,Brazil,39,8,6,14,2024,https://www.transfermarkt.com/campeonato-brasileiro-serie-a/scorerliste/wettbewerb/BRA1/saison_id/2024/altersklasse/alle/plus/1
Matheus Pereira,Attacking Midfield,Cruzeiro Esporte Clube,Brazil,29,7,7,14,2024,https://www.transfermarkt.com/campeonato-brasileiro-serie-a/scorerliste/wettbewerb/BRA1/saison_id/2024/altersklasse/alle/plus/1
Carlos Vinícius,Centre-Forward,Grêmio Foot-Ball Porto Alegrense,Brazil,30,12,1,13,2024,https://www.transfermarkt.com/campeonato-brasileiro-serie-a/scorerliste/wettbewerb/BRA1/saison_id/2024/altersklasse/alle/plus/1
Luciano,Centre-Forward,São Paulo Futebol Clube,Brazil,32,9,4,13,2024,https://www.transfermarkt.com/campeonato-brasileiro-serie-a/scorerliste/wettbewerb/BRA1/saison_id/2024/altersklasse/alle/plus/1
Pedro Raul,Centre-Forward,Ceará Sporting Club,Brazil,29,11,1,12,2024,https://www.transfermarkt.com/campeonato-brasileiro-serie-a/scorerliste/wettbewerb/BRA1/saison_id/2024/altersklasse/alle/plus/1
Yuri Alberto,Centre-Forward,Sport Club Corinthians Paulista,Brazil,24,10,2,12,2024,https://www.transfermarkt.com/campeonato-brasileiro-serie-a/scorerliste/wettbewerb/BRA1/saison_id/2024/altersklasse/alle/plus/1
Gabriel Taliari,Centre-Forward,Esporte Clube Juventude,Brazil,28,8,4,12,2024,https://www.transfermarkt.com/campeonato-brasileiro-serie-a/scorerliste/wettbewerb/BRA1/saison_id/2024/altersklasse/alle/plus/1
Nuno Moreira,Right Winger,Clube de Regatas Vasco da Gama,Portugal,26,7,5,12,2024,https://www.transfermarkt.com/campeonato-brasileiro-serie-a/scorerliste/wettbewerb/BRA1/saison_id/2024/altersklasse/alle/plus/1
Kevin Serna,Right Winger,Fluminense Football Club,Colombia,27,7,5,12,2024,https://www.transfermarkt.com/campeonato-brasileiro-serie-a/scorerliste/wettbewerb/BRA1/saison_id/2024/altersklasse/alle/plus/1
Eduardo Sasha,Centre-Forward,Red Bull Bragantino,Brazil,33,8,3,11,2024,https://www.transfermarkt.com/campeonato-brasileiro-serie-a/scorerliste/wettbewerb/BRA1/saison_id/2024/altersklasse/alle/plus/1
Rony,Centre-Forward,Clube Atlético Mineiro,Brazil,30,6,5,11,2024,https://www.transfermarkt.com/campeonato-brasileiro-serie-a/scorerliste/wettbewerb/BRA1/saison_id/2024/altersklasse/alle/plus/1
Alesson,Left Winger,Mirassol Futebol Clube (SP),Brazil,26,6,5,11,2024,https://www.transfermarkt.com/campeonato-brasileiro-serie-a/scorerliste/wettbewerb/BRA1/saison_id/2024/altersklasse/alle/plus/1
Guilherme,Left Winger,Santos FC,Brazil,30,4,7,11,2024,https://www.transfermarkt.com/campeonato-brasileiro-serie-a/scorerliste/wettbewerb/BRA1/saison_id/2024/altersklasse/alle/plus/1
Álvaro Barreal,Left Winger,Santos FC,Argentina,25,9,1,10,2024,https://www.transfermarkt.com/campeonato-brasileiro-serie-a/scorerliste/wettbewerb/BRA1/saison_id/2024/altersklasse/alle/plus/1
Luiz Araújo,Right Winger,CR Flamengo,Brazil,29,7,3,10,2024,https://www.transfermarkt.com/campeonato-brasileiro-serie-a/scorerliste/wettbewerb/BRA1/saison_id/2024/altersklasse/alle/plus/1/page/2
Antonio Galeano,Right Winger,Ceará Sporting Club,Paraguay,25,7,3,10,2024,https://www.transfermarkt.com/campeonato-brasileiro-serie-a/scorerliste/wettbewerb/BRA1/saison_id/2024/altersklasse/alle/plus/1/page/2
Negueba,Right Winger,Mirassol Futebol Clube (SP),Brazil,26,7,3,10,2024,https://www.transfermarkt.com/campeonato-brasileiro-serie-a/scorerliste/wettbewerb/BRA1/saison_id/2024/altersklasse/alle/plus/1/page/2
Luciano Juba,Left-Back,Esporte Clube Bahia,Brazil,26,6,4,10,2024,https://www.transfermarkt.com/campeonato-brasileiro-serie-a/scorerliste/wettbewerb/BRA1/saison_id/2024/altersklasse/alle/plus/1/page/2
Lucas Lima,Attacking Midfield,Sport Club do Recife,Brazil,35,4,6,10,2024,https://www.transfermarkt.com/campeonato-brasileiro-serie-a/scorerliste/wettbewerb/BRA1/saison_id/2024/altersklasse/alle/plus/1/page/2
Mauricio,Attacking Midfield,Sociedade Esportiva Palmeiras,Paraguay,24,3,7,10,2024,https://www.transfermarkt.com/campeonato-brasileiro-serie-a/scorerliste/wettbewerb/BRA1/saison_id/2024/altersklasse/alle/plus/1/page/2
Renato Kayzer,Centre-Forward,,Brazil,29,9,0,9,2024,https://www.transfermarkt.com/campeonato-brasileiro-serie-a/scorerliste/wettbewerb/BRA1/saison_id/2024/altersklasse/alle/plus/1/page/2
Neymar,Attacking Midfield,Santos FC,Brazil,33,8,1,9,2024,https://www.transfermarkt.com/campeonato-brasileiro-serie-a/scorerliste/wettbewerb/BRA1/saison_id/2024/altersklasse/alle/plus/1/page/2
Adam Bareiro,Centre-Forward,Fortaleza Esporte Clube,Paraguay,29,7,2,9,2024,https://www.transfermarkt.com/campeonato-brasileiro-serie-a/scorerliste/wettbewerb/BRA1/saison_id/2024/altersklasse/alle/plus/1/page/2
Isidro Pitta,Centre-Forward,Red Bull Bragantino,Paraguay,26,7,2,9,2024,https://www.transfermarkt.com/campeonato-brasileiro-serie-a/scorerliste/wettbewerb/BRA1/saison_id/2024/altersklasse/alle/plus/1/page/2
Memphis Depay,Centre-Forward,Sport Club Corinthians Paulista,Netherlands,31,6,3,9,2024,https://www.transfermarkt.com/campeonato-brasileiro-serie-a/scorerliste/wettbewerb/BRA1/saison_id/2024/altersklasse/alle/plus/1/page/2
Facundo Torres,Right Winger,Sociedade Esportiva Palmeiras,Uruguay,25,6,3,9,2024,https://www.transfermarkt.com/campeonato-brasileiro-serie-a/scorerliste/wettbewerb/BRA1/saison_id/2024/altersklasse/alle/plus/1/page/2
Breno Lopes,Left Winger,Fortaleza Esporte Clube,Brazil,29,6,3,9,2024,https://www.transfermarkt.com/campeonato-brasileiro-serie-a/scorerliste/wettbewerb/BRA1/saison_id/2024/altersklasse/alle/plus/1/page/2
Alex Telles,Left-Back,Botafogo de Futebol e Regatas,Brazil,32,5,4,9,2024,https://www.transfermarkt.com/campeonato-brasileiro-serie-a/scorerliste/wettbewerb/BRA1/saison_id/2024/altersklasse/alle/plus/1/page/2
Artur,Right Winger,Botafogo de Futebol e Regatas,Brazil,27,5,4,9,2024,https://www.transfermarkt.com/campeonato-brasileiro-serie-a/scorerliste/wettbewerb/BRA1/saison_id/2024/altersklasse/alle/plus/1/page/2
Ferreirinha,Left Winger,São Paulo Futebol Clube,Brazil,27,5,4,9,2024,https://www.transfermarkt.com/campeonato-brasileiro-serie-a/scorerliste/wettbewerb/BRA1/saison_id/2024/altersklasse/alle/plus/1/page/2
Samuel Lino,Left Winger,CR Flamengo,Brazil,25,4,5,9,2024,https://www.transfermarkt.com/campeonato-brasileiro-serie-a/scorerliste/wettbewerb/BRA1/saison_id/2024/altersklasse/alle/plus/1/page/2
Paulo Henrique,Right-Back,Clube de Regatas Vasco da Gama,Brazil,29,1,8,9,2024,https://www.transfermarkt.com/campeonato-brasileiro-serie-a/scorerliste/wettbewerb/BRA1/saison_id/2024/altersklasse/alle/plus/1/page/2
Bruno Henrique,Centre-Forward,CR Flamengo,Brazil,34,8,0,8,2024,https://www.transfermarkt.com/campeonato-brasileiro-serie-a/scorerliste/wettbewerb/BRA1/saison_id/2024/altersklasse/alle/plus/1/page/2
Gabriel Barbosa,Centre-Forward,Cruzeiro Esporte Clube,Brazil,29,6,2,8,2024,https://www.transfermarkt.com/campeonato-brasileiro-serie-a/scorerliste/wettbewerb/BRA1/saison_id/2024/altersklasse/alle/plus/1/page/2
Philippe Coutinho,Attacking Midfield,Clube de Regatas Vasco da Gama,Brazil,33,5,3,8,2024,https://www.transfermarkt.com/campeonato-brasileiro-serie-a/scorerliste/wettbewerb/BRA1/saison_id/2024/altersklasse/alle/plus/1/page/2
Cristian Renato,Centre-Forward,Mirassol Futebol Clube (SP),Brazil,25,5,3,8,2024,https://www.transfermarkt.com/campeonato-brasileiro-serie-a/scorerliste/wettbewerb/BRA1/saison_id/2024/altersklasse/alle/plus/1/page/2
Erick,Right Winger,Esporte Clube Vitória,Brazil,27,3,5,8,2024,https://www.transfermarkt.com/campeonato-brasileiro-serie-a/scorerliste/wettbewerb/BRA1/saison_id/2024/altersklasse/alle/plus/1/page/2
Lucas Mugni,Attacking Midfield,Ceará Sporting Club,Argentina,33,2,6,8,2024,https://www.transfermarkt.com/campeonato-brasileiro-serie-a/scorerliste/wettbewerb/BRA1/saison_id/2024/altersklasse/alle/plus/1/page/2
Ademir,Right Winger,Esporte Clube Bahia,Brazil,30,2,6,8,2024,https://www.transfermarkt.com/campeonato-brasileiro-serie-a/scorerliste/wettbewerb/BRA1/saison_id/2024/altersklasse/alle/plus/1/page/2
Lucas Piton,Left-Back,Clube de Regatas Vasco da Gama,Italy,25,1,7,8,2024,https://www.transfermarkt.com/campeonato-brasileiro-serie-a/scorerliste/wettbewerb/BRA1/saison_id/2024/altersklasse/alle/plus/1/page/3
Deyverson,Centre-Forward,Fortaleza Esporte Clube,Brazil,34,7,0,7,2024,https://www.transfermarkt.com/campeonato-brasileiro-serie-a/scorerliste/wettbewerb/BRA1/saison_id/2024/altersklasse/alle/plus/1/page/3
Martin Braithwaite,Centre-Forward,Grêmio Foot-Ball Porto Alegrense,Denmark,34,6,1,7,2024,https://www.transfermarkt.com/campeonato-brasileiro-serie-a/scorerliste/wettbewerb/BRA1/saison_id/2024/altersklasse/alle/plus/1/page/3
Gabriel,Attacking Midfield,Mirassol Futebol Clube (SP),Brazil,35,5,2,7,2024,https://www.transfermarkt.com/campeonato-brasileiro-serie-a/scorerliste/wettbewerb/BRA1/saison_id/2024/altersklasse/alle/plus/1/page/3
Rafael Santos Borré,Centre-Forward,Sport Club Internacional,Colombia,30,5,2,7,2024,https://www.transfermarkt.com/campeonato-brasileiro-serie-a/scorerliste/wettbewerb/BRA1/saison_id/2024/altersklasse/alle/plus/1/page/3
Igor Gomes,Attacking Midfield,Clube Atlético Mineiro,Brazil,26,5,2,7,2024,https://www.transfermarkt.com/campeonato-brasileiro-serie-a/scorerliste/wettbewerb/BRA1/saison_id/2024/altersklasse/alle/plus/1/page/3
André Silva,Centre-Forward,São Paulo Futebol Clube,Brazil,28,5,2,7,2024,https://www.transfermarkt.com/campeonato-brasileiro-serie-a/scorerliste/wettbewerb/BRA1/saison_id/2024/altersklasse/alle/plus/1/page/3
Johan Carbonero,Left Winger,Sport Club Internacional,Colombia,26,5,2,7,2024,https://www.transfermarkt.com/campeonato-brasileiro-serie-a/scorerliste/wettbewerb/BRA1/saison_id/2024/altersklasse/alle/plus/1/page/3
Christian,Right Midfield,Cruzeiro Esporte Clube,Brazil,24,5,2,7,2024,https://www.transfermarkt.com/campeonato-brasileiro-serie-a/scorerliste/wettbewerb/BRA1/saison_id/2024/altersklasse/alle/plus/1/page/3
Cuiabano,Left-Back,Botafogo de Futebol e Regatas,Brazil,22,5,2,7,2024,https://www.transfermarkt.com/campeonato-brasileiro-serie-a/scorerliste/wettbewerb/BRA1/saison_id/2024/altersklasse/alle/plus/1/page/3
André Henrique,Centre-Forward,Grêmio Foot-Ball Porto Alegrense,Brazil,23,5,2,7,2024,https://www.transfermarkt.com/campeonato-brasileiro-serie-a/scorerliste/wettbewerb/BRA1/saison_id/2024/altersklasse/alle/plus/1/page/3
Pedro Henrique,Right Winger,Ceará Sporting Club,Brazil,35,4,3,7,2024,https://www.transfermarkt.com/campeonato-brasileiro-serie-a/scorerliste/wettbewerb/BRA1/saison_id/2024/altersklasse/alle/plus/1/page/3
Jefferson Savarino,Attacking Midfield,Botafogo de Futebol e Regatas,Venezuela,29,4,3,7,2024,https://www.transfermarkt.com/campeonato-brasileiro-serie-a/scorerliste/wettbewerb/BRA1/saison_id/2024/altersklasse/alle/plus/1/page/3
Ignacio Laquintana,Right Winger,Red Bull Bragantino,Uruguay,26,4,3,7,2024,https://www.transfermarkt.com/campeonato-brasileiro-serie-a/scorerliste/wettbewerb/BRA1/saison_id/2024/altersklasse/alle/plus/1/page/3
Lucas Barbosa,Right Winger,Red Bull Bragantino,Brazil,24,4,3,7,2024,https://www.transfermarkt.com/campeonato-brasileiro-serie-a/scorerliste/wettbewerb/BRA1/saison_id/2024/altersklasse/alle/plus/1/page/3
Nenê,Attacking Midfield,Esporte Clube Juventude,Brazil,44,3,4,7,2024,https://www.transfermarkt.com/campeonato-brasileiro-serie-a/scorerliste/wettbewerb/BRA1/saison_id/2024/altersklasse/alle/plus/1/page/3
Tomás Pochettino,Attacking Midfield,Fortaleza Esporte Clube,Argentina,29,3,4,7,2024,https://www.transfermarkt.com/campeonato-brasileiro-serie-a/scorerliste/wettbewerb/BRA1/saison_id/2024/altersklasse/alle/plus/1/page/3
Marcelo Hermes,Left-Back,Esporte Clube Juventude,Brazil,30,2,5,7,2024,https://www.transfermarkt.com/campeonato-brasileiro-serie-a/scorerliste/wettbewerb/BRA1/saison_id/2024/altersklasse/alle/plus/1/page/3
Jorge Carrascal,Attacking Midfield,CR Flamengo,Colombia,27,2,5,7,2024,https://www.transfermarkt.com/campeonato-brasileiro-serie-a/scorerliste/wettbewerb/BRA1/saison_id/2024/altersklasse/alle/plus/1/page/3
Carlos Eduardo,Right Winger,,Brazil,29,2,5,7,2024,https://www.transfermarkt.com/campeonato-brasileiro-serie-a/scorerliste/wettbewerb/BRA1/saison_id/2024/altersklasse/alle/plus/1/page/3
Santiago Rodríguez,Attacking Midfield,Botafogo de Futebol e Regatas,Uruguay,25,2,5,7,2024,https://www.transfermarkt.com/campeonato-brasileiro-serie-a/scorerliste/wettbewerb/BRA1/saison_id/2024/altersklasse/alle/plus/1/page/3
Germán Cano,Centre-Forward,Fluminense Football Club,Argentina,37,6,0,6,2024,https://www.transfermarkt.com/campeonato-brasileiro-serie-a/scorerliste/wettbewerb/BRA1/saison_id/2024/altersklasse/alle/plus/1/page/3
Chico da Costa,Centre-Forward,Mirassol Futebol Clube (SP),Brazil,30,6,0,6,2024,https://www.transfermarkt.com/campeonato-brasileiro-serie-a/scorerliste/wettbewerb/BRA1/saison_id/2024/altersklasse/alle/plus/1/page/3
Derik Lacerda,Centre-Forward,Sport Club do Recife,Brazil,26,6,0,6,2024,https://www.transfermarkt.com/campeonato-brasileiro-serie-a/scorerliste/wettbewerb/BRA1/saison_id/2024/altersklasse/alle/plus/1/page/3
Vitinho,Left Winger,Sport Club Internacional,Brazil,26,5,1,6,2024,https://www.transfermarkt.com/campeonato-brasileiro-serie-a/scorerliste/wettbewerb/BRA1/saison_id/2024/altersklasse/alle/plus/1/page/3
Ricardo Mathias,Centre-Forward,Sport Club Internacional,Brazil,19,5,1,6,2024,https://www.transfermarkt.com/campeonato-brasileiro-serie-a/scorerliste/wettbewerb/BRA1/saison_id/2024/altersklasse/alle/plus/1/page/4
Dudu,Left Winger,,Brazil,33,4,2,6,2024,https://www.transfermarkt.com/campeonato-brasileiro-serie-a/scorerliste/wettbewerb/BRA1/saison_id/2024/altersklasse/alle/plus/1/page/4
Felipe Anderson,Left Winger,Sociedade Esportiva Palmeiras,Brazil,32,4,2,6,2024,https://www.transfermarkt.com/campeonato-brasileiro-serie-a/scorerliste/wettbewerb/BRA1/saison_id/2024/altersklasse/alle/plus/1/page/4
Arthur Cabral,Centre-Forward,Botafogo de Futebol e Regatas,Brazil,27,4,2,6,2024,https://www.transfermarkt.com/campeonato-brasileiro-serie-a/scorerliste/wettbewerb/BRA1/saison_id/2024/altersklasse/alle/plus/1/page/4
Francis Amuzu,Left Winger,Grêmio Foot-Ball Porto Alegrense,Ghana,26,4,2,6,2024,https://www.transfermarkt.com/campeonato-brasileiro-serie-a/scorerliste/wettbewerb/BRA1/saison_id/2024/altersklasse/alle/plus/1/page/4
Agustín Canobbio,Right Winger,Fluminense Football Club,Uruguay,27,4,2,6,2024,https://www.transfermarkt.com/campeonato-brasileiro-serie-a/scorerliste/wettbewerb/BRA1/saison_id/2024/altersklasse/alle/plus/1/page/4
Emerson Batalla,Right Winger,Esporte Clube Juventude,Colombia,24,4,2,6,2024,https://www.transfermarkt.com/campeonato-brasileiro-serie-a/scorerliste/wettbewerb/BRA1/saison_id/2024/altersklasse/alle/plus/1/page/4
Edson Carioca,Centre-Forward,Mirassol Futebol Clube (SP),Brazil,28,4,2,6,2024,https://www.transfermarkt.com/campeonato-brasileiro-serie-a/scorerliste/wettbewerb/BRA1/saison_id/2024/altersklasse/alle/plus/1/page/4
Damián Bobadilla,Central Midfield,São Paulo Futebol Clube,Paraguay,24,4,2,6,2024,https://www.transfermarkt.com/campeonato-brasileiro-serie-a/scorerliste/wettbewerb/BRA1/saison_id/2024/altersklasse/alle/plus/1/page/4
Aitor Cantalapiedra,Right Winger,Esporte Clube Vitória,Spain,29,3,3,6,2024,https://www.transfermarkt.com/campeonato-brasileiro-serie-a/scorerliste/wettbewerb/BRA1/saison_id/2024/altersklasse/alle/plus/1/page/4
Ramón Sosa,Left Winger,Sociedade Esportiva Palmeiras,Paraguay,26,3,3,6,2024,https://www.transfermarkt.com/campeonato-brasileiro-serie-a/scorerliste/wettbewerb/BRA1/saison_id/2024/altersklasse/alle/plus/1/page/4
Erick Pulga,Left Winger,Esporte Clube Bahia,Brazil,25,3,3,6,2024,https://www.transfermarkt.com/campeonato-brasileiro-serie-a/scorerliste/wettbewerb/BRA1/saison_id/2024/altersklasse/alle/plus/1/page/4
Álvaro Montoro,Left Winger,Botafogo de Futebol e Regatas,Argentina,18,3,3,6,2024,https://www.transfermarkt.com/campeonato-brasileiro-serie-a/scorerliste/wettbewerb/BRA1/saison_id/2024/altersklasse/alle/plus/1/page/4
Everton Ribeiro,Attacking Midfield,Esporte Clube Bahia,Brazil,36,2,4,6,2024,https://www.transfermarkt.com/campeonato-brasileiro-serie-a/scorerliste/wettbewerb/BRA1/saison_id/2024/altersklasse/alle/plus/1/page/4
Matheusinho,Attacking Midfield,Sport Club do Recife,Brazil,27,2,4,6,2024,https://www.transfermarkt.com/campeonato-brasileiro-serie-a/scorerliste/wettbewerb/BRA1/saison_id/2024/altersklasse/alle/plus/1/page/4
Raphael Veiga,Attacking Midfield,Sociedade Esportiva Palmeiras,Brazil,30,2,4,6,2024,https://www.transfermarkt.com/campeonato-brasileiro-serie-a/scorerliste/wettbewerb/BRA1/saison_id/2024/altersklasse/alle/plus/1/page/4
Jeffinho,Left Winger,Botafogo de Futebol e Regatas,Brazil,25,2,4,6,2024,https://www.transfermarkt.com/campeonato-brasileiro-serie-a/scorerliste/wettbewerb/BRA1/saison_id/2024/altersklasse/alle/plus/1/page/4
Kaiki,Left-Back,Cruzeiro Esporte Clube,Brazil,22,1,5,6,2024,https://www.transfermarkt.com/campeonato-brasileiro-serie-a/scorerliste/wettbewerb/BRA1/saison_id/2024/altersklasse/alle/plus/1/page/4
Andrés Gómez,Left Winger,Clube de Regatas Vasco da Gama,Colombia,23,1,5,6,2024,https://www.transfermarkt.com/campeonato-brasileiro-serie-a/scorerliste/wettbewerb/BRA1/saison_id/2024/altersklasse/alle/plus/1/page/4
William,Right-Back,Cruzeiro Esporte Clube,Brazil,30,0,6,6,2024,https://www.transfermarkt.com/campeonato-brasileiro-serie-a/scorerliste/wettbewerb/BRA1/saison_id/2024/altersklasse/alle/plus/1/page/4
Cristian Pavón,Right Winger,Grêmio Foot-Ball Porto Alegrense,Argentina,29,0,6,6,2024,https://www.transfermarkt.com/campeonato-brasileiro-serie-a/scorerliste/wettbewerb/BRA1/saison_id/2024/altersklasse/alle/plus/1/page/4
Marçal,Left-Back,Botafogo de Futebol e Regatas,Brazil,36,5,0,5,2024,https://www.transfermarkt.com/campeonato-brasileiro-serie-a/scorerliste/wettbewerb/BRA1/saison_id/2024/altersklasse/alle/plus/1/page/4
Rodrigo Nestor,Central Midfield,Esporte Clube Bahia,Brazil,25,5,0,5,2024,https://www.transfermarkt.com/campeonato-brasileiro-serie-a/scorerliste/wettbewerb/BRA1/saison_id/2024/altersklasse/alle/plus/1/page/4
Gonzalo Tapia,Centre-Forward,São Paulo Futebol Clube,Chile,23,5,0,5,2024,https://www.transfermarkt.com/campeonato-brasileiro-serie-a/scorerliste/wettbewerb/BRA1/saison_id/2024/altersklasse/alle/plus/1/page/4
Samuel Xavier,Right-Back,Fluminense Football Club,Brazil,35,4,1,5,2024,https://www.transfermarkt.com/campeonato-brasileiro-serie-a/scorerliste/wettbewerb/BRA1/saison_id/2024/altersklasse/alle/plus/1/page/4
Matheuzinho,Attacking Midfield,Esporte Clube Vitória,Brazil,28,4,1,5,2024,https://www.transfermarkt.com/campeonato-brasileiro-serie-a/scorerliste/wettbewerb/BRA1/saison_id/2024/altersklasse/alle/plus/1/page/5
Lucas Halter,Centre-Back,Esporte Clube Vitória,Brazil,25,4,1,5,2024,https://www.transfermarkt.com/campeonato-brasileiro-serie-a/scorerliste/wettbewerb/BRA1/saison_id/2024/altersklasse/alle/plus/1/page/5
Michel Araújo,Right Winger,Esporte Clube Bahia,Uruguay,29,4,1,5,2024,https://www.transfermarkt.com/campeonato-brasileiro-serie-a/scorerliste/wettbewerb/BRA1/saison_id/2024/altersklasse/alle/plus/1/page/5
Gonzalo Plata,Right Winger,CR Flamengo,Ecuador,25,4,1,5,2024,https://www.transfermarkt.com/campeonato-brasileiro-serie-a/scorerliste/wettbewerb/BRA1/saison_id/2024/altersklasse/alle/plus/1/page/5
Edenilson,Central Midfield,Grêmio Foot-Ball Porto Alegrense,Brazil,35,3,2,5,2024,https://www.transfermarkt.com/campeonato-brasileiro-serie-a/scorerliste/wettbewerb/BRA1/saison_id/2024/altersklasse/alle/plus/1/page/5
Luciano Acosta,Attacking Midfield,Fluminense Football Club,Argentina,31,3,2,5,2024,https://www.transfermarkt.com/campeonato-brasileiro-serie-a/scorerliste/wettbewerb/BRA1/saison_id/2024/altersklasse/alle/plus/1/page/5
Lautaro Díaz,Centre-Forward,,Argentina,27,3,2,5,2024,https://www.transfermarkt.com/campeonato-brasileiro-serie-a/scorerliste/wettbewerb/BRA1/saison_id/2024/altersklasse/alle/plus/1/page/5
Martinelli,Defensive Midfield,Fluminense Football Club,Brazil,24,3,2,5,2024,https://www.transfermarkt.com/campeonato-brasileiro-serie-a/scorerliste/wettbewerb/BRA1/saison_id/2024/altersklasse/alle/plus/1/page/5
Tiago,Left Winger,Esporte Clube Bahia,Brazil,20,3,2,5,2024,https://www.transfermarkt.com/campeonato-brasileiro-serie-a/scorerliste/wettbewerb/BRA1/saison_id/2024/altersklasse/alle/plus/1/page/5
Tiquinho Soares,Centre-Forward,Santos FC,Brazil,34,2,3,5,2024,https://www.transfermarkt.com/campeonato-brasileiro-serie-a/scorerliste/wettbewerb/BRA1/saison_id/2024/altersklasse/alle/plus/1/page/5
Gustavo Scarpa,Attacking Midfield,Clube Atlético Mineiro,Brazil,31,2,3,5,2024,https://www.transfermarkt.com/campeonato-brasileiro-serie-a/scorerliste/wettbewerb/BRA1/saison_id/2024/altersklasse/alle/plus/1/page/5
David,Left Winger,Clube de Regatas Vasco da Gama,Brazil,30,2,3,5,2024,https://www.transfermarkt.com/campeonato-brasileiro-serie-a/scorerliste/wettbewerb/BRA1/saison_id/2024/altersklasse/alle/plus/1/page/5
Lucas Ramon,Right-Back,Mirassol Futebol Clube (SP),Brazil,31,2,3,5,2024,https://www.transfermarkt.com/campeonato-brasileiro-serie-a/scorerliste/wettbewerb/BRA1/saison_id/2024/altersklasse/alle/plus/1/page/5
Benjamín Rollheiser,Right Winger,Santos FC,Argentina,25,2,3,5,2024,https://www.transfermarkt.com/campeonato-brasileiro-serie-a/scorerliste/wettbewerb/BRA1/saison_id/2024/altersklasse/alle/plus/1/page/5
Matheuzinho,Right-Back,Sport Club Corinthians Paulista,Brazil,25,2,3,5,2024,https://www.transfermarkt.com/campeonato-brasileiro-serie-a/scorerliste/wettbewerb/BRA1/saison_id/2024/altersklasse/alle/plus/1/page/5
José Herrera,Right Winger,Fortaleza Esporte Clube,Argentina,22,2,3,5,2024,https://www.transfermarkt.com/campeonato-brasileiro-serie-a/scorerliste/wettbewerb/BRA1/saison_id/2024/altersklasse/alle/plus/1/page/5
Allan,Right Winger,Sociedade Esportiva Palmeiras,Brazil,21,2,3,5,2024,https://www.transfermarkt.com/campeonato-brasileiro-serie-a/scorerliste/wettbewerb/BRA1/saison_id/2024/altersklasse/alle/plus/1/page/5
Marlon Freitas,Defensive Midfield,Botafogo de Futebol e Regatas,Brazil,30,1,4,5,2024,https://www.transfermarkt.com/campeonato-brasileiro-serie-a/scorerliste/wettbewerb/BRA1/saison_id/2024/altersklasse/alle/plus/1/page/5
Jhon Arias,Right Winger,Fluminense Football Club,Colombia,27,1,4,5,2024,https://www.transfermarkt.com/campeonato-brasileiro-serie-a/scorerliste/wettbewerb/BRA1/saison_id/2024/altersklasse/alle/plus/1/page/5
Enzo Díaz,Left-Back,São Paulo Futebol Clube,Argentina,29,0,5,5,2024,https://www.transfermarkt.com/campeonato-brasileiro-serie-a/scorerliste/wettbewerb/BRA1/saison_id/2024/altersklasse/alle/plus/1/page/5
Léo Pereira,Centre-Back,CR Flamengo,Brazil,29,4,0,4,2024,https://www.transfermarkt.com/campeonato-brasileiro-serie-a/scorerliste/wettbewerb/BRA1/saison_id/2024/altersklasse/alle/plus/1/page/5
Chris Ramos,Centre-Forward,Botafogo de Futebol e Regatas,Spain,28,4,0,4,2024,https://www.transfermarkt.com/campeonato-brasileiro-serie-a/scorerliste/wettbewerb/BRA1/saison_id/2024/altersklasse/alle/plus/1/page/5
Jorginho,Defensive Midfield,CR Flamengo,Italy,33,3,1,4,2024,https://www.transfermarkt.com/campeonato-brasileiro-serie-a/scorerliste/wettbewerb/BRA1/saison_id/2024/altersklasse/alle/plus/1/page/5
Pablo,Centre-Forward,Sport Club do Recife,Brazil,33,3,1,4,2024,https://www.transfermarkt.com/campeonato-brasileiro-serie-a/scorerliste/wettbewerb/BRA1/saison_id/2024/altersklasse/alle/plus/1/page/5
Juan Martín Lucero,Centre-Forward,Fortaleza Esporte Clube,Argentina,34,3,1,4,2024,https://www.transfermarkt.com/campeonato-brasileiro-serie-a/scorerliste/wettbewerb/BRA1/saison_id/2024/altersklasse/alle/plus/1/page/5
Igor Jesus,Centre-Forward,Botafogo de Futebol e Regatas,Brazil,24,3,1,4,2024,https://www.transfermarkt.com/campeonato-brasileiro-serie-a/scorerliste/wettbewerb/BRA1/saison_id/2024/altersklasse/alle/plus/1/page/6
Joaquín Piquerez,Left-Back,Sociedade Esportiva Palmeiras,Uruguay,27,3,1,4,2024,https://www.transfermarkt.com/campeonato-brasileiro-serie-a/scorerliste/wettbewerb/BRA1/saison_id/2024/altersklasse/alle/plus/1/page/6
Jean Lucas,Central Midfield,Esporte Clube Bahia,Brazil,27,3,1,4,2024,https://www.transfermarkt.com/campeonato-brasileiro-serie-a/scorerliste/wettbewerb/BRA1/saison_id/2024/altersklasse/alle/plus/1/page/6
Léo Pereira,Left Winger,,Brazil,25,3,1,4,2024,https://www.transfermarkt.com/campeonato-brasileiro-serie-a/scorerliste/wettbewerb/BRA1/saison_id/2024/altersklasse/alle/plus/1/page/6
Hércules,Central Midfield,Fluminense Football Club,Brazil,25,3,1,4,2024,https://www.transfermarkt.com/campeonato-brasileiro-serie-a/scorerliste/wettbewerb/BRA1/saison_id/2024/altersklasse/alle/plus/1/page/6
Gui Negão,Centre-Forward,Sport Club Corinthians Paulista,Brazil,18,3,1,4,2024,https://www.transfermarkt.com/campeonato-brasileiro-serie-a/scorerliste/wettbewerb/BRA1/saison_id/2024/altersklasse/alle/plus/1/page/6
Raúl Cáceres,Right-Back,Esporte Clube Vitória,Paraguay,34,2,2,4,2024,https://www.transfermarkt.com/campeonato-brasileiro-serie-a/scorerliste/wettbewerb/BRA1/saison_id/2024/altersklasse/alle/plus/1/page/6
Gilberto,Centre-Forward,Esporte Clube Juventude,Brazil,36,2,2,4,2024,https://www.transfermarkt.com/campeonato-brasileiro-serie-a/scorerliste/wettbewerb/BRA1/saison_id/2024/altersklasse/alle/plus/1/page/6
João Schmidt,Defensive Midfield,Santos FC,Brazil,32,2,2,4,2024,https://www.transfermarkt.com/campeonato-brasileiro-serie-a/scorerliste/wettbewerb/BRA1/saison_id/2024/altersklasse/alle/plus/1/page/6
Lucas Silva,Defensive Midfield,Cruzeiro Esporte Clube,Brazil,32,2,2,4,2024,https://www.transfermarkt.com/campeonato-brasileiro-serie-a/scorerliste/wettbewerb/BRA1/saison_id/2024/altersklasse/alle/plus/1/page/6
Daniel Borges,Right-Back,Mirassol Futebol Clube (SP),Brazil,32,2,2,4,2024,https://www.transfermarkt.com/campeonato-brasileiro-serie-a/scorerliste/wettbewerb/BRA1/saison_id/2024/altersklasse/alle/plus/1/page/6
Yeferson Soteldo,Left Winger,,Venezuela,28,2,2,4,2024,https://www.transfermarkt.com/campeonato-brasileiro-serie-a/scorerliste/wettbewerb/BRA1/saison_id/2024/altersklasse/alle/plus/1/page/6
José Luis Rodríguez,Right-Back,Clube de Regatas Vasco da Gama,Uruguay,28,2,2,4,2024,https://www.transfermarkt.com/campeonato-brasileiro-serie-a/scorerliste/wettbewerb/BRA1/saison_id/2024/altersklasse/alle/plus/1/page/6
Igor Formiga,Right-Back,Esporte Clube Juventude,Brazil,26,2,2,4,2024,https://www.transfermarkt.com/campeonato-brasileiro-serie-a/scorerliste/wettbewerb/BRA1/saison_id/2024/altersklasse/alle/plus/1/page/6
Maik,Right-Back,São Paulo Futebol Clube,Brazil,20,2,2,4,2024,https://www.transfermarkt.com/campeonato-brasileiro-serie-a/scorerliste/wettbewerb/BRA1/saison_id/2024/altersklasse/alle/plus/1/page/6
Cauly,Attacking Midfield,Esporte Clube Bahia,Brazil,30,1,3,4,2024,https://www.transfermarkt.com/campeonato-brasileiro-serie-a/scorerliste/wettbewerb/BRA1/saison_id/2024/altersklasse/alle/plus/1/page/6
Lucas Romero,Defensive Midfield,Cruzeiro Esporte Clube,Argentina,31,1,3,4,2024,https://www.transfermarkt.com/campeonato-brasileiro-serie-a/scorerliste/wettbewerb/BRA1/saison_id/2024/altersklasse/alle/plus/1/page/6
Everton,Left Winger,CR Flamengo,Brazil,29,1,3,4,2024,https://www.transfermarkt.com/campeonato-brasileiro-serie-a/scorerliste/wettbewerb/BRA1/saison_id/2024/altersklasse/alle/plus/1/page/6
Matheus Pereira,Central Midfield,Fortaleza Esporte Clube,Brazil,27,1,3,4,2024,https://www.transfermarkt.com/campeonato-brasileiro-serie-a/scorerliste/wettbewerb/BRA1/saison_id/2024/altersklasse/alle/plus/1/page/6
Franco Cristaldo,Attacking Midfield,Grêmio Foot-Ball Porto Alegrense,Argentina,29,1,3,4,2024,https://www.transfermarkt.com/campeonato-brasileiro-serie-a/scorerliste/wettbewerb/BRA1/saison_id/2024/altersklasse/alle/plus/1/page/6
Michael,Left Winger,CR Flamengo,Brazil,29,1,3,4,2024,https://www.transfermarkt.com/campeonato-brasileiro-serie-a/scorerliste/wettbewerb/BRA1/saison_id/2024/altersklasse/alle/plus/1/page/6
Danilo,Central Midfield,Botafogo de Futebol e Regatas,Brazil,24,1,3,4,2024,https://www.transfermarkt.com/campeonato-brasileiro-serie-a/scorerliste/wettbewerb/BRA1/saison_id/2024/altersklasse/alle/plus/1/page/6
Eros Mancuso,Right-Back,Fortaleza Esporte Clube,Argentina,26,1,3,4,2024,https://www.transfermarkt.com/campeonato-brasileiro-serie-a/scorerliste/wettbewerb/BRA1/saison_id/2024/altersklasse/alle/plus/1/page/6
Guillermo Varela,Right-Back,CR Flamengo,Uruguay,32,0,4,4,2024,https://www.transfermarkt.com/campeonato-brasileiro-serie-a/scorerliste/wettbewerb/BRA1/saison_id/2024/altersklasse/alle/plus/1/page/6
Marcos Antônio,Central Midfield,São Paulo Futebol Clube,Brazil,25,0,4,4,2024,https://www.transfermarkt.com/campeonato-brasileiro-serie-a/scorerliste/wettbewerb/BRA1/saison_id/2024/altersklasse/alle/plus/1/page/6
Alexandro Bernabei,Left-Back,Sport Club Internacional,Argentina,25,0,4,4,2024,https://www.transfermarkt.com/campeonato-brasileiro-serie-a/scorerliste/wettbewerb/BRA1/saison_id/2024/altersklasse/alle/plus/1/page/7
Robert Arboleda,Centre-Back,São Paulo Futebol Clube,Ecuador,34,3,0,3,2024,https://www.transfermarkt.com/campeonato-brasileiro-serie-a/scorerliste/wettbewerb/BRA1/saison_id/2024/altersklasse/alle/plus/1/page/7
Vitor Hugo,Centre-Back,Clube Atlético Mineiro,Brazil,34,3,0,3,2024,https://www.transfermarkt.com/campeonato-brasileiro-serie-a/scorerliste/wettbewerb/BRA1/saison_id/2024/altersklasse/alle/plus/1/page/7
Gustavo Henrique,Centre-Back,Sport Club Corinthians Paulista,Brazil,32,3,0,3,2024,https://www.transfermarkt.com/campeonato-brasileiro-serie-a/scorerliste/wettbewerb/BRA1/saison_id/2024/altersklasse/alle/plus/1/page/7
Thaciano,Attacking Midfield,Santos FC,Brazil,30,3,0,3,2024,https://www.transfermarkt.com/campeonato-brasileiro-serie-a/scorerliste/wettbewerb/BRA1/saison_id/2024/altersklasse/alle/plus/1/page/7
Maycon,Central Midfield,Sport Club Corinthians Paulista,Brazil,28,3,0,3,2024,https://www.transfermarkt.com/campeonato-brasileiro-serie-a/scorerliste/wettbewerb/BRA1/saison_id/2024/altersklasse/alle/plus/1/page/7
Fabrício Bruno,Centre-Back,Cruzeiro Esporte Clube,Brazil,29,3,0,3,2024,https://www.transfermarkt.com/campeonato-brasileiro-serie-a/scorerliste/wettbewerb/BRA1/saison_id/2024/altersklasse/alle/plus/1/page/7
Bruno Tabata,Right Winger,Sport Club Internacional,Brazil,28,3,0,3,2024,https://www.transfermarkt.com/campeonato-brasileiro-serie-a/scorerliste/wettbewerb/BRA1/saison_id/2024/altersklasse/alle/plus/1/page/7
Alexander Aravena,Left Winger,Grêmio Foot-Ball Porto Alegrense,Chile,23,3,0,3,2024,https://www.transfermarkt.com/campeonato-brasileiro-serie-a/scorerliste/wettbewerb/BRA1/saison_id/2024/altersklasse/alle/plus/1/page/7
Ênio,Left Winger,Esporte Clube Juventude,Brazil,24,3,0,3,2024,https://www.transfermarkt.com/campeonato-brasileiro-serie-a/scorerliste/wettbewerb/BRA1/saison_id/2024/altersklasse/alle/plus/1/page/7
Gustavo Gómez,Centre-Back,Sociedade Esportiva Palmeiras,Paraguay,32,2,1,3,2024,https://www.transfermarkt.com/campeonato-brasileiro-serie-a/scorerliste/wettbewerb/BRA1/saison_id/2024/altersklasse/alle/plus/1/page/7
Yago Pikachu,Right Winger,Fortaleza Esporte Clube,Brazil,33,2,1,3,2024,https://www.transfermarkt.com/campeonato-brasileiro-serie-a/scorerliste/wettbewerb/BRA1/saison_id/2024/altersklasse/alle/plus/1/page/7
Romarinho,Right Winger,Sport Club do Recife,Brazil,31,2,1,3,2024,https://www.transfermarkt.com/campeonato-brasileiro-serie-a/scorerliste/wettbewerb/BRA1/saison_id/2024/altersklasse/alle/plus/1/page/7
Lucas Evangelista,Central Midfield,Sociedade Esportiva Palmeiras,Brazil,30,2,1,3,2024,https://www.transfermarkt.com/campeonato-brasileiro-serie-a/scorerliste/wettbewerb/BRA1/saison_id/2024/altersklasse/alle/plus/1/page/7
Thiago Maia,Defensive Midfield,Sport Club Internacional,Brazil,28,2,1,3,2024,https://www.transfermarkt.com/campeonato-brasileiro-serie-a/scorerliste/wettbewerb/BRA1/saison_id/2024/altersklasse/alle/plus/1/page/7
Lima,Attacking Midfield,Fluminense Football Club,Brazil,29,2,1,3,2024,https://www.transfermarkt.com/campeonato-brasileiro-serie-a/scorerliste/wettbewerb/BRA1/saison_id/2024/altersklasse/alle/plus/1/page/7
Luis Sinisterra,Left Winger,Cruzeiro Esporte Clube,Colombia,26,2,1,3,2024,https://www.transfermarkt.com/campeonato-brasileiro-serie-a/scorerliste/wettbewerb/BRA1/saison_id/2024/altersklasse/alle/plus/1/page/7
Lourenço,Central Midfield,Ceará Sporting Club,Brazil,28,2,1,3,2024,https://www.transfermarkt.com/campeonato-brasileiro-serie-a/scorerliste/wettbewerb/BRA1/saison_id/2024/altersklasse/alle/plus/1/page/7
Nonato,Central Midfield,Fluminense Football Club,Brazil,27,2,1,3,2024,https://www.transfermarkt.com/campeonato-brasileiro-serie-a/scorerliste/wettbewerb/BRA1/saison_id/2024/altersklasse/alle/plus/1/page/7
Raniele,Defensive Midfield,Sport Club Corinthians Paulista,Brazil,28,2,1,3,2024,https://www.transfermarkt.com/campeonato-brasileiro-serie-a/scorerliste/wettbewerb/BRA1/saison_id/2024/altersklasse/alle/plus/1/page/7
Baralhas,Defensive Midfield,Esporte Clube Vitória,Brazil,27,2,1,3,2024,https://www.transfermarkt.com/campeonato-brasileiro-serie-a/scorerliste/wettbewerb/BRA1/saison_id/2024/altersklasse/alle/plus/1/page/7
Bruno Fuchs,Centre-Back,Sociedade Esportiva Palmeiras,Brazil,26,2,1,3,2024,https://www.transfermarkt.com/campeonato-brasileiro-serie-a/scorerliste/wettbewerb/BRA1/saison_id/2024/altersklasse/alle/plus/1/page/7
Eric Ramires,Central Midfield,Red Bull Bragantino,Brazil,25,2,1,3,2024,https://www.transfermarkt.com/campeonato-brasileiro-serie-a/scorerliste/wettbewerb/BRA1/saison_id/2024/altersklasse/alle/plus/1/page/7
João Victor,Centre-Back,Mirassol Futebol Clube (SP),Brazil,28,2,1,3,2024,https://www.transfermarkt.com/campeonato-brasileiro-serie-a/scorerliste/wettbewerb/BRA1/saison_id/2024/altersklasse/alle/plus/1/page/7
John Kennedy,Centre-Forward,Fluminense Football Club,Brazil,23,2,1,3,2024,https://www.transfermarkt.com/campeonato-brasileiro-serie-a/scorerliste/wettbewerb/BRA1/saison_id/2024/altersklasse/alle/plus/1/page/7
Mandaca,Central Midfield,Esporte Clube Juventude,Brazil,24,2,1,3,2024,https://www.transfermarkt.com/campeonato-brasileiro-serie-a/scorerliste/wettbewerb/BRA1/saison_id/2024/altersklasse/alle/plus/1/page/8
Keny Arroyo,Right Winger,Cruzeiro Esporte Clube,Ecuador,19,2,1,3,2024,https://www.transfermarkt.com/campeonato-brasileiro-serie-a/scorerliste/wettbewerb/BRA1/saison_id/2024/altersklasse/alle/plus/1/page/8
Gabriel Bontempo,Central Midfield,Santos FC,Brazil,20,2,1,3,2024,https://www.transfermarkt.com/campeonato-brasileiro-serie-a/scorerliste/wettbewerb/BRA1/saison_id/2024/altersklasse/alle/plus/1/page/8
Willian,Left Winger,Grêmio Foot-Ball Porto Alegrense,Brazil,37,1,2,3,2024,https://www.transfermarkt.com/campeonato-brasileiro-serie-a/scorerliste/wettbewerb/BRA1/saison_id/2024/altersklasse/alle/plus/1/page/8
Marinho,Right Winger,Fortaleza Esporte Clube,Brazil,35,1,2,3,2024,https://www.transfermarkt.com/campeonato-brasileiro-serie-a/scorerliste/wettbewerb/BRA1/saison_id/2024/altersklasse/alle/plus/1/page/8
Keno,Left Winger,Fluminense Football Club,Brazil,36,1,2,3,2024,https://www.transfermarkt.com/campeonato-brasileiro-serie-a/scorerliste/wettbewerb/BRA1/saison_id/2024/altersklasse/alle/plus/1/page/8
Léo Ortiz,Centre-Back,CR Flamengo,Brazil,29,1,2,3,2024,https://www.transfermarkt.com/campeonato-brasileiro-serie-a/scorerliste/wettbewerb/BRA1/saison_id/2024/altersklasse/alle/plus/1/page/8
Marlon,Left-Back,,Brazil,28,1,2,3,2024,https://www.transfermarkt.com/campeonato-brasileiro-serie-a/scorerliste/wettbewerb/BRA1/saison_id/2024/altersklasse/alle/plus/1/page/8
Vitinho,Right-Back,Botafogo de Futebol e Regatas,Brazil,26,1,2,3,2024,https://www.transfermarkt.com/campeonato-brasileiro-serie-a/scorerliste/wettbewerb/BRA1/saison_id/2024/altersklasse/alle/plus/1/page/8
Kayky,Right Winger,Esporte Clube Bahia,Brazil,22,1,2,3,2024,https://www.transfermarkt.com/campeonato-brasileiro-serie-a/scorerliste/wettbewerb/BRA1/saison_id/2024/altersklasse/alle/plus/1/page/8
Biel,Left Winger,Clube Atlético Mineiro,Brazil,24,1,2,3,2024,https://www.transfermarkt.com/campeonato-brasileiro-serie-a/scorerliste/wettbewerb/BRA1/saison_id/2024/altersklasse/alle/plus/1/page/8
Wesley,Right-Back,CR Flamengo,Brazil,21,1,2,3,2024,https://www.transfermarkt.com/campeonato-brasileiro-serie-a/scorerliste/wettbewerb/BRA1/saison_id/2024/altersklasse/alle/plus/1/page/8
Alysson,Right Winger,Grêmio Foot-Ball Porto Alegrense,Brazil,19,1,2,3,2024,https://www.transfermarkt.com/campeonato-brasileiro-serie-a/scorerliste/wettbewerb/BRA1/saison_id/2024/altersklasse/alle/plus/1/page/8
Wallace Yan,Centre-Forward,CR Flamengo,Brazil,20,1,2,3,2024,https://www.transfermarkt.com/campeonato-brasileiro-serie-a/scorerliste/wettbewerb/BRA1/saison_id/2024/altersklasse/alle/plus/1/page/8
Nathan Fernandes,Right Winger,Botafogo de Futebol e Regatas,Brazil,20,1,2,3,2024,https://www.transfermarkt.com/campeonato-brasileiro-serie-a/scorerliste/wettbewerb/BRA1/saison_id/2024/altersklasse/alle/plus/1/page/8
Souza,Left-Back,Santos FC,Brazil,19,1,2,3,2024,https://www.transfermarkt.com/campeonato-brasileiro-serie-a/scorerliste/wettbewerb/BRA1/saison_id/2024/altersklasse/alle/plus/1/page/8
Cédric Soares,Right-Back,São Paulo Futebol Clube,Portugal,34,0,3,3,2024,https://www.transfermarkt.com/campeonato-brasileiro-serie-a/scorerliste/wettbewerb/BRA1/saison_id/2024/altersklasse/alle/plus/1/page/8
Vitinho,Left Winger,Sport Club Corinthians Paulista,Brazil,32,0,3,3,2024,https://www.transfermarkt.com/campeonato-brasileiro-serie-a/scorerliste/wettbewerb/BRA1/saison_id/2024/altersklasse/alle/plus/1/page/8
Nahuel Ferraresi,Centre-Back,São Paulo Futebol Clube,Venezuela,27,0,3,3,2024,https://www.transfermarkt.com/campeonato-brasileiro-serie-a/scorerliste/wettbewerb/BRA1/saison_id/2024/altersklasse/alle/plus/1/page/8
Rodrigo Garro,Attacking Midfield,Sport Club Corinthians Paulista,Argentina,27,0,3,3,2024,https://www.transfermarkt.com/campeonato-brasileiro-serie-a/scorerliste/wettbewerb/BRA1/saison_id/2024/altersklasse/alle/plus/1/page/8
Wesley,Left Winger,Sport Club Internacional,Brazil,26,0,3,3,2024,https://www.transfermarkt.com/campeonato-brasileiro-serie-a/scorerliste/wettbewerb/BRA1/saison_id/2024/altersklasse/alle/plus/1/page/8
Jefté,Left-Back,Sociedade Esportiva Palmeiras,Brazil,21,0,3,3,2024,https://www.transfermarkt.com/campeonato-brasileiro-serie-a/scorerliste/wettbewerb/BRA1/saison_id/2024/altersklasse/alle/plus/1/page/8
Estêvão,Right Winger,Sociedade Esportiva Palmeiras,Brazil,18,0,3,3,2024,https://www.transfermarkt.com/campeonato-brasileiro-serie-a/scorerliste/wettbewerb/BRA1/saison_id/2024/altersklasse/alle/plus/1/page/8
Vinicinho,Left Winger,Red Bull Bragantino,Brazil,21,0,3,3,2024,https://www.transfermarkt.com/campeonato-brasileiro-serie-a/scorerliste/wettbewerb/BRA1/saison_id/2024/altersklasse/alle/plus/1/page/8
Thiago Silva,Centre-Back,Fluminense Football Club,Brazil,41,2,0,2,2024,https://www.transfermarkt.com/campeonato-brasileiro-serie-a/scorerliste/wettbewerb/BRA1/saison_id/2024/altersklasse/alle/plus/1/page/8
Lucas Moura,Right Winger,São Paulo Futebol Clube,Brazil,33,2,0,2,2024,https://www.transfermarkt.com/campeonato-brasileiro-serie-a/scorerliste/wettbewerb/BRA1/saison_id/2024/altersklasse/alle/plus/1/page/9
Guilherme,Attacking Midfield,Mirassol Futebol Clube (SP),Brazil,34,2,0,2,2024,https://www.transfermarkt.com/campeonato-brasileiro-serie-a/scorerliste/wettbewerb/BRA1/saison_id/2024/altersklasse/alle/plus/1/page/9
Marllon,Centre-Back,Ceará Sporting Club,Brazil,33,2,0,2,2024,https://www.transfermarkt.com/campeonato-brasileiro-serie-a/scorerliste/wettbewerb/BRA1/saison_id/2024/altersklasse/alle/plus/1/page/9
Andreas Pereira,Central Midfield,Sociedade Esportiva Palmeiras,Brazil,29,2,0,2,2024,https://www.transfermarkt.com/campeonato-brasileiro-serie-a/scorerliste/wettbewerb/BRA1/saison_id/2024/altersklasse/alle/plus/1/page/9
Everaldo,Centre-Forward,Fluminense Football Club,Brazil,34,2,0,2,2024,https://www.transfermarkt.com/campeonato-brasileiro-serie-a/scorerliste/wettbewerb/BRA1/saison_id/2024/altersklasse/alle/plus/1/page/9
Renê,Left-Back,Fluminense Football Club,Brazil,33,2,0,2,2024,https://www.transfermarkt.com/campeonato-brasileiro-serie-a/scorerliste/wettbewerb/BRA1/saison_id/2024/altersklasse/alle/plus/1/page/9
Joaquín Correa,Second Striker,Botafogo de Futebol e Regatas,Argentina,31,2,0,2,2024,https://www.transfermarkt.com/campeonato-brasileiro-serie-a/scorerliste/wettbewerb/BRA1/saison_id/2024/altersklasse/alle/plus/1/page/9
Tiago Volpi,Goalkeeper,Grêmio Foot-Ball Porto Alegrense,Brazil,34,2,0,2,2024,https://www.transfermarkt.com/campeonato-brasileiro-serie-a/scorerliste/wettbewerb/BRA1/saison_id/2024/altersklasse/alle/plus/1/page/9
Bruno Henrique,Central Midfield,Sport Club Internacional,Brazil,36,2,0,2,2024,https://www.transfermarkt.com/campeonato-brasileiro-serie-a/scorerliste/wettbewerb/BRA1/saison_id/2024/altersklasse/alle/plus/1/page/9
Aylon,Centre-Forward,Ceará Sporting Club,Brazil,33,2,0,2,2024,https://www.transfermarkt.com/campeonato-brasileiro-serie-a/scorerliste/wettbewerb/BRA1/saison_id/2024/altersklasse/alle/plus/1/page/9
Ayrton Lucas,Left-Back,CR Flamengo,Brazil,28,2,0,2,2024,https://www.transfermarkt.com/campeonato-brasileiro-serie-a/scorerliste/wettbewerb/BRA1/saison_id/2024/altersklasse/alle/plus/1/page/9
Bruno Rodrigues,Left Winger,Sociedade Esportiva Palmeiras,Brazil,28,2,0,2,2024,https://www.transfermarkt.com/campeonato-brasileiro-serie-a/scorerliste/wettbewerb/BRA1/saison_id/2024/altersklasse/alle/plus/1/page/9
Sabino,Centre-Back,São Paulo Futebol Clube,Brazil,29,2,0,2,2024,https://www.transfermarkt.com/campeonato-brasileiro-serie-a/scorerliste/wettbewerb/BRA1/saison_id/2024/altersklasse/alle/plus/1/page/9
Júnior Santos,Right Winger,Clube Atlético Mineiro,Brazil,30,2,0,2,2024,https://www.transfermarkt.com/campeonato-brasileiro-serie-a/scorerliste/wettbewerb/BRA1/saison_id/2024/altersklasse/alle/plus/1/page/9
Cacá,Centre-Back,Sport Club Corinthians Paulista,Brazil,26,2,0,2,2024,https://www.transfermarkt.com/campeonato-brasileiro-serie-a/scorerliste/wettbewerb/BRA1/saison_id/2024/altersklasse/alle/plus/1/page/9
Cristian Olivera,Right Winger,Grêmio Foot-Ball Porto Alegrense,Uruguay,23,2,0,2,2024,https://www.transfermarkt.com/campeonato-brasileiro-serie-a/scorerliste/wettbewerb/BRA1/saison_id/2024/altersklasse/alle/plus/1/page/9
Chrystian Barletta,Right Winger,Sport Club do Recife,Brazil,24,2,0,2,2024,https://www.transfermarkt.com/campeonato-brasileiro-serie-a/scorerliste/wettbewerb/BRA1/saison_id/2024/altersklasse/alle/plus/1/page/9
Matheus Babi,Centre-Forward,Esporte Clube Juventude,Brazil,28,2,0,2,2024,https://www.transfermarkt.com/campeonato-brasileiro-serie-a/scorerliste/wettbewerb/BRA1/saison_id/2024/altersklasse/alle/plus/1/page/9
Victor Gabriel,Centre-Back,Sport Club Internacional,Brazil,21,2,0,2,2024,https://www.transfermarkt.com/campeonato-brasileiro-serie-a/scorerliste/wettbewerb/BRA1/saison_id/2024/altersklasse/alle/plus/1/page/9
Mateo Ponte,Right-Back,Botafogo de Futebol e Regatas,Uruguay,22,2,0,2,2024,https://www.transfermarkt.com/campeonato-brasileiro-serie-a/scorerliste/wettbewerb/BRA1/saison_id/2024/altersklasse/alle/plus/1/page/9
Luciano Rodríguez,Centre-Forward,Esporte Clube Bahia,Uruguay,22,2,0,2,2024,https://www.transfermarkt.com/campeonato-brasileiro-serie-a/scorerliste/wettbewerb/BRA1/saison_id/2024/altersklasse/alle/plus/1/page/9
Gustavo Martins,Centre-Back,Grêmio Foot-Ball Porto Alegrense,Brazil,23,2,0,2,2024,https://www.transfermarkt.com/campeonato-brasileiro-serie-a/scorerliste/wettbewerb/BRA1/saison_id/2024/altersklasse/alle/plus/1/page/9
Lucca Prior,Attacking Midfield,Fortaleza Esporte Clube,Brazil,21,2,0,2,2024,https://www.transfermarkt.com/campeonato-brasileiro-serie-a/scorerliste/wettbewerb/BRA1/saison_id/2024/altersklasse/alle/plus/1/page/9
GB,Centre-Forward,Clube de Regatas Vasco da Gama,Brazil,20,2,0,2,2024,https://www.transfermarkt.com/campeonato-brasileiro-serie-a/scorerliste/wettbewerb/BRA1/saison_id/2024/altersklasse/alle/plus/1/page/9
Jemmes,Centre-Back,Mirassol Futebol Clube (SP),Brazil,25,2,0,2,2024,https://www.transfermarkt.com/campeonato-brasileiro-serie-a/scorerliste/wettbewerb/BRA1/saison_id/2024/altersklasse/alle/plus/1/page/9
Ryan Francisco,Centre-Forward,São Paulo Futebol Clube,Brazil,18,2,0,2,2024,https://www.transfermarkt.com/campeonato-brasileiro-serie-a/scorerliste/wettbewerb/BRA1/saison_id/2024/altersklasse/alle/plus/1/page/10
Douglas Telles,Right Winger,CR Flamengo,Brazil,18,2,0,2,2024,https://www.transfermarkt.com/campeonato-brasileiro-serie-a/scorerliste/wettbewerb/BRA1/saison_id/2024/altersklasse/alle/plus/1/page/10
André,Central Midfield,Sport Club Corinthians Paulista,Brazil,19,2,0,2,2024,https://www.transfermarkt.com/campeonato-brasileiro-serie-a/scorerliste/wettbewerb/BRA1/saison_id/2024/altersklasse/alle/plus/1/page/10
Guilherme Gomes,Attacking Midfield,CR Flamengo,Brazil,19,2,0,2,2024,https://www.transfermarkt.com/campeonato-brasileiro-serie-a/scorerliste/wettbewerb/BRA1/saison_id/2024/altersklasse/alle/plus/1/page/10
Kadir Barría,Centre-Forward,Botafogo de Futebol e Regatas,Panama,18,2,0,2,2024,https://www.transfermarkt.com/campeonato-brasileiro-serie-a/scorerliste/wettbewerb/BRA1/saison_id/2024/altersklasse/alle/plus/1/page/10
Sérgio Oliveira,Central Midfield,Sport Club do Recife,Portugal,33,1,1,2,2024,https://www.transfermarkt.com/campeonato-brasileiro-serie-a/scorerliste/wettbewerb/BRA1/saison_id/2024/altersklasse/alle/plus/1/page/10
Danilo,Centre-Back,CR Flamengo,Brazil,34,1,1,2,2024,https://www.transfermarkt.com/campeonato-brasileiro-serie-a/scorerliste/wettbewerb/BRA1/saison_id/2024/altersklasse/alle/plus/1/page/10
Bernard,Left Winger,Clube Atlético Mineiro,Brazil,33,1,1,2,2024,https://www.transfermarkt.com/campeonato-brasileiro-serie-a/scorerliste/wettbewerb/BRA1/saison_id/2024/altersklasse/alle/plus/1/page/10
Júnior Alonso,Centre-Back,Clube Atlético Mineiro,Paraguay,32,1,1,2,2024,https://www.transfermarkt.com/campeonato-brasileiro-serie-a/scorerliste/wettbewerb/BRA1/saison_id/2024/altersklasse/alle/plus/1/page/10
Zé Marcos,Centre-Back,Esporte Clube Vitória,Brazil,27,1,1,2,2024,https://www.transfermarkt.com/campeonato-brasileiro-serie-a/scorerliste/wettbewerb/BRA1/saison_id/2024/altersklasse/alle/plus/1/page/10
Pedro Henrique,Centre-Back,Red Bull Bragantino,Brazil,30,1,1,2,2024,https://www.transfermarkt.com/campeonato-brasileiro-serie-a/scorerliste/wettbewerb/BRA1/saison_id/2024/altersklasse/alle/plus/1/page/10
Lucas Crispim,Attacking Midfield,Fortaleza Esporte Clube,Brazil,31,1,1,2,2024,https://www.transfermarkt.com/campeonato-brasileiro-serie-a/scorerliste/wettbewerb/BRA1/saison_id/2024/altersklasse/alle/plus/1/page/10
Guilherme Arana,Left-Back,Clube Atlético Mineiro,Brazil,28,1,1,2,2024,https://www.transfermarkt.com/campeonato-brasileiro-serie-a/scorerliste/wettbewerb/BRA1/saison_id/2024/altersklasse/alle/plus/1/page/10
Chico Kim,Attacking Midfield,Mirassol Futebol Clube (SP),Brazil,34,1,1,2,2024,https://www.transfermarkt.com/campeonato-brasileiro-serie-a/scorerliste/wettbewerb/BRA1/saison_id/2024/altersklasse/alle/plus/1/page/10
Emmanuel Martínez,Attacking Midfield,Fortaleza Esporte Clube,Argentina,31,1,1,2,2024,https://www.transfermarkt.com/campeonato-brasileiro-serie-a/scorerliste/wettbewerb/BRA1/saison_id/2024/altersklasse/alle/plus/1/page/10
David Duarte,Centre-Back,Esporte Clube Bahia,Brazil,30,1,1,2,2024,https://www.transfermarkt.com/campeonato-brasileiro-serie-a/scorerliste/wettbewerb/BRA1/saison_id/2024/altersklasse/alle/plus/1/page/10
Juninho Capixaba,Left-Back,Red Bull Bragantino,Brazil,28,1,1,2,2024,https://www.transfermarkt.com/campeonato-brasileiro-serie-a/scorerliste/wettbewerb/BRA1/saison_id/2024/altersklasse/alle/plus/1/page/10
José Martínez,Defensive Midfield,Sport Club Corinthians Paulista,Venezuela,31,1,1,2,2024,https://www.transfermarkt.com/campeonato-brasileiro-serie-a/scorerliste/wettbewerb/BRA1/saison_id/2024/altersklasse/alle/plus/1/page/10
Bruno Pacheco,Left-Back,Fortaleza Esporte Clube,Brazil,33,1,1,2,2024,https://www.transfermarkt.com/campeonato-brasileiro-serie-a/scorerliste/wettbewerb/BRA1/saison_id/2024/altersklasse/alle/plus/1/page/10
Murilo,Centre-Back,Sociedade Esportiva Palmeiras,Brazil,28,1,1,2,2024,https://www.transfermarkt.com/campeonato-brasileiro-serie-a/scorerliste/wettbewerb/BRA1/saison_id/2024/altersklasse/alle/plus/1/page/10
Emerson Royal,Right-Back,CR Flamengo,Brazil,26,1,1,2,2024,https://www.transfermarkt.com/campeonato-brasileiro-serie-a/scorerliste/wettbewerb/BRA1/saison_id/2024/altersklasse/alle/plus/1/page/10
Tomás Cuello,Left Winger,Clube Atlético Mineiro,Argentina,25,1,1,2,2024,https://www.transfermarkt.com/campeonato-brasileiro-serie-a/scorerliste/wettbewerb/BRA1/saison_id/2024/altersklasse/alle/plus/1/page/10
Guga,Right-Back,Fluminense Football Club,Brazil,27,1,1,2,2024,https://www.transfermarkt.com/campeonato-brasileiro-serie-a/scorerliste/wettbewerb/BRA1/saison_id/2024/altersklasse/alle/plus/1/page/10
Gabriel Menino,Right-Back,Clube Atlético Mineiro,Brazil,25,1,1,2,2024,https://www.transfermarkt.com/campeonato-brasileiro-serie-a/scorerliste/wettbewerb/BRA1/saison_id/2024/altersklasse/alle/plus/1/page/10
Matías Arezo,Centre-Forward,Grêmio Foot-Ball Porto Alegrense,Uruguay,22,1,1,2,2024,https://www.transfermarkt.com/campeonato-brasileiro-serie-a/scorerliste/wettbewerb/BRA1/saison_id/2024/altersklasse/alle/plus/1/page/10
Talles Magno,Left Winger,Sport Club Corinthians Paulista,Brazil,23,1,1,2,2024,https://www.transfermarkt.com/campeonato-brasileiro-serie-a/scorerliste/wettbewerb/BRA1/saison_id/2024/altersklasse/alle/plus/1/page/11
Guilherme Lopes,Left-Back,Red Bull Bragantino,Brazil,23,1,1,2,2024,https://www.transfermarkt.com/campeonato-brasileiro-serie-a/scorerliste/wettbewerb/BRA1/saison_id/2024/altersklasse/alle/plus/1/page/11
Matheus Araújo,Attacking Midfield,Ceará Sporting Club,Brazil,23,1,1,2,2024,https://www.transfermarkt.com/campeonato-brasileiro-serie-a/scorerliste/wettbewerb/BRA1/saison_id/2024/altersklasse/alle/plus/1/page/11
Thiago Borbas,Centre-Forward,Red Bull Bragantino,Uruguay,23,1,1,2,2024,https://www.transfermarkt.com/campeonato-brasileiro-serie-a/scorerliste/wettbewerb/BRA1/saison_id/2024/altersklasse/alle/plus/1/page/11
Paulo Baya,Left Winger,,Brazil,26,1,1,2,2024,https://www.transfermarkt.com/campeonato-brasileiro-serie-a/scorerliste/wettbewerb/BRA1/saison_id/2024/altersklasse/alle/plus/1/page/11
Gustavo Caballero,Left Winger,Santos FC,Paraguay,24,1,1,2,2024,https://www.transfermarkt.com/campeonato-brasileiro-serie-a/scorerliste/wettbewerb/BRA1/saison_id/2024/altersklasse/alle/plus/1/page/11
David Ricardo,Centre-Back,Botafogo de Futebol e Regatas,Brazil,22,1,1,2,2024,https://www.transfermarkt.com/campeonato-brasileiro-serie-a/scorerliste/wettbewerb/BRA1/saison_id/2024/altersklasse/alle/plus/1/page/11
Breno Bidon,Central Midfield,Sport Club Corinthians Paulista,Brazil,20,1,1,2,2024,https://www.transfermarkt.com/campeonato-brasileiro-serie-a/scorerliste/wettbewerb/BRA1/saison_id/2024/altersklasse/alle/plus/1/page/11
Dimitri Payet,Attacking Midfield,Clube de Regatas Vasco da Gama,France,38,0,2,2,2024,https://www.transfermarkt.com/campeonato-brasileiro-serie-a/scorerliste/wettbewerb/BRA1/saison_id/2024/altersklasse/alle/plus/1/page/11
Osvaldo,Right Winger,Esporte Clube Vitória,Brazil,38,0,2,2,2024,https://www.transfermarkt.com/campeonato-brasileiro-serie-a/scorerliste/wettbewerb/BRA1/saison_id/2024/altersklasse/alle/plus/1/page/11
Saúl Ñíguez,Central Midfield,CR Flamengo,Spain,31,0,2,2,2024,https://www.transfermarkt.com/campeonato-brasileiro-serie-a/scorerliste/wettbewerb/BRA1/saison_id/2024/altersklasse/alle/plus/1/page/11
Jádson,Central Midfield,Esporte Clube Juventude,Brazil,32,0,2,2,2024,https://www.transfermarkt.com/campeonato-brasileiro-serie-a/scorerliste/wettbewerb/BRA1/saison_id/2024/altersklasse/alle/plus/1/page/11
Pol Fernández,Central Midfield,Fortaleza Esporte Clube,Argentina,33,0,2,2,2024,https://www.transfermarkt.com/campeonato-brasileiro-serie-a/scorerliste/wettbewerb/BRA1/saison_id/2024/altersklasse/alle/plus/1/page/11
Wanderson,Left Winger,Cruzeiro Esporte Clube,Brazil,31,0,2,2,2024,https://www.transfermarkt.com/campeonato-brasileiro-serie-a/scorerliste/wettbewerb/BRA1/saison_id/2024/altersklasse/alle/plus/1/page/11
Danielzinho,Central Midfield,Mirassol Futebol Clube (SP),Brazil,31,0,2,2,2024,https://www.transfermarkt.com/campeonato-brasileiro-serie-a/scorerliste/wettbewerb/BRA1/saison_id/2024/altersklasse/alle/plus/1/page/11
Reginaldo,Right-Back,Esporte Clube Juventude,Brazil,32,0,2,2,2024,https://www.transfermarkt.com/campeonato-brasileiro-serie-a/scorerliste/wettbewerb/BRA1/saison_id/2024/altersklasse/alle/plus/1/page/11
Gerson,Central Midfield,CR Flamengo,Brazil,28,0,2,2,2024,https://www.transfermarkt.com/campeonato-brasileiro-serie-a/scorerliste/wettbewerb/BRA1/saison_id/2024/altersklasse/alle/plus/1/page/11
Giovanny,Left Winger,Esporte Clube Juventude,Brazil,28,0,2,2,2024,https://www.transfermarkt.com/campeonato-brasileiro-serie-a/scorerliste/wettbewerb/BRA1/saison_id/2024/altersklasse/alle/plus/1/page/11
Vitão,Centre-Back,Sport Club Internacional,Brazil,25,0,2,2,2024,https://www.transfermarkt.com/campeonato-brasileiro-serie-a/scorerliste/wettbewerb/BRA1/saison_id/2024/altersklasse/alle/plus/1/page/11
Dieguinho,Defensive Midfield,Ceará Sporting Club,Brazil,30,0,2,2,2024,https://www.transfermarkt.com/campeonato-brasileiro-serie-a/scorerliste/wettbewerb/BRA1/saison_id/2024/altersklasse/alle/plus/1/page/11
Igor Vinícius,Right-Back,,Brazil,28,0,2,2,2024,https://www.transfermarkt.com/campeonato-brasileiro-serie-a/scorerliste/wettbewerb/BRA1/saison_id/2024/altersklasse/alle/plus/1/page/11
Jamerson,Left-Back,Esporte Clube Vitória,Brazil,26,0,2,2,2024,https://www.transfermarkt.com/campeonato-brasileiro-serie-a/scorerliste/wettbewerb/BRA1/saison_id/2024/altersklasse/alle/plus/1/page/11
Gustavo Silva,Right Winger,Esporte Clube Vitória,Brazil,27,0,2,2,2024,https://www.transfermarkt.com/campeonato-brasileiro-serie-a/scorerliste/wettbewerb/BRA1/saison_id/2024/altersklasse/alle/plus/1/page/11
Fabri,Centre-Forward,Esporte Clube Vitória,Brazil,25,0,2,2,2024,https://www.transfermarkt.com/campeonato-brasileiro-serie-a/scorerliste/wettbewerb/BRA1/saison_id/2024/altersklasse/alle/plus/1/page/11
Khellven,Right-Back,Sociedade Esportiva Palmeiras,Brazil,24,0,2,2,2024,https://www.transfermarkt.com/campeonato-brasileiro-serie-a/scorerliste/wettbewerb/BRA1/saison_id/2024/altersklasse/alle/plus/1/page/11
Matheus Bidu,Left-Back,Sport Club Corinthians Paulista,Brazil,26,0,2,2,2024,https://www.transfermarkt.com/campeonato-brasileiro-serie-a/scorerliste/wettbewerb/BRA1/saison_id/2024/altersklasse/alle/plus/1/page/12
Wagner Leonardo,Centre-Back,Grêmio Foot-Ball Porto Alegrense,Brazil,26,0,2,2,2024,https://www.transfermarkt.com/campeonato-brasileiro-serie-a/scorerliste/wettbewerb/BRA1/saison_id/2024/altersklasse/alle/plus/1/page/12
Allanzinho,Left Winger,Fortaleza Esporte Clube,Brazil,25,0,2,2,2024,https://www.transfermarkt.com/campeonato-brasileiro-serie-a/scorerliste/wettbewerb/BRA1/saison_id/2024/altersklasse/alle/plus/1/page/12
Ronald,Defensive Midfield,Esporte Clube Vitória,Brazil,28,0,2,2,2024,https://www.transfermarkt.com/campeonato-brasileiro-serie-a/scorerliste/wettbewerb/BRA1/saison_id/2024/altersklasse/alle/plus/1/page/12
Bruno Gomes,Right-Back,Sport Club Internacional,Brazil,24,0,2,2,2024,https://www.transfermarkt.com/campeonato-brasileiro-serie-a/scorerliste/wettbewerb/BRA1/saison_id/2024/altersklasse/alle/plus/1/page/12
Richard Ríos,Defensive Midfield,Sociedade Esportiva Palmeiras,Colombia,25,0,2,2,2024,https://www.transfermarkt.com/campeonato-brasileiro-serie-a/scorerliste/wettbewerb/BRA1/saison_id/2024/altersklasse/alle/plus/1/page/12
Luiz Gustavo,Defensive Midfield,São Paulo Futebol Clube,Brazil,38,1,0,1,2024,https://www.transfermarkt.com/campeonato-brasileiro-serie-a/scorerliste/wettbewerb/BRA1/saison_id/2024/altersklasse/alle/plus/1/page/12
Gabriel Mercado,Centre-Back,Sport Club Internacional,Argentina,38,1,0,1,2024,https://www.transfermarkt.com/campeonato-brasileiro-serie-a/scorerliste/wettbewerb/BRA1/saison_id/2024/altersklasse/alle/plus/1/page/12
Ganso,Attacking Midfield,Fluminense Football Club,Brazil,36,1,0,1,2024,https://www.transfermarkt.com/campeonato-brasileiro-serie-a/scorerliste/wettbewerb/BRA1/saison_id/2024/altersklasse/alle/plus/1/page/12
Eduardo,Attacking Midfield,Cruzeiro Esporte Clube,Brazil,36,1,0,1,2024,https://www.transfermarkt.com/campeonato-brasileiro-serie-a/scorerliste/wettbewerb/BRA1/saison_id/2024/altersklasse/alle/plus/1/page/12
Lucas Sasha,Defensive Midfield,Fortaleza Esporte Clube,Brazil,35,1,0,1,2024,https://www.transfermarkt.com/campeonato-brasileiro-serie-a/scorerliste/wettbewerb/BRA1/saison_id/2024/altersklasse/alle/plus/1/page/12
André Carrillo,Central Midfield,Sport Club Corinthians Paulista,Peru,34,1,0,1,2024,https://www.transfermarkt.com/campeonato-brasileiro-serie-a/scorerliste/wettbewerb/BRA1/saison_id/2024/altersklasse/alle/plus/1/page/12
Enner Valencia,Centre-Forward,Sport Club Internacional,Ecuador,35,1,0,1,2024,https://www.transfermarkt.com/campeonato-brasileiro-serie-a/scorerliste/wettbewerb/BRA1/saison_id/2024/altersklasse/alle/plus/1/page/12
Diogo Barbosa,Left-Back,Fortaleza Esporte Clube,Brazil,33,1,0,1,2024,https://www.transfermarkt.com/campeonato-brasileiro-serie-a/scorerliste/wettbewerb/BRA1/saison_id/2024/altersklasse/alle/plus/1/page/12
Wilker Ángel,Centre-Back,Esporte Clube Juventude,Venezuela,32,1,0,1,2024,https://www.transfermarkt.com/campeonato-brasileiro-serie-a/scorerliste/wettbewerb/BRA1/saison_id/2024/altersklasse/alle/plus/1/page/12
Gonzalo Mastriani,Centre-Forward,Botafogo de Futebol e Regatas,Uruguay,32,1,0,1,2024,https://www.transfermarkt.com/campeonato-brasileiro-serie-a/scorerliste/wettbewerb/BRA1/saison_id/2024/altersklasse/alle/plus/1/page/12
Gabriel,Defensive Midfield,Red Bull Bragantino,Brazil,33,1,0,1,2024,https://www.transfermarkt.com/campeonato-brasileiro-serie-a/scorerliste/wettbewerb/BRA1/saison_id/2024/altersklasse/alle/plus/1/page/12
Erick Pulgar,Defensive Midfield,CR Flamengo,Chile,31,1,0,1,2024,https://www.transfermarkt.com/campeonato-brasileiro-serie-a/scorerliste/wettbewerb/BRA1/saison_id/2024/altersklasse/alle/plus/1/page/12
Igor Coronado,Attacking Midfield,Sport Club Corinthians Paulista,Italy,32,1,0,1,2024,https://www.transfermarkt.com/campeonato-brasileiro-serie-a/scorerliste/wettbewerb/BRA1/saison_id/2024/altersklasse/alle/plus/1/page/12
Zé Rafael,Central Midfield,Santos FC,Brazil,32,1,0,1,2024,https://www.transfermarkt.com/campeonato-brasileiro-serie-a/scorerliste/wettbewerb/BRA1/saison_id/2024/altersklasse/alle/plus/1/page/12
Gilberto,Right-Back,Esporte Clube Bahia,Brazil,32,1,0,1,2024,https://www.transfermarkt.com/campeonato-brasileiro-serie-a/scorerliste/wettbewerb/BRA1/saison_id/2024/altersklasse/alle/plus/1/page/12
Lucas Villalba,Centre-Back,Cruzeiro Esporte Clube,Argentina,31,1,0,1,2024,https://www.transfermarkt.com/campeonato-brasileiro-serie-a/scorerliste/wettbewerb/BRA1/saison_id/2024/altersklasse/alle/plus/1/page/12
Renzo López,Centre-Forward,Esporte Clube Vitória,Uruguay,31,1,0,1,2024,https://www.transfermarkt.com/campeonato-brasileiro-serie-a/scorerliste/wettbewerb/BRA1/saison_id/2024/altersklasse/alle/plus/1/page/12
Willian Oliveira,Defensive Midfield,Esporte Clube Vitória,Brazil,32,1,0,1,2024,https://www.transfermarkt.com/campeonato-brasileiro-serie-a/scorerliste/wettbewerb/BRA1/saison_id/2024/altersklasse/alle/plus/1/page/12
Jemerson,Centre-Back,Grêmio Foot-Ball Porto Alegrense,Brazil,32,1,0,1,2024,https://www.transfermarkt.com/campeonato-brasileiro-serie-a/scorerliste/wettbewerb/BRA1/saison_id/2024/altersklasse/alle/plus/1/page/12
Tinga,Right-Back,Fortaleza Esporte Clube,Brazil,32,1,0,1,2024,https://www.transfermarkt.com/campeonato-brasileiro-serie-a/scorerliste/wettbewerb/BRA1/saison_id/2024/altersklasse/alle/plus/1/page/13
Héctor Hernández,Centre-Forward,Sport Club Corinthians Paulista,Spain,29,1,0,1,2024,https://www.transfermarkt.com/campeonato-brasileiro-serie-a/scorerliste/wettbewerb/BRA1/saison_id/2024/altersklasse/alle/plus/1/page/13
Emiliano Rigoni,Right Winger,São Paulo Futebol Clube,Argentina,32,1,0,1,2024,https://www.transfermarkt.com/campeonato-brasileiro-serie-a/scorerliste/wettbewerb/BRA1/saison_id/2024/altersklasse/alle/plus/1/page/13
Fabián Balbuena,Centre-Back,Grêmio Foot-Ball Porto Alegrense,Paraguay,34,1,0,1,2024,https://www.transfermarkt.com/campeonato-brasileiro-serie-a/scorerliste/wettbewerb/BRA1/saison_id/2024/altersklasse/alle/plus/1/page/13
Juan Dinenno,Centre-Forward,,Argentina,31,1,0,1,2024,https://www.transfermarkt.com/campeonato-brasileiro-serie-a/scorerliste/wettbewerb/BRA1/saison_id/2024/altersklasse/alle/plus/1/page/13
Rafael Thyere,Centre-Back,Sport Club do Recife,Brazil,32,1,0,1,2024,https://www.transfermarkt.com/campeonato-brasileiro-serie-a/scorerliste/wettbewerb/BRA1/saison_id/2024/altersklasse/alle/plus/1/page/13
Neto Moura,Defensive Midfield,Mirassol Futebol Clube (SP),Brazil,29,1,0,1,2024,https://www.transfermarkt.com/campeonato-brasileiro-serie-a/scorerliste/wettbewerb/BRA1/saison_id/2024/altersklasse/alle/plus/1/page/13
Benjamín Kuscevic,Centre-Back,Fortaleza Esporte Clube,Chile,29,1,0,1,2024,https://www.transfermarkt.com/campeonato-brasileiro-serie-a/scorerliste/wettbewerb/BRA1/saison_id/2024/altersklasse/alle/plus/1/page/13
Fernando Sobral,Central Midfield,Ceará Sporting Club,Brazil,30,1,0,1,2024,https://www.transfermarkt.com/campeonato-brasileiro-serie-a/scorerliste/wettbewerb/BRA1/saison_id/2024/altersklasse/alle/plus/1/page/13
Matheus Fernandes,Defensive Midfield,Red Bull Bragantino,Brazil,27,1,0,1,2024,https://www.transfermarkt.com/campeonato-brasileiro-serie-a/scorerliste/wettbewerb/BRA1/saison_id/2024/altersklasse/alle/plus/1/page/13
Carlinhos,Centre-Forward,Esporte Clube Vitória,Brazil,28,1,0,1,2024,https://www.transfermarkt.com/campeonato-brasileiro-serie-a/scorerliste/wettbewerb/BRA1/saison_id/2024/altersklasse/alle/plus/1/page/13
Rodrigo Sam,Centre-Back,Esporte Clube Juventude,Brazil,30,1,0,1,2024,https://www.transfermarkt.com/campeonato-brasileiro-serie-a/scorerliste/wettbewerb/BRA1/saison_id/2024/altersklasse/alle/plus/1/page/13
Tchê Tchê,Central Midfield,Clube de Regatas Vasco da Gama,Brazil,33,1,0,1,2024,https://www.transfermarkt.com/campeonato-brasileiro-serie-a/scorerliste/wettbewerb/BRA1/saison_id/2024/altersklasse/alle/plus/1/page/13
Iury Castilho,Centre-Forward,Mirassol Futebol Clube (SP),Brazil,29,1,0,1,2024,https://www.transfermarkt.com/campeonato-brasileiro-serie-a/scorerliste/wettbewerb/BRA1/saison_id/2024/altersklasse/alle/plus/1/page/13
Ramon Menezes,Centre-Back,,Brazil,30,1,0,1,2024,https://www.transfermarkt.com/campeonato-brasileiro-serie-a/scorerliste/wettbewerb/BRA1/saison_id/2024/altersklasse/alle/plus/1/page/13
Alan Franco,Central Midfield,Clube Atlético Mineiro,Ecuador,27,1,0,1,2024,https://www.transfermarkt.com/campeonato-brasileiro-serie-a/scorerliste/wettbewerb/BRA1/saison_id/2024/altersklasse/alle/plus/1/page/13
João Basso,Centre-Back,Santos FC,Brazil,28,1,0,1,2024,https://www.transfermarkt.com/campeonato-brasileiro-serie-a/scorerliste/wettbewerb/BRA1/saison_id/2024/altersklasse/alle/plus/1/page/13
Juninho,Centre-Forward,CR Flamengo,Brazil,28,1,0,1,2024,https://www.transfermarkt.com/campeonato-brasileiro-serie-a/scorerliste/wettbewerb/BRA1/saison_id/2024/altersklasse/alle/plus/1/page/13
Luan Cândido,Left-Back,,Brazil,24,1,0,1,2024,https://www.transfermarkt.com/campeonato-brasileiro-serie-a/scorerliste/wettbewerb/BRA1/saison_id/2024/altersklasse/alle/plus/1/page/13
Carlos Cuesta,Centre-Back,Clube de Regatas Vasco da Gama,Colombia,26,1,0,1,2024,https://www.transfermarkt.com/campeonato-brasileiro-serie-a/scorerliste/wettbewerb/BRA1/saison_id/2024/altersklasse/alle/plus/1/page/13
Zé Ivaldo,Centre-Back,Santos FC,Brazil,28,1,0,1,2024,https://www.transfermarkt.com/campeonato-brasileiro-serie-a/scorerliste/wettbewerb/BRA1/saison_id/2024/altersklasse/alle/plus/1/page/13
Charles,Defensive Midfield,Sport Club Corinthians Paulista,Brazil,29,1,0,1,2024,https://www.transfermarkt.com/campeonato-brasileiro-serie-a/scorerliste/wettbewerb/BRA1/saison_id/2024/altersklasse/alle/plus/1/page/13
Fausto Vera,Defensive Midfield,Clube Atlético Mineiro,Argentina,25,1,0,1,2024,https://www.transfermarkt.com/campeonato-brasileiro-serie-a/scorerliste/wettbewerb/BRA1/saison_id/2024/altersklasse/alle/plus/1/page/13
Iago,Left-Back,Esporte Clube Bahia,Brazil,28,1,0,1,2024,https://www.transfermarkt.com/campeonato-brasileiro-serie-a/scorerliste/wettbewerb/BRA1/saison_id/2024/altersklasse/alle/plus/1/page/13
Igor Cariús,Left-Back,Sport Club do Recife,Brazil,32,1,0,1,2024,https://www.transfermarkt.com/campeonato-brasileiro-serie-a/scorerliste/wettbewerb/BRA1/saison_id/2024/altersklasse/alle/plus/1/page/13
Wellington Rato,Right Winger,Esporte Clube Vitória,Brazil,32,1,0,1,2024,https://www.transfermarkt.com/campeonato-brasileiro-serie-a/scorerliste/wettbewerb/BRA1/saison_id/2024/altersklasse/alle/plus/1/page/14
Diego Pituca,Central Midfield,Santos FC,Brazil,32,1,0,1,2024,https://www.transfermarkt.com/campeonato-brasileiro-serie-a/scorerliste/wettbewerb/BRA1/saison_id/2024/altersklasse/alle/plus/1/page/14
Ruan,Centre-Back,,Brazil,26,1,0,1,2024,https://www.transfermarkt.com/campeonato-brasileiro-serie-a/scorerliste/wettbewerb/BRA1/saison_id/2024/altersklasse/alle/plus/1/page/14
Lucas Braga,Left Winger,Esporte Clube Vitória,Brazil,29,1,0,1,2024,https://www.transfermarkt.com/campeonato-brasileiro-serie-a/scorerliste/wettbewerb/BRA1/saison_id/2024/altersklasse/alle/plus/1/page/14
Rafael Bilu,Right Winger,Esporte Clube Juventude,Brazil,26,1,0,1,2024,https://www.transfermarkt.com/campeonato-brasileiro-serie-a/scorerliste/wettbewerb/BRA1/saison_id/2024/altersklasse/alle/plus/1/page/14
Erick,Defensive Midfield,Esporte Clube Bahia,Brazil,28,1,0,1,2024,https://www.transfermarkt.com/campeonato-brasileiro-serie-a/scorerliste/wettbewerb/BRA1/saison_id/2024/altersklasse/alle/plus/1/page/14
Zanocelo,Defensive Midfield,,Brazil,24,1,0,1,2024,https://www.transfermarkt.com/campeonato-brasileiro-serie-a/scorerliste/wettbewerb/BRA1/saison_id/2024/altersklasse/alle/plus/1/page/14
Matheus Martins,Left Winger,Botafogo de Futebol e Regatas,Brazil,22,1,0,1,2024,https://www.transfermarkt.com/campeonato-brasileiro-serie-a/scorerliste/wettbewerb/BRA1/saison_id/2024/altersklasse/alle/plus/1/page/14
João Victor,Centre-Back,Clube de Regatas Vasco da Gama,Brazil,27,1,0,1,2024,https://www.transfermarkt.com/campeonato-brasileiro-serie-a/scorerliste/wettbewerb/BRA1/saison_id/2024/altersklasse/alle/plus/1/page/14
Daniel Peixoto,Defensive Midfield,Esporte Clube Juventude,Brazil,28,1,0,1,2024,https://www.transfermarkt.com/campeonato-brasileiro-serie-a/scorerliste/wettbewerb/BRA1/saison_id/2024/altersklasse/alle/plus/1/page/14
Ewerthon,Right-Back,Esporte Clube Juventude,Brazil,25,1,0,1,2024,https://www.transfermarkt.com/campeonato-brasileiro-serie-a/scorerliste/wettbewerb/BRA1/saison_id/2024/altersklasse/alle/plus/1/page/14
José Andrés Hurtado,Right-Back,Red Bull Bragantino,Ecuador,23,1,0,1,2024,https://www.transfermarkt.com/campeonato-brasileiro-serie-a/scorerliste/wettbewerb/BRA1/saison_id/2024/altersklasse/alle/plus/1/page/14
Emiliano Martínez,Defensive Midfield,Sociedade Esportiva Palmeiras,Uruguay,26,1,0,1,2024,https://www.transfermarkt.com/campeonato-brasileiro-serie-a/scorerliste/wettbewerb/BRA1/saison_id/2024/altersklasse/alle/plus/1/page/14
Guzmán Rodríguez,Centre-Back,Red Bull Bragantino,Uruguay,25,1,0,1,2024,https://www.transfermarkt.com/campeonato-brasileiro-serie-a/scorerliste/wettbewerb/BRA1/saison_id/2024/altersklasse/alle/plus/1/page/14
Natanael,Right-Back,Clube Atlético Mineiro,Brazil,23,1,0,1,2024,https://www.transfermarkt.com/campeonato-brasileiro-serie-a/scorerliste/wettbewerb/BRA1/saison_id/2024/altersklasse/alle/plus/1/page/14
Calebe,Attacking Midfield,Fortaleza Esporte Clube,Brazil,25,1,0,1,2024,https://www.transfermarkt.com/campeonato-brasileiro-serie-a/scorerliste/wettbewerb/BRA1/saison_id/2024/altersklasse/alle/plus/1/page/14
Lucas Freitas,Centre-Back,Clube de Regatas Vasco da Gama,Brazil,24,1,0,1,2024,https://www.transfermarkt.com/campeonato-brasileiro-serie-a/scorerliste/wettbewerb/BRA1/saison_id/2024/altersklasse/alle/plus/1/page/14
Newton,Defensive Midfield,Botafogo de Futebol e Regatas,Brazil,25,1,0,1,2024,https://www.transfermarkt.com/campeonato-brasileiro-serie-a/scorerliste/wettbewerb/BRA1/saison_id/2024/altersklasse/alle/plus/1/page/14
Braian Aguirre,Right-Back,Sport Club Internacional,Argentina,25,1,0,1,2024,https://www.transfermarkt.com/campeonato-brasileiro-serie-a/scorerliste/wettbewerb/BRA1/saison_id/2024/altersklasse/alle/plus/1/page/14
Rubens,Left-Back,Clube Atlético Mineiro,Brazil,24,1,0,1,2024,https://www.transfermarkt.com/campeonato-brasileiro-serie-a/scorerliste/wettbewerb/BRA1/saison_id/2024/altersklasse/alle/plus/1/page/14
Pablo Maia,Defensive Midfield,São Paulo Futebol Clube,Brazil,23,1,0,1,2024,https://www.transfermarkt.com/campeonato-brasileiro-serie-a/scorerliste/wettbewerb/BRA1/saison_id/2024/altersklasse/alle/plus/1/page/14
Evertton Araújo,Defensive Midfield,CR Flamengo,Brazil,22,1,0,1,2024,https://www.transfermarkt.com/campeonato-brasileiro-serie-a/scorerliste/wettbewerb/BRA1/saison_id/2024/altersklasse/alle/plus/1/page/14
Edison Negueba,Left Winger,Esporte Clube Juventude,Brazil,25,1,0,1,2024,https://www.transfermarkt.com/campeonato-brasileiro-serie-a/scorerliste/wettbewerb/BRA1/saison_id/2024/altersklasse/alle/plus/1/page/14
Janderson,Centre-Forward,Esporte Clube Vitória,Brazil,26,1,0,1,2024,https://www.transfermarkt.com/campeonato-brasileiro-serie-a/scorerliste/wettbewerb/BRA1/saison_id/2024/altersklasse/alle/plus/1/page/14
Gustavo Marques,Centre-Back,Red Bull Bragantino,Brazil,24,1,0,1,2024,https://www.transfermarkt.com/campeonato-brasileiro-serie-a/scorerliste/wettbewerb/BRA1/saison_id/2024/altersklasse/alle/plus/1/page/14
Mateo Sanabria,Left Winger,Esporte Clube Bahia,Argentina,21,1,0,1,2024,https://www.transfermarkt.com/campeonato-brasileiro-serie-a/scorerliste/wettbewerb/BRA1/saison_id/2024/altersklasse/alle/plus/1/page/15
Renato Marques,Centre-Forward,Mirassol Futebol Clube (SP),Brazil,21,1,0,1,2024,https://www.transfermarkt.com/campeonato-brasileiro-serie-a/scorerliste/wettbewerb/BRA1/saison_id/2024/altersklasse/alle/plus/1/page/15
Alexsander,Defensive Midfield,Clube Atlético Mineiro,Brazil,22,1,0,1,2024,https://www.transfermarkt.com/campeonato-brasileiro-serie-a/scorerliste/wettbewerb/BRA1/saison_id/2024/altersklasse/alle/plus/1/page/15
Deivid Washington,Centre-Forward,Santos FC,Brazil,20,1,0,1,2024,https://www.transfermarkt.com/campeonato-brasileiro-serie-a/scorerliste/wettbewerb/BRA1/saison_id/2024/altersklasse/alle/plus/1/page/15
Cauan Barros,Defensive Midfield,Clube de Regatas Vasco da Gama,Brazil,21,1,0,1,2024,https://www.transfermarkt.com/campeonato-brasileiro-serie-a/scorerliste/wettbewerb/BRA1/saison_id/2024/altersklasse/alle/plus/1/page/15
Jordan Barrera,Attacking Midfield,Botafogo de Futebol e Regatas,Colombia,19,1,0,1,2024,https://www.transfermarkt.com/campeonato-brasileiro-serie-a/scorerliste/wettbewerb/BRA1/saison_id/2024/altersklasse/alle/plus/1/page/15
Gustavo Prado,Left Winger,Sport Club Internacional,Brazil,20,1,0,1,2024,https://www.transfermarkt.com/campeonato-brasileiro-serie-a/scorerliste/wettbewerb/BRA1/saison_id/2024/altersklasse/alle/plus/1/page/15
Luighi,Centre-Forward,Sociedade Esportiva Palmeiras,Brazil,19,1,0,1,2024,https://www.transfermarkt.com/campeonato-brasileiro-serie-a/scorerliste/wettbewerb/BRA1/saison_id/2024/altersklasse/alle/plus/1/page/15
Davi Gomes,Left Winger,Red Bull Bragantino,Brazil,20,1,0,1,2024,https://www.transfermarkt.com/campeonato-brasileiro-serie-a/scorerliste/wettbewerb/BRA1/saison_id/2024/altersklasse/alle/plus/1/page/15
Luis Benedetti,Centre-Back,Sociedade Esportiva Palmeiras,Brazil,19,1,0,1,2024,https://www.transfermarkt.com/campeonato-brasileiro-serie-a/scorerliste/wettbewerb/BRA1/saison_id/2024/altersklasse/alle/plus/1/page/15
Yannick Bolasie,Centre-Forward,Cruzeiro Esporte Clube,DR Congo,36,0,1,1,2024,https://www.transfermarkt.com/campeonato-brasileiro-serie-a/scorerliste/wettbewerb/BRA1/saison_id/2024/altersklasse/alle/plus/1/page/15
Vina,Attacking Midfield,Ceará Sporting Club,Brazil,34,0,1,1,2024,https://www.transfermarkt.com/campeonato-brasileiro-serie-a/scorerliste/wettbewerb/BRA1/saison_id/2024/altersklasse/alle/plus/1/page/15
Óscar Romero,Attacking Midfield,Sport Club Internacional,Paraguay,33,0,1,1,2024,https://www.transfermarkt.com/campeonato-brasileiro-serie-a/scorerliste/wettbewerb/BRA1/saison_id/2024/altersklasse/alle/plus/1/page/15
Wendell,Left-Back,São Paulo Futebol Clube,Brazil,32,0,1,1,2024,https://www.transfermarkt.com/campeonato-brasileiro-serie-a/scorerliste/wettbewerb/BRA1/saison_id/2024/altersklasse/alle/plus/1/page/15
Alisson,Central Midfield,São Paulo Futebol Clube,Brazil,32,0,1,1,2024,https://www.transfermarkt.com/campeonato-brasileiro-serie-a/scorerliste/wettbewerb/BRA1/saison_id/2024/altersklasse/alle/plus/1/page/15
Ángel Romero,Right Winger,Sport Club Corinthians Paulista,Paraguay,33,0,1,1,2024,https://www.transfermarkt.com/campeonato-brasileiro-serie-a/scorerliste/wettbewerb/BRA1/saison_id/2024/altersklasse/alle/plus/1/page/15
Emanuel Brítez,Centre-Back,Fortaleza Esporte Clube,Argentina,33,0,1,1,2024,https://www.transfermarkt.com/campeonato-brasileiro-serie-a/scorerliste/wettbewerb/BRA1/saison_id/2024/altersklasse/alle/plus/1/page/15
Hyoran,Attacking Midfield,Sport Club do Recife,Brazil,32,0,1,1,2024,https://www.transfermarkt.com/campeonato-brasileiro-serie-a/scorerliste/wettbewerb/BRA1/saison_id/2024/altersklasse/alle/plus/1/page/15
Yago Felipe,Central Midfield,,Brazil,30,0,1,1,2024,https://www.transfermarkt.com/campeonato-brasileiro-serie-a/scorerliste/wettbewerb/BRA1/saison_id/2024/altersklasse/alle/plus/1/page/15
Dodi,Defensive Midfield,Grêmio Foot-Ball Porto Alegrense,Brazil,29,0,1,1,2024,https://www.transfermarkt.com/campeonato-brasileiro-serie-a/scorerliste/wettbewerb/BRA1/saison_id/2024/altersklasse/alle/plus/1/page/15
Ronaldo,Goalkeeper,Esporte Clube Bahia,Brazil,29,0,1,1,2024,https://www.transfermarkt.com/campeonato-brasileiro-serie-a/scorerliste/wettbewerb/BRA1/saison_id/2024/altersklasse/alle/plus/1/page/15
Clayson,Left Winger,Mirassol Futebol Clube (SP),Brazil,30,0,1,1,2024,https://www.transfermarkt.com/campeonato-brasileiro-serie-a/scorerliste/wettbewerb/BRA1/saison_id/2024/altersklasse/alle/plus/1/page/15
Fernandinho,Left Winger,Ceará Sporting Club,Brazil,28,0,1,1,2024,https://www.transfermarkt.com/campeonato-brasileiro-serie-a/scorerliste/wettbewerb/BRA1/saison_id/2024/altersklasse/alle/plus/1/page/15
Alan Rodríguez,Central Midfield,Sport Club Internacional,Uruguay,25,0,1,1,2024,https://www.transfermarkt.com/campeonato-brasileiro-serie-a/scorerliste/wettbewerb/BRA1/saison_id/2024/altersklasse/alle/plus/1/page/15
Caíque Gonçalves,Defensive Midfield,Esporte Clube Juventude,Brazil,30,0,1,1,2024,https://www.transfermarkt.com/campeonato-brasileiro-serie-a/scorerliste/wettbewerb/BRA1/saison_id/2024/altersklasse/alle/plus/1/page/15
Felipe Jonatan,Left-Back,,Brazil,27,0,1,1,2024,https://www.transfermarkt.com/campeonato-brasileiro-serie-a/scorerliste/wettbewerb/BRA1/saison_id/2024/altersklasse/alle/plus/1/page/16
Willian Machado,Centre-Back,Ceará Sporting Club,Brazil,29,0,1,1,2024,https://www.transfermarkt.com/campeonato-brasileiro-serie-a/scorerliste/wettbewerb/BRA1/saison_id/2024/altersklasse/alle/plus/1/page/16
Matheus Alexandre,Right-Back,Sport Club do Recife,Brazil,26,0,1,1,2024,https://www.transfermarkt.com/campeonato-brasileiro-serie-a/scorerliste/wettbewerb/BRA1/saison_id/2024/altersklasse/alle/plus/1/page/16
Nicolás Acevedo,Defensive Midfield,Esporte Clube Bahia,Uruguay,26,0,1,1,2024,https://www.transfermarkt.com/campeonato-brasileiro-serie-a/scorerliste/wettbewerb/BRA1/saison_id/2024/altersklasse/alle/plus/1/page/16
Fabinho,Defensive Midfield,Red Bull Bragantino,Brazil,23,0,1,1,2024,https://www.transfermarkt.com/campeonato-brasileiro-serie-a/scorerliste/wettbewerb/BRA1/saison_id/2024/altersklasse/alle/plus/1/page/16
Hereda,Right-Back,Sport Club do Recife,Brazil,26,0,1,1,2024,https://www.transfermarkt.com/campeonato-brasileiro-serie-a/scorerliste/wettbewerb/BRA1/saison_id/2024/altersklasse/alle/plus/1/page/16
Aníbal Moreno,Defensive Midfield,Sociedade Esportiva Palmeiras,Argentina,26,0,1,1,2024,https://www.transfermarkt.com/campeonato-brasileiro-serie-a/scorerliste/wettbewerb/BRA1/saison_id/2024/altersklasse/alle/plus/1/page/16
Hugo Moura,Defensive Midfield,Clube de Regatas Vasco da Gama,Brazil,27,0,1,1,2024,https://www.transfermarkt.com/campeonato-brasileiro-serie-a/scorerliste/wettbewerb/BRA1/saison_id/2024/altersklasse/alle/plus/1/page/16
Aldo Filho,Central Midfield,Mirassol Futebol Clube (SP),Brazil,27,0,1,1,2024,https://www.transfermarkt.com/campeonato-brasileiro-serie-a/scorerliste/wettbewerb/BRA1/saison_id/2024/altersklasse/alle/plus/1/page/16
Fabiano,Right-Back,Ceará Sporting Club,Brazil,25,0,1,1,2024,https://www.transfermarkt.com/campeonato-brasileiro-serie-a/scorerliste/wettbewerb/BRA1/saison_id/2024/altersklasse/alle/plus/1/page/16
Matheus Davó,Centre-Forward,Mirassol Futebol Clube (SP),Brazil,25,0,1,1,2024,https://www.transfermarkt.com/campeonato-brasileiro-serie-a/scorerliste/wettbewerb/BRA1/saison_id/2024/altersklasse/alle/plus/1/page/16
Luan Freitas,Centre-Back,Esporte Clube Juventude,Brazil,24,0,1,1,2024,https://www.transfermarkt.com/campeonato-brasileiro-serie-a/scorerliste/wettbewerb/BRA1/saison_id/2024/altersklasse/alle/plus/1/page/16
Caio Alexandre,Defensive Midfield,Esporte Clube Bahia,Brazil,26,0,1,1,2024,https://www.transfermarkt.com/campeonato-brasileiro-serie-a/scorerliste/wettbewerb/BRA1/saison_id/2024/altersklasse/alle/plus/1/page/16
Alejandro Martínez,Left Winger,Ceará Sporting Club,Argentina,27,0,1,1,2024,https://www.transfermarkt.com/campeonato-brasileiro-serie-a/scorerliste/wettbewerb/BRA1/saison_id/2024/altersklasse/alle/plus/1/page/16
Matheus Bahia,Left-Back,Ceará Sporting Club,Brazil,26,0,1,1,2024,https://www.transfermarkt.com/campeonato-brasileiro-serie-a/scorerliste/wettbewerb/BRA1/saison_id/2024/altersklasse/alle/plus/1/page/16
Moisés,Left Winger,Fortaleza Esporte Clube,Brazil,29,0,1,1,2024,https://www.transfermarkt.com/campeonato-brasileiro-serie-a/scorerliste/wettbewerb/BRA1/saison_id/2024/altersklasse/alle/plus/1/page/16
Vanderlan,Left-Back,,Brazil,23,0,1,1,2024,https://www.transfermarkt.com/campeonato-brasileiro-serie-a/scorerliste/wettbewerb/BRA1/saison_id/2024/altersklasse/alle/plus/1/page/16
Miguel Monsalve,Attacking Midfield,Grêmio Foot-Ball Porto Alegrense,Colombia,21,0,1,1,2024,https://www.transfermarkt.com/campeonato-brasileiro-serie-a/scorerliste/wettbewerb/BRA1/saison_id/2024/altersklasse/alle/plus/1/page/16
Lucas Gazal,Centre-Back,Fortaleza Esporte Clube,Brazil,26,0,1,1,2024,https://www.transfermarkt.com/campeonato-brasileiro-serie-a/scorerliste/wettbewerb/BRA1/saison_id/2024/altersklasse/alle/plus/1/page/16
Micael,Centre-Back,Sociedade Esportiva Palmeiras,Brazil,25,0,1,1,2024,https://www.transfermarkt.com/campeonato-brasileiro-serie-a/scorerliste/wettbewerb/BRA1/saison_id/2024/altersklasse/alle/plus/1/page/16
Nathan Mendes,Right-Back,Red Bull Bragantino,Brazil,23,0,1,1,2024,https://www.transfermarkt.com/campeonato-brasileiro-serie-a/scorerliste/wettbewerb/BRA1/saison_id/2024/altersklasse/alle/plus/1/page/16
Kervin Andrade,Attacking Midfield,Fortaleza Esporte Clube,Venezuela,20,0,1,1,2024,https://www.transfermarkt.com/campeonato-brasileiro-serie-a/scorerliste/wettbewerb/BRA1/saison_id/2024/altersklasse/alle/plus/1/page/16
Marcos Victor,Centre-Back,Ceará Sporting Club,Brazil,23,0,1,1,2024,https://www.transfermarkt.com/campeonato-brasileiro-serie-a/scorerliste/wettbewerb/BRA1/saison_id/2024/altersklasse/alle/plus/1/page/16
Jair Cunha,Centre-Back,Botafogo de Futebol e Regatas,Brazil,20,0,1,1,2024,https://www.transfermarkt.com/campeonato-brasileiro-serie-a/scorerliste/wettbewerb/BRA1/saison_id/2024/altersklasse/alle/plus/1/page/16
João Pedro Tchoca,Centre-Back,Sport Club Corinthians Paulista,Brazil,21,0,1,1,2024,https://www.transfermarkt.com/campeonato-brasileiro-serie-a/scorerliste/wettbewerb/BRA1/saison_id/2024/altersklasse/alle/plus/1/page/16
Henrique Carmo,Right Winger,São Paulo Futebol Clube,Brazil,18,0,1,1,2024,https://www.transfermarkt.com/campeonato-brasileiro-serie-a/scorerliste/wettbewerb/BRA1/saison_id/2024/altersklasse/alle/plus/1/page/17
Kayke,Left Winger,Sport Club Corinthians Paulista,Brazil,21,0,1,1,2024,https://www.transfermarkt.com/campeonato-brasileiro-serie-a/scorerliste/wettbewerb/BRA1/saison_id/2024/altersklasse/alle/plus/1/page/17
Jonathan Jesus,Centre-Back,Cruzeiro Esporte Clube,Brazil,21,0,1,1,2024,https://www.transfermarkt.com/campeonato-brasileiro-serie-a/scorerliste/wettbewerb/BRA1/saison_id/2024/altersklasse/alle/plus/1/page/17
Abner,Centre-Back,Esporte Clube Juventude,Brazil,21,0,1,1,2024,https://www.transfermarkt.com/campeonato-brasileiro-serie-a/scorerliste/wettbewerb/BRA1/saison_id/2024/altersklasse/alle/plus/1/page/17
Kauan Toledo,Right Winger,Botafogo de Futebol e Regatas,Brazil,19,0,1,1,2024,https://www.transfermarkt.com/campeonato-brasileiro-serie-a/scorerliste/wettbewerb/BRA1/saison_id/2024/altersklasse/alle/plus/1/page/17
Guilherme Luiz,Centre-Forward,Ceará Sporting Club,Brazil,20,0,1,1,2024,https://www.transfermarkt.com/campeonato-brasileiro-serie-a/scorerliste/wettbewerb/BRA1/saison_id/2024/altersklasse/alle/plus/1/page/17
Julio Fidelis,Right-Back,Fluminense Football Club,Brazil,18,0,1,1,2024,https://www.transfermarkt.com/campeonato-brasileiro-serie-a/scorerliste/wettbewerb/BRA1/saison_id/2024/altersklasse/alle/plus/1/page/17
Matheus Alves,Attacking Midfield,São Paulo Futebol Clube,Brazil,20,0,1,1,2024,https://www.transfermarkt.com/campeonato-brasileiro-serie-a/scorerliste/wettbewerb/BRA1/saison_id/2024/altersklasse/alle/plus/1/page/17
Riquelme,Right Winger,Fluminense Football Club,Brazil,18,0,1,1,2024,https://www.transfermarkt.com/campeonato-brasileiro-serie-a/scorerliste/wettbewerb/BRA1/saison_id/2024/altersklasse/alle/plus/1/page/17
Cauê Nascimento,Left-Back,Red Bull Bragantino,Brazil,18,0,1,1,2024,https://www.transfermarkt.com/campeonato-brasileiro-serie-a/scorerliste/wettbewerb/BRA1/saison_id/2024/altersklasse/alle/plus/1/page/17
Dieguinho,Right Winger,Sport Club Corinthians Paulista,Brazil,18,0,1,1,2024,https://www.transfermarkt.com/campeonato-brasileiro-serie-a/scorerliste/wettbewerb/BRA1/saison_id/2024/altersklasse/alle/plus/1/page/17
João Marcelo,Centre-Forward,Clube Atlético Mineiro,Brazil,20,0,1,1,2024,https://www.transfermarkt.com/campeonato-brasileiro-serie-a/scorerliste/wettbewerb/BRA1/saison_id/2024/altersklasse/alle/plus/1/page/17
Robinho Junior,Right Winger,Santos FC,Brazil,17,0,1,1,2024,https://www.transfermarkt.com/campeonato-brasileiro-serie-a/scorerliste/wettbewerb/BRA1/saison_id/2024/altersklasse/alle/plus/1/page/17
Johnny Góes,Centre-Back,CR Flamengo,Brazil,18,0,1,1,2024,https://www.transfermarkt.com/campeonato-brasileiro-serie-a/scorerliste/wettbewerb/BRA1/saison_id/2024/altersklasse/alle/plus/1/page/17
Kevin Viveros,Centre-Forward,Club Athletico Paranaense,Colombia,26,18,3,21,2025,https://www.transfermarkt.com/campeonato-brasileiro-serie-a/scorerliste/wettbewerb/BRA1/saison_id/2025/altersklasse/alle/plus/1
Pedro,Centre-Forward,CR Flamengo,Brazil,29,16,5,21,2025,https://www.transfermarkt.com/campeonato-brasileiro-serie-a/scorerliste/wettbewerb/BRA1/saison_id/2025/altersklasse/alle/plus/1
Samuel Lino,Left Winger,CR Flamengo,Brazil,26,9,7,16,2025,https://www.transfermarkt.com/campeonato-brasileiro-serie-a/scorerliste/wettbewerb/BRA1/saison_id/2025/altersklasse/alle/plus/1
Gabriel Barbosa,Centre-Forward,Santos FC,Brazil,30,11,3,14,2025,https://www.transfermarkt.com/campeonato-brasileiro-serie-a/scorerliste/wettbewerb/BRA1/saison_id/2025/altersklasse/alle/plus/1
Matheus Pereira,Attacking Midfield,Cruzeiro Esporte Clube,Brazil,30,9,4,13,2025,https://www.transfermarkt.com/campeonato-brasileiro-serie-a/scorerliste/wettbewerb/BRA1/saison_id/2025/altersklasse/alle/plus/1
José Manuel López,Centre-Forward,Sociedade Esportiva Palmeiras,Argentina,25,8,4,12,2025,https://www.transfermarkt.com/campeonato-brasileiro-serie-a/scorerliste/wettbewerb/BRA1/saison_id/2025/altersklasse/alle/plus/1
Jorge Carrascal,Attacking Midfield,CR Flamengo,Colombia,28,5,7,12,2025,https://www.transfermarkt.com/campeonato-brasileiro-serie-a/scorerliste/wettbewerb/BRA1/saison_id/2025/altersklasse/alle/plus/1
Josué,Attacking Midfield,Coritiba Foot Ball Club,Portugal,36,1,11,12,2025,https://www.transfermarkt.com/campeonato-brasileiro-serie-a/scorerliste/wettbewerb/BRA1/saison_id/2025/altersklasse/alle/plus/1
Carlos Vinícius,Centre-Forward,Grêmio Foot-Ball Porto Alegrense,Brazil,31,10,1,11,2025,https://www.transfermarkt.com/campeonato-brasileiro-serie-a/scorerliste/wettbewerb/BRA1/saison_id/2025/altersklasse/alle/plus/1
Danilo,Central Midfield,Botafogo de Futebol e Regatas,Brazil,25,9,2,11,2025,https://www.transfermarkt.com/campeonato-brasileiro-serie-a/scorerliste/wettbewerb/BRA1/saison_id/2025/altersklasse/alle/plus/1
Hulk,Centre-Forward,,Brazil,40,7,4,11,2025,https://www.transfermarkt.com/campeonato-brasileiro-serie-a/scorerliste/wettbewerb/BRA1/saison_id/2025/altersklasse/alle/plus/1
Johan Carbonero,Left Winger,Sport Club Internacional,Colombia,27,7,4,11,2025,https://www.transfermarkt.com/campeonato-brasileiro-serie-a/scorerliste/wettbewerb/BRA1/saison_id/2025/altersklasse/alle/plus/1
Andreas Pereira,Central Midfield,Sociedade Esportiva Palmeiras,Brazil,30,1,10,11,2025,https://www.transfermarkt.com/campeonato-brasileiro-serie-a/scorerliste/wettbewerb/BRA1/saison_id/2025/altersklasse/alle/plus/1
Luciano Juba,Left-Back,Esporte Clube Bahia,Brazil,27,9,1,10,2025,https://www.transfermarkt.com/campeonato-brasileiro-serie-a/scorerliste/wettbewerb/BRA1/saison_id/2025/altersklasse/alle/plus/1
John Kennedy,Centre-Forward,Fluminense Football Club,Brazil,24,9,1,10,2025,https://www.transfermarkt.com/campeonato-brasileiro-serie-a/scorerliste/wettbewerb/BRA1/saison_id/2025/altersklasse/alle/plus/1
Renê,Left Winger,Esporte Clube Vitória,Brazil,22,9,1,10,2025,https://www.transfermarkt.com/campeonato-brasileiro-serie-a/scorerliste/wettbewerb/BRA1/saison_id/2025/altersklasse/alle/plus/1
Luciano,Centre-Forward,São Paulo Futebol Clube,Brazil,33,8,2,10,2025,https://www.transfermarkt.com/campeonato-brasileiro-serie-a/scorerliste/wettbewerb/BRA1/saison_id/2025/altersklasse/alle/plus/1
Breno Lopes,Left Winger,Coritiba Foot Ball Club,Brazil,30,8,2,10,2025,https://www.transfermarkt.com/campeonato-brasileiro-serie-a/scorerliste/wettbewerb/BRA1/saison_id/2025/altersklasse/alle/plus/1
Jonathan Calleri,Centre-Forward,São Paulo Futebol Clube,Argentina,32,8,1,9,2025,https://www.transfermarkt.com/campeonato-brasileiro-serie-a/scorerliste/wettbewerb/BRA1/saison_id/2025/altersklasse/alle/plus/1
Pedro Rocha,Centre-Forward,Coritiba Foot Ball Club,Brazil,31,8,1,9,2025,https://www.transfermarkt.com/campeonato-brasileiro-serie-a/scorerliste/wettbewerb/BRA1/saison_id/2025/altersklasse/alle/plus/1
Neymar,Attacking Midfield,Santos FC,Brazil,34,6,3,9,2025,https://www.transfermarkt.com/campeonato-brasileiro-serie-a/scorerliste/wettbewerb/BRA1/saison_id/2025/altersklasse/alle/plus/1
Luciano Acosta,Attacking Midfield,Fluminense Football Club,Argentina,32,4,5,9,2025,https://www.transfermarkt.com/campeonato-brasileiro-serie-a/scorerliste/wettbewerb/BRA1/saison_id/2025/altersklasse/alle/plus/1
Igor Formiga,Right-Back,Mirassol Futebol Clube (SP),Brazil,27,4,5,9,2025,https://www.transfermarkt.com/campeonato-brasileiro-serie-a/scorerliste/wettbewerb/BRA1/saison_id/2025/altersklasse/alle/plus/1
Rodrigo Garro,Attacking Midfield,Sport Club Corinthians Paulista,Argentina,28,3,6,9,2025,https://www.transfermarkt.com/campeonato-brasileiro-serie-a/scorerliste/wettbewerb/BRA1/saison_id/2025/altersklasse/alle/plus/1
Arthur Cabral,Centre-Forward,Botafogo de Futebol e Regatas,Brazil,28,7,1,8,2025,https://www.transfermarkt.com/campeonato-brasileiro-serie-a/scorerliste/wettbewerb/BRA1/saison_id/2025/altersklasse/alle/plus/1
Kaio Jorge,Centre-Forward,Cruzeiro Esporte Clube,Brazil,24,7,1,8,2025,https://www.transfermarkt.com/campeonato-brasileiro-serie-a/scorerliste/wettbewerb/BRA1/saison_id/2025/altersklasse/alle/plus/1/page/2
Mauricio,Attacking Midfield,Sociedade Esportiva Palmeiras,Paraguay,25,7,1,8,2025,https://www.transfermarkt.com/campeonato-brasileiro-serie-a/scorerliste/wettbewerb/BRA1/saison_id/2025/altersklasse/alle/plus/1/page/2
Jajá,Left Winger,Clube do Remo (PA),Brazil,27,7,1,8,2025,https://www.transfermarkt.com/campeonato-brasileiro-serie-a/scorerliste/wettbewerb/BRA1/saison_id/2025/altersklasse/alle/plus/1/page/2
Agustín Canobbio,Right Winger,Fluminense Football Club,Uruguay,27,5,3,8,2025,https://www.transfermarkt.com/campeonato-brasileiro-serie-a/scorerliste/wettbewerb/BRA1/saison_id/2025/altersklasse/alle/plus/1/page/2
Alef Manga,Left Winger,Clube do Remo (PA),Brazil,31,5,3,8,2025,https://www.transfermarkt.com/campeonato-brasileiro-serie-a/scorerliste/wettbewerb/BRA1/saison_id/2025/altersklasse/alle/plus/1/page/2
Christian,Right Midfield,Cruzeiro Esporte Clube,Brazil,25,5,3,8,2025,https://www.transfermarkt.com/campeonato-brasileiro-serie-a/scorerliste/wettbewerb/BRA1/saison_id/2025/altersklasse/alle/plus/1/page/2
Keny Arroyo,Right Winger,Cruzeiro Esporte Clube,Ecuador,20,4,4,8,2025,https://www.transfermarkt.com/campeonato-brasileiro-serie-a/scorerliste/wettbewerb/BRA1/saison_id/2025/altersklasse/alle/plus/1/page/2
Erick,Right Winger,Esporte Clube Vitória,Brazil,28,3,5,8,2025,https://www.transfermarkt.com/campeonato-brasileiro-serie-a/scorerliste/wettbewerb/BRA1/saison_id/2025/altersklasse/alle/plus/1/page/2
Tomás Cuello,Left Winger,Clube Atlético Mineiro,Argentina,26,5,2,7,2025,https://www.transfermarkt.com/campeonato-brasileiro-serie-a/scorerliste/wettbewerb/BRA1/saison_id/2025/altersklasse/alle/plus/1/page/2
Marcinho,Right Winger,Associação Chapecoense de Futebol,Brazil,31,5,2,7,2025,https://www.transfermarkt.com/campeonato-brasileiro-serie-a/scorerliste/wettbewerb/BRA1/saison_id/2025/altersklasse/alle/plus/1/page/2
Isidro Pitta,Centre-Forward,Red Bull Bragantino,Paraguay,27,5,2,7,2025,https://www.transfermarkt.com/campeonato-brasileiro-serie-a/scorerliste/wettbewerb/BRA1/saison_id/2025/altersklasse/alle/plus/1/page/2
Lucas Barbosa,Right Winger,Red Bull Bragantino,Brazil,25,5,2,7,2025,https://www.transfermarkt.com/campeonato-brasileiro-serie-a/scorerliste/wettbewerb/BRA1/saison_id/2025/altersklasse/alle/plus/1/page/2
Joaquín Lavega,Left Winger,Coritiba Foot Ball Club,Uruguay,21,5,2,7,2025,https://www.transfermarkt.com/campeonato-brasileiro-serie-a/scorerliste/wettbewerb/BRA1/saison_id/2025/altersklasse/alle/plus/1/page/2
Andrés Gómez,Left Winger,Clube de Regatas Vasco da Gama,Colombia,24,5,2,7,2025,https://www.transfermarkt.com/campeonato-brasileiro-serie-a/scorerliste/wettbewerb/BRA1/saison_id/2025/altersklasse/alle/plus/1/page/2
Vitor Bueno,Attacking Midfield,Clube do Remo (PA),Brazil,32,4,3,7,2025,https://www.transfermarkt.com/campeonato-brasileiro-serie-a/scorerliste/wettbewerb/BRA1/saison_id/2025/altersklasse/alle/plus/1/page/2
Jean Lucas,Central Midfield,Esporte Clube Bahia,Brazil,28,4,3,7,2025,https://www.transfermarkt.com/campeonato-brasileiro-serie-a/scorerliste/wettbewerb/BRA1/saison_id/2025/altersklasse/alle/plus/1/page/2
Kevin Serna,Right Winger,Fluminense Football Club,Colombia,28,4,3,7,2025,https://www.transfermarkt.com/campeonato-brasileiro-serie-a/scorerliste/wettbewerb/BRA1/saison_id/2025/altersklasse/alle/plus/1/page/2
Allan,Right Winger,Sociedade Esportiva Palmeiras,Brazil,22,4,3,7,2025,https://www.transfermarkt.com/campeonato-brasileiro-serie-a/scorerliste/wettbewerb/BRA1/saison_id/2025/altersklasse/alle/plus/1/page/2
Giorgian de Arrascaeta,Attacking Midfield,CR Flamengo,Uruguay,32,3,4,7,2025,https://www.transfermarkt.com/campeonato-brasileiro-serie-a/scorerliste/wettbewerb/BRA1/saison_id/2025/altersklasse/alle/plus/1/page/2
Alex Telles,Left-Back,Botafogo de Futebol e Regatas,Brazil,33,3,4,7,2025,https://www.transfermarkt.com/campeonato-brasileiro-serie-a/scorerliste/wettbewerb/BRA1/saison_id/2025/altersklasse/alle/plus/1/page/2
Lucas Esquivel,Left-Back,Club Athletico Paranaense,Argentina,24,2,5,7,2025,https://www.transfermarkt.com/campeonato-brasileiro-serie-a/scorerliste/wettbewerb/BRA1/saison_id/2025/altersklasse/alle/plus/1/page/2
João Cruz,Central Midfield,Club Athletico Paranaense,Brazil,20,2,5,7,2025,https://www.transfermarkt.com/campeonato-brasileiro-serie-a/scorerliste/wettbewerb/BRA1/saison_id/2025/altersklasse/alle/plus/1/page/2
Eduardo,Attacking Midfield,Mirassol Futebol Clube (SP),Brazil,36,6,0,6,2025,https://www.transfermarkt.com/campeonato-brasileiro-serie-a/scorerliste/wettbewerb/BRA1/saison_id/2025/altersklasse/alle/plus/1/page/2
Stiven Mendoza,Left Winger,Club Athletico Paranaense,Colombia,34,5,1,6,2025,https://www.transfermarkt.com/campeonato-brasileiro-serie-a/scorerliste/wettbewerb/BRA1/saison_id/2025/altersklasse/alle/plus/1/page/2
Thiago Mendes,Defensive Midfield,Clube de Regatas Vasco da Gama,Brazil,34,5,1,6,2025,https://www.transfermarkt.com/campeonato-brasileiro-serie-a/scorerliste/wettbewerb/BRA1/saison_id/2025/altersklasse/alle/plus/1/page/2
Álvaro Barreal,Left Winger,Santos FC,Argentina,26,5,1,6,2025,https://www.transfermarkt.com/campeonato-brasileiro-serie-a/scorerliste/wettbewerb/BRA1/saison_id/2025/altersklasse/alle/plus/1/page/3
Vitor Roque,Centre-Forward,Sociedade Esportiva Palmeiras,Brazil,21,5,1,6,2025,https://www.transfermarkt.com/campeonato-brasileiro-serie-a/scorerliste/wettbewerb/BRA1/saison_id/2025/altersklasse/alle/plus/1/page/3
Edenilson,Central Midfield,,Brazil,36,4,2,6,2025,https://www.transfermarkt.com/campeonato-brasileiro-serie-a/scorerliste/wettbewerb/BRA1/saison_id/2025/altersklasse/alle/plus/1/page/3
Benjamín Rollheiser,Right Winger,Santos FC,Argentina,26,4,2,6,2025,https://www.transfermarkt.com/campeonato-brasileiro-serie-a/scorerliste/wettbewerb/BRA1/saison_id/2025/altersklasse/alle/plus/1/page/3
Jhon Arias,Right Winger,Sociedade Esportiva Palmeiras,Colombia,28,4,2,6,2025,https://www.transfermarkt.com/campeonato-brasileiro-serie-a/scorerliste/wettbewerb/BRA1/saison_id/2025/altersklasse/alle/plus/1/page/3
Reinier,Attacking Midfield,Clube Atlético Mineiro,Brazil,24,4,2,6,2025,https://www.transfermarkt.com/campeonato-brasileiro-serie-a/scorerliste/wettbewerb/BRA1/saison_id/2025/altersklasse/alle/plus/1/page/3
Ramón Sosa,Left Winger,Sociedade Esportiva Palmeiras,Paraguay,27,4,2,6,2025,https://www.transfermarkt.com/campeonato-brasileiro-serie-a/scorerliste/wettbewerb/BRA1/saison_id/2025/altersklasse/alle/plus/1/page/3
Alerrandro,Centre-Forward,Sport Club Internacional,Brazil,26,3,3,6,2025,https://www.transfermarkt.com/campeonato-brasileiro-serie-a/scorerliste/wettbewerb/BRA1/saison_id/2025/altersklasse/alle/plus/1/page/3
Cristian Pavón,Right Winger,Grêmio Foot-Ball Porto Alegrense,Argentina,30,2,4,6,2025,https://www.transfermarkt.com/campeonato-brasileiro-serie-a/scorerliste/wettbewerb/BRA1/saison_id/2025/altersklasse/alle/plus/1/page/3
José Luis Rodríguez,Right-Back,Clube de Regatas Vasco da Gama,Uruguay,29,2,4,6,2025,https://www.transfermarkt.com/campeonato-brasileiro-serie-a/scorerliste/wettbewerb/BRA1/saison_id/2025/altersklasse/alle/plus/1/page/3
Giovanni Augusto,Attacking Midfield,Associação Chapecoense de Futebol,Brazil,37,1,5,6,2025,https://www.transfermarkt.com/campeonato-brasileiro-serie-a/scorerliste/wettbewerb/BRA1/saison_id/2025/altersklasse/alle/plus/1/page/3
Gastón Benavídez,Right-Back,Club Athletico Paranaense,Argentina,30,1,5,6,2025,https://www.transfermarkt.com/campeonato-brasileiro-serie-a/scorerliste/wettbewerb/BRA1/saison_id/2025/altersklasse/alle/plus/1/page/3
Álvaro Montoro,Left Winger,Botafogo de Futebol e Regatas,Argentina,19,1,5,6,2025,https://www.transfermarkt.com/campeonato-brasileiro-serie-a/scorerliste/wettbewerb/BRA1/saison_id/2025/altersklasse/alle/plus/1/page/3
Lucas Paquetá,Attacking Midfield,CR Flamengo,Brazil,29,5,0,5,2025,https://www.transfermarkt.com/campeonato-brasileiro-serie-a/scorerliste/wettbewerb/BRA1/saison_id/2025/altersklasse/alle/plus/1/page/3
Alan Patrick,Attacking Midfield,Sport Club Internacional,Brazil,35,4,1,5,2025,https://www.transfermarkt.com/campeonato-brasileiro-serie-a/scorerliste/wettbewerb/BRA1/saison_id/2025/altersklasse/alle/plus/1/page/3
Gustavo Gómez,Centre-Back,Sociedade Esportiva Palmeiras,Paraguay,33,4,1,5,2025,https://www.transfermarkt.com/campeonato-brasileiro-serie-a/scorerliste/wettbewerb/BRA1/saison_id/2025/altersklasse/alle/plus/1/page/3
Renato Kayzer,Centre-Forward,Esporte Clube Vitória,Brazil,30,4,1,5,2025,https://www.transfermarkt.com/campeonato-brasileiro-serie-a/scorerliste/wettbewerb/BRA1/saison_id/2025/altersklasse/alle/plus/1/page/3
Alexandro Bernabei,Left-Back,Sport Club Internacional,Argentina,25,4,1,5,2025,https://www.transfermarkt.com/campeonato-brasileiro-serie-a/scorerliste/wettbewerb/BRA1/saison_id/2025/altersklasse/alle/plus/1/page/3
Victor Hugo,Central Midfield,Clube Atlético Mineiro,Brazil,22,4,1,5,2025,https://www.transfermarkt.com/campeonato-brasileiro-serie-a/scorerliste/wettbewerb/BRA1/saison_id/2025/altersklasse/alle/plus/1/page/3
Rodrigo Castillo,Centre-Forward,Fluminense Football Club,Argentina,27,4,1,5,2025,https://www.transfermarkt.com/campeonato-brasileiro-serie-a/scorerliste/wettbewerb/BRA1/saison_id/2025/altersklasse/alle/plus/1/page/3
Yago Pikachu,Right Winger,Clube do Remo (PA),Brazil,34,3,2,5,2025,https://www.transfermarkt.com/campeonato-brasileiro-serie-a/scorerliste/wettbewerb/BRA1/saison_id/2025/altersklasse/alle/plus/1/page/3
Jefferson Savarino,Attacking Midfield,Fluminense Football Club,Venezuela,29,3,2,5,2025,https://www.transfermarkt.com/campeonato-brasileiro-serie-a/scorerliste/wettbewerb/BRA1/saison_id/2025/altersklasse/alle/plus/1/page/3
Mateo Cassierra,Centre-Forward,Clube Atlético Mineiro,Colombia,29,3,2,5,2025,https://www.transfermarkt.com/campeonato-brasileiro-serie-a/scorerliste/wettbewerb/BRA1/saison_id/2025/altersklasse/alle/plus/1/page/3
Matheuzinho,Attacking Midfield,Esporte Clube Vitória,Brazil,28,3,2,5,2025,https://www.transfermarkt.com/campeonato-brasileiro-serie-a/scorerliste/wettbewerb/BRA1/saison_id/2025/altersklasse/alle/plus/1/page/3
Juninho Capixaba,Left-Back,Red Bull Bragantino,Brazil,29,3,2,5,2025,https://www.transfermarkt.com/campeonato-brasileiro-serie-a/scorerliste/wettbewerb/BRA1/saison_id/2025/altersklasse/alle/plus/1/page/3
Artur,Right Winger,,Brazil,28,3,2,5,2025,https://www.transfermarkt.com/campeonato-brasileiro-serie-a/scorerliste/wettbewerb/BRA1/saison_id/2025/altersklasse/alle/plus/1/page/4
Yuri Alberto,Centre-Forward,Sport Club Corinthians Paulista,Brazil,25,3,2,5,2025,https://www.transfermarkt.com/campeonato-brasileiro-serie-a/scorerliste/wettbewerb/BRA1/saison_id/2025/altersklasse/alle/plus/1/page/4
Gustavo Martins,Centre-Back,Grêmio Foot-Ball Porto Alegrense,Brazil,24,3,2,5,2025,https://www.transfermarkt.com/campeonato-brasileiro-serie-a/scorerliste/wettbewerb/BRA1/saison_id/2025/altersklasse/alle/plus/1/page/4
Erick Pulga,Left Winger,Esporte Clube Bahia,Brazil,25,3,2,5,2025,https://www.transfermarkt.com/campeonato-brasileiro-serie-a/scorerliste/wettbewerb/BRA1/saison_id/2025/altersklasse/alle/plus/1/page/4
André,Central Midfield,Sport Club Corinthians Paulista,Brazil,20,3,2,5,2025,https://www.transfermarkt.com/campeonato-brasileiro-serie-a/scorerliste/wettbewerb/BRA1/saison_id/2025/altersklasse/alle/plus/1/page/4
Jorginho,Defensive Midfield,CR Flamengo,Italy,34,2,3,5,2025,https://www.transfermarkt.com/campeonato-brasileiro-serie-a/scorerliste/wettbewerb/BRA1/saison_id/2025/altersklasse/alle/plus/1/page/4
Bernard,Left Winger,Clube Atlético Mineiro,Brazil,34,2,3,5,2025,https://www.transfermarkt.com/campeonato-brasileiro-serie-a/scorerliste/wettbewerb/BRA1/saison_id/2025/altersklasse/alle/plus/1/page/4
Lucas Romero,Defensive Midfield,Cruzeiro Esporte Clube,Argentina,32,2,3,5,2025,https://www.transfermarkt.com/campeonato-brasileiro-serie-a/scorerliste/wettbewerb/BRA1/saison_id/2025/altersklasse/alle/plus/1/page/4
Bruno Henrique,Centre-Forward,CR Flamengo,Brazil,35,2,3,5,2025,https://www.transfermarkt.com/campeonato-brasileiro-serie-a/scorerliste/wettbewerb/BRA1/saison_id/2025/altersklasse/alle/plus/1/page/4
Baralhas,Defensive Midfield,Esporte Clube Vitória,Brazil,27,2,3,5,2025,https://www.transfermarkt.com/campeonato-brasileiro-serie-a/scorerliste/wettbewerb/BRA1/saison_id/2025/altersklasse/alle/plus/1/page/4
Gonzalo Plata,Right Winger,CR Flamengo,Ecuador,25,2,3,5,2025,https://www.transfermarkt.com/campeonato-brasileiro-serie-a/scorerliste/wettbewerb/BRA1/saison_id/2025/altersklasse/alle/plus/1/page/4
Vitinho,Left Winger,Sport Club Internacional,Brazil,27,2,3,5,2025,https://www.transfermarkt.com/campeonato-brasileiro-serie-a/scorerliste/wettbewerb/BRA1/saison_id/2025/altersklasse/alle/plus/1/page/4
Reinaldo,Left-Back,Mirassol Futebol Clube (SP),Brazil,36,1,4,5,2025,https://www.transfermarkt.com/campeonato-brasileiro-serie-a/scorerliste/wettbewerb/BRA1/saison_id/2025/altersklasse/alle/plus/1/page/4
Rodrigo Nestor,Central Midfield,Esporte Clube Bahia,Brazil,26,1,4,5,2025,https://www.transfermarkt.com/campeonato-brasileiro-serie-a/scorerliste/wettbewerb/BRA1/saison_id/2025/altersklasse/alle/plus/1/page/4
Cuiabano,Left-Back,Clube de Regatas Vasco da Gama,Brazil,23,1,4,5,2025,https://www.transfermarkt.com/campeonato-brasileiro-serie-a/scorerliste/wettbewerb/BRA1/saison_id/2025/altersklasse/alle/plus/1/page/4
Everaldo,Centre-Forward,,Brazil,35,4,0,4,2025,https://www.transfermarkt.com/campeonato-brasileiro-serie-a/scorerliste/wettbewerb/BRA1/saison_id/2025/altersklasse/alle/plus/1/page/4
Gabriel Taliari,Centre-Forward,Clube do Remo (PA),Brazil,29,4,0,4,2025,https://www.transfermarkt.com/campeonato-brasileiro-serie-a/scorerliste/wettbewerb/BRA1/saison_id/2025/altersklasse/alle/plus/1/page/4
Erick,Defensive Midfield,Esporte Clube Bahia,Brazil,28,4,0,4,2025,https://www.transfermarkt.com/campeonato-brasileiro-serie-a/scorerliste/wettbewerb/BRA1/saison_id/2025/altersklasse/alle/plus/1/page/4
Matheus Martins,Left Winger,Botafogo de Futebol e Regatas,Brazil,23,4,0,4,2025,https://www.transfermarkt.com/campeonato-brasileiro-serie-a/scorerliste/wettbewerb/BRA1/saison_id/2025/altersklasse/alle/plus/1/page/4
Ferreirinha,Left Winger,São Paulo Futebol Clube,Brazil,28,4,0,4,2025,https://www.transfermarkt.com/campeonato-brasileiro-serie-a/scorerliste/wettbewerb/BRA1/saison_id/2025/altersklasse/alle/plus/1/page/4
Tiago Cóser,Centre-Back,Coritiba Foot Ball Club,Brazil,22,4,0,4,2025,https://www.transfermarkt.com/campeonato-brasileiro-serie-a/scorerliste/wettbewerb/BRA1/saison_id/2025/altersklasse/alle/plus/1/page/4
Leozinho,Right Winger,Club Athletico Paranaense,Brazil,27,4,0,4,2025,https://www.transfermarkt.com/campeonato-brasileiro-serie-a/scorerliste/wettbewerb/BRA1/saison_id/2025/altersklasse/alle/plus/1/page/4
Willian José,Centre-Forward,Esporte Clube Bahia,Brazil,34,3,1,4,2025,https://www.transfermarkt.com/campeonato-brasileiro-serie-a/scorerliste/wettbewerb/BRA1/saison_id/2025/altersklasse/alle/plus/1/page/4
David,Left Winger,Clube de Regatas Vasco da Gama,Brazil,30,3,1,4,2025,https://www.transfermarkt.com/campeonato-brasileiro-serie-a/scorerliste/wettbewerb/BRA1/saison_id/2025/altersklasse/alle/plus/1/page/4
David Duarte,Centre-Back,Esporte Clube Bahia,Brazil,31,3,1,4,2025,https://www.transfermarkt.com/campeonato-brasileiro-serie-a/scorerliste/wettbewerb/BRA1/saison_id/2025/altersklasse/alle/plus/1/page/4
Walter Clar,Left-Back,Associação Chapecoense de Futebol,Paraguay,31,3,1,4,2025,https://www.transfermarkt.com/campeonato-brasileiro-serie-a/scorerliste/wettbewerb/BRA1/saison_id/2025/altersklasse/alle/plus/1/page/5
Fernando,Centre-Forward,Red Bull Bragantino,Brazil,27,3,1,4,2025,https://www.transfermarkt.com/campeonato-brasileiro-serie-a/scorerliste/wettbewerb/BRA1/saison_id/2025/altersklasse/alle/plus/1/page/5
Julimar,Left Winger,Club Athletico Paranaense,Brazil,25,3,1,4,2025,https://www.transfermarkt.com/campeonato-brasileiro-serie-a/scorerliste/wettbewerb/BRA1/saison_id/2025/altersklasse/alle/plus/1/page/5
Ignácio,Centre-Back,Fluminense Football Club,Brazil,29,3,1,4,2025,https://www.transfermarkt.com/campeonato-brasileiro-serie-a/scorerliste/wettbewerb/BRA1/saison_id/2025/altersklasse/alle/plus/1/page/5
Matheus Bidu,Left-Back,Sport Club Corinthians Paulista,Brazil,27,3,1,4,2025,https://www.transfermarkt.com/campeonato-brasileiro-serie-a/scorerliste/wettbewerb/BRA1/saison_id/2025/altersklasse/alle/plus/1/page/5
Alejo Veliz,Centre-Forward,Esporte Clube Bahia,Argentina,23,3,1,4,2025,https://www.transfermarkt.com/campeonato-brasileiro-serie-a/scorerliste/wettbewerb/BRA1/saison_id/2025/altersklasse/alle/plus/1/page/5
Néiser Villarreal,Centre-Forward,Cruzeiro Esporte Clube,Colombia,21,3,1,4,2025,https://www.transfermarkt.com/campeonato-brasileiro-serie-a/scorerliste/wettbewerb/BRA1/saison_id/2025/altersklasse/alle/plus/1/page/5
Jean Carlos,Attacking Midfield,Associação Chapecoense de Futebol,Brazil,34,2,2,4,2025,https://www.transfermarkt.com/campeonato-brasileiro-serie-a/scorerliste/wettbewerb/BRA1/saison_id/2025/altersklasse/alle/plus/1/page/5
Christian Oliva,Defensive Midfield,Santos FC,Uruguay,30,2,2,4,2025,https://www.transfermarkt.com/campeonato-brasileiro-serie-a/scorerliste/wettbewerb/BRA1/saison_id/2025/altersklasse/alle/plus/1/page/5
Kaio César,Right Winger,Sport Club Corinthians Paulista,Brazil,22,2,2,4,2025,https://www.transfermarkt.com/campeonato-brasileiro-serie-a/scorerliste/wettbewerb/BRA1/saison_id/2025/altersklasse/alle/plus/1/page/5
Alan Minda,Right Winger,Clube Atlético Mineiro,Ecuador,23,2,2,4,2025,https://www.transfermarkt.com/campeonato-brasileiro-serie-a/scorerliste/wettbewerb/BRA1/saison_id/2025/altersklasse/alle/plus/1/page/5
Diego Tarzia,Left Winger,Esporte Clube Vitória,Argentina,23,2,2,4,2025,https://www.transfermarkt.com/campeonato-brasileiro-serie-a/scorerliste/wettbewerb/BRA1/saison_id/2025/altersklasse/alle/plus/1/page/5
Guillermo Varela,Right-Back,CR Flamengo,Uruguay,33,1,3,4,2025,https://www.transfermarkt.com/campeonato-brasileiro-serie-a/scorerliste/wettbewerb/BRA1/saison_id/2025/altersklasse/alle/plus/1/page/5
Francis Amuzu,Left Winger,Grêmio Foot-Ball Porto Alegrense,Ghana,27,1,3,4,2025,https://www.transfermarkt.com/campeonato-brasileiro-serie-a/scorerliste/wettbewerb/BRA1/saison_id/2025/altersklasse/alle/plus/1/page/5
Bruno Pacheco,Left-Back,Associação Chapecoense de Futebol,Brazil,34,1,3,4,2025,https://www.transfermarkt.com/campeonato-brasileiro-serie-a/scorerliste/wettbewerb/BRA1/saison_id/2025/altersklasse/alle/plus/1/page/5
Vitinho,Right-Back,Botafogo de Futebol e Regatas,Brazil,27,1,3,4,2025,https://www.transfermarkt.com/campeonato-brasileiro-serie-a/scorerliste/wettbewerb/BRA1/saison_id/2025/altersklasse/alle/plus/1/page/5
Kerwin Vargas,Right Winger,Club Athletico Paranaense,Colombia,24,1,3,4,2025,https://www.transfermarkt.com/campeonato-brasileiro-serie-a/scorerliste/wettbewerb/BRA1/saison_id/2025/altersklasse/alle/plus/1/page/5
Fagner,Right-Back,Cruzeiro Esporte Clube,Brazil,37,0,4,4,2025,https://www.transfermarkt.com/campeonato-brasileiro-serie-a/scorerliste/wettbewerb/BRA1/saison_id/2025/altersklasse/alle/plus/1/page/5
Everton Ribeiro,Attacking Midfield,Esporte Clube Bahia,Brazil,37,0,4,4,2025,https://www.transfermarkt.com/campeonato-brasileiro-serie-a/scorerliste/wettbewerb/BRA1/saison_id/2025/altersklasse/alle/plus/1/page/5
Alesson,Left Winger,Mirassol Futebol Clube (SP),Brazil,27,0,4,4,2025,https://www.transfermarkt.com/campeonato-brasileiro-serie-a/scorerliste/wettbewerb/BRA1/saison_id/2025/altersklasse/alle/plus/1/page/5
Joaquín Piquerez,Left-Back,Sociedade Esportiva Palmeiras,Uruguay,28,0,4,4,2025,https://www.transfermarkt.com/campeonato-brasileiro-serie-a/scorerliste/wettbewerb/BRA1/saison_id/2025/altersklasse/alle/plus/1/page/5
Henry Mosquera,Left Winger,Red Bull Bragantino,Colombia,24,0,4,4,2025,https://www.transfermarkt.com/campeonato-brasileiro-serie-a/scorerliste/wettbewerb/BRA1/saison_id/2025/altersklasse/alle/plus/1/page/5
Luiz Gustavo,Defensive Midfield,Club Athletico Paranaense,Brazil,39,3,0,3,2025,https://www.transfermarkt.com/campeonato-brasileiro-serie-a/scorerliste/wettbewerb/BRA1/saison_id/2025/altersklasse/alle/plus/1/page/5
Rodrigo Moledo,Centre-Back,Coritiba Foot Ball Club,Brazil,38,3,0,3,2025,https://www.transfermarkt.com/campeonato-brasileiro-serie-a/scorerliste/wettbewerb/BRA1/saison_id/2025/altersklasse/alle/plus/1/page/5
Facundo Colidio,Centre-Forward,Clube de Regatas Vasco da Gama,Argentina,26,3,0,3,2025,https://www.transfermarkt.com/campeonato-brasileiro-serie-a/scorerliste/wettbewerb/BRA1/saison_id/2025/altersklasse/alle/plus/1/page/5
Edson Carioca,Centre-Forward,Mirassol Futebol Clube (SP),Brazil,29,3,0,3,2025,https://www.transfermarkt.com/campeonato-brasileiro-serie-a/scorerliste/wettbewerb/BRA1/saison_id/2025/altersklasse/alle/plus/1/page/6
Bruno Santos,Centre-Forward,Mirassol Futebol Clube (SP),Brazil,29,3,0,3,2025,https://www.transfermarkt.com/campeonato-brasileiro-serie-a/scorerliste/wettbewerb/BRA1/saison_id/2025/altersklasse/alle/plus/1/page/6
Hércules,Central Midfield,Fluminense Football Club,Brazil,25,3,0,3,2025,https://www.transfermarkt.com/campeonato-brasileiro-serie-a/scorerliste/wettbewerb/BRA1/saison_id/2025/altersklasse/alle/plus/1/page/6
Cauan Barros,Defensive Midfield,Clube de Regatas Vasco da Gama,Brazil,22,3,0,3,2025,https://www.transfermarkt.com/campeonato-brasileiro-serie-a/scorerliste/wettbewerb/BRA1/saison_id/2025/altersklasse/alle/plus/1/page/6
Tulio Eduardo,Centre-Forward,Associação Chapecoense de Futebol,Brazil,21,3,0,3,2025,https://www.transfermarkt.com/campeonato-brasileiro-serie-a/scorerliste/wettbewerb/BRA1/saison_id/2025/altersklasse/alle/plus/1/page/6
Felipe Anderson,Left Winger,Sociedade Esportiva Palmeiras,Brazil,33,2,1,3,2025,https://www.transfermarkt.com/campeonato-brasileiro-serie-a/scorerliste/wettbewerb/BRA1/saison_id/2025/altersklasse/alle/plus/1/page/6
Marllon,Centre-Back,Clube do Remo (PA),Brazil,34,2,1,3,2025,https://www.transfermarkt.com/campeonato-brasileiro-serie-a/scorerliste/wettbewerb/BRA1/saison_id/2025/altersklasse/alle/plus/1/page/6
Gustavo Henrique,Centre-Back,Sport Club Corinthians Paulista,Brazil,33,2,1,3,2025,https://www.transfermarkt.com/campeonato-brasileiro-serie-a/scorerliste/wettbewerb/BRA1/saison_id/2025/altersklasse/alle/plus/1/page/6
Bruno Henrique,Central Midfield,Sport Club Internacional,Brazil,36,2,1,3,2025,https://www.transfermarkt.com/campeonato-brasileiro-serie-a/scorerliste/wettbewerb/BRA1/saison_id/2025/altersklasse/alle/plus/1/page/6
Léo Pereira,Centre-Back,CR Flamengo,Brazil,30,2,1,3,2025,https://www.transfermarkt.com/campeonato-brasileiro-serie-a/scorerliste/wettbewerb/BRA1/saison_id/2025/altersklasse/alle/plus/1/page/6
Rafael Santos Borré,Centre-Forward,Sport Club Internacional,Colombia,30,2,1,3,2025,https://www.transfermarkt.com/campeonato-brasileiro-serie-a/scorerliste/wettbewerb/BRA1/saison_id/2025/altersklasse/alle/plus/1/page/6
Marlon Freitas,Defensive Midfield,Sociedade Esportiva Palmeiras,Brazil,31,2,1,3,2025,https://www.transfermarkt.com/campeonato-brasileiro-serie-a/scorerliste/wettbewerb/BRA1/saison_id/2025/altersklasse/alle/plus/1/page/6
Tetê,Right Winger,Grêmio Foot-Ball Porto Alegrense,Brazil,26,2,1,3,2025,https://www.transfermarkt.com/campeonato-brasileiro-serie-a/scorerliste/wettbewerb/BRA1/saison_id/2025/altersklasse/alle/plus/1/page/6
Luiz Araújo,Right Winger,CR Flamengo,Brazil,30,2,1,3,2025,https://www.transfermarkt.com/campeonato-brasileiro-serie-a/scorerliste/wettbewerb/BRA1/saison_id/2025/altersklasse/alle/plus/1/page/6
Murilo,Centre-Back,Sociedade Esportiva Palmeiras,Brazil,29,2,1,3,2025,https://www.transfermarkt.com/campeonato-brasileiro-serie-a/scorerliste/wettbewerb/BRA1/saison_id/2025/altersklasse/alle/plus/1/page/6
João Victor,Centre-Back,Mirassol Futebol Clube (SP),Brazil,29,2,1,3,2025,https://www.transfermarkt.com/campeonato-brasileiro-serie-a/scorerliste/wettbewerb/BRA1/saison_id/2025/altersklasse/alle/plus/1/page/6
Neto Pessoa,Centre-Forward,Associação Chapecoense de Futebol,Brazil,32,2,1,3,2025,https://www.transfermarkt.com/campeonato-brasileiro-serie-a/scorerliste/wettbewerb/BRA1/saison_id/2025/altersklasse/alle/plus/1/page/6
Leonel Picco,Defensive Midfield,Clube do Remo (PA),Argentina,27,2,1,3,2025,https://www.transfermarkt.com/campeonato-brasileiro-serie-a/scorerliste/wettbewerb/BRA1/saison_id/2025/altersklasse/alle/plus/1/page/6
Marcelinho,Right-Back,Clube do Remo (PA),Brazil,28,2,1,3,2025,https://www.transfermarkt.com/campeonato-brasileiro-serie-a/scorerliste/wettbewerb/BRA1/saison_id/2025/altersklasse/alle/plus/1/page/6
Moisés,Left Winger,Santos FC,Brazil,29,2,1,3,2025,https://www.transfermarkt.com/campeonato-brasileiro-serie-a/scorerliste/wettbewerb/BRA1/saison_id/2025/altersklasse/alle/plus/1/page/6
Braian Aguirre,Right-Back,Sport Club Internacional,Argentina,26,2,1,3,2025,https://www.transfermarkt.com/campeonato-brasileiro-serie-a/scorerliste/wettbewerb/BRA1/saison_id/2025/altersklasse/alle/plus/1/page/6
Breno Bidon,Central Midfield,Sport Club Corinthians Paulista,Brazil,21,2,1,3,2025,https://www.transfermarkt.com/campeonato-brasileiro-serie-a/scorerliste/wettbewerb/BRA1/saison_id/2025/altersklasse/alle/plus/1/page/6
Paulo Roberto,Centre-Forward,Coritiba Foot Ball Club,Brazil,21,2,1,3,2025,https://www.transfermarkt.com/campeonato-brasileiro-serie-a/scorerliste/wettbewerb/BRA1/saison_id/2025/altersklasse/alle/plus/1/page/6
Kauã Moraes,Right-Back,Cruzeiro Esporte Clube,Brazil,19,2,1,3,2025,https://www.transfermarkt.com/campeonato-brasileiro-serie-a/scorerliste/wettbewerb/BRA1/saison_id/2025/altersklasse/alle/plus/1/page/6
Yannick Bolasie,Centre-Forward,Associação Chapecoense de Futebol,DR Congo,37,1,2,3,2025,https://www.transfermarkt.com/campeonato-brasileiro-serie-a/scorerliste/wettbewerb/BRA1/saison_id/2025/altersklasse/alle/plus/1/page/6
Zakaria Labyad,Attacking Midfield,Sport Club Corinthians Paulista,Morocco,33,1,2,3,2025,https://www.transfermarkt.com/campeonato-brasileiro-serie-a/scorerliste/wettbewerb/BRA1/saison_id/2025/altersklasse/alle/plus/1/page/7
Lucas Villalba,Centre-Back,Cruzeiro Esporte Clube,Argentina,32,1,2,3,2025,https://www.transfermarkt.com/campeonato-brasileiro-serie-a/scorerliste/wettbewerb/BRA1/saison_id/2025/altersklasse/alle/plus/1/page/7
Everton,Left Winger,,Brazil,30,1,2,3,2025,https://www.transfermarkt.com/campeonato-brasileiro-serie-a/scorerliste/wettbewerb/BRA1/saison_id/2025/altersklasse/alle/plus/1/page/7
Alexander Barboza,Centre-Back,,Uruguay,31,1,2,3,2025,https://www.transfermarkt.com/campeonato-brasileiro-serie-a/scorerliste/wettbewerb/BRA1/saison_id/2025/altersklasse/alle/plus/1/page/7
Bruno Rodrigues,Left Winger,,Brazil,29,1,2,3,2025,https://www.transfermarkt.com/campeonato-brasileiro-serie-a/scorerliste/wettbewerb/BRA1/saison_id/2025/altersklasse/alle/plus/1/page/7
Marcos Antônio,Central Midfield,São Paulo Futebol Clube,Brazil,26,1,2,3,2025,https://www.transfermarkt.com/campeonato-brasileiro-serie-a/scorerliste/wettbewerb/BRA1/saison_id/2025/altersklasse/alle/plus/1/page/7
Shaylon,Attacking Midfield,Mirassol Futebol Clube (SP),Brazil,29,1,2,3,2025,https://www.transfermarkt.com/campeonato-brasileiro-serie-a/scorerliste/wettbewerb/BRA1/saison_id/2025/altersklasse/alle/plus/1/page/7
Matheuzinho,Right-Back,Sport Club Corinthians Paulista,Brazil,26,1,2,3,2025,https://www.transfermarkt.com/campeonato-brasileiro-serie-a/scorerliste/wettbewerb/BRA1/saison_id/2025/altersklasse/alle/plus/1/page/7
Cristian Olivera,Right Winger,Esporte Clube Bahia,Uruguay,24,1,2,3,2025,https://www.transfermarkt.com/campeonato-brasileiro-serie-a/scorerliste/wettbewerb/BRA1/saison_id/2025/altersklasse/alle/plus/1/page/7
Miguelito,Attacking Midfield,Santos FC,Bolivia,22,1,2,3,2025,https://www.transfermarkt.com/campeonato-brasileiro-serie-a/scorerliste/wettbewerb/BRA1/saison_id/2025/altersklasse/alle/plus/1/page/7
Gustavo Neves,Central Midfield,Red Bull Bragantino,Brazil,22,1,2,3,2025,https://www.transfermarkt.com/campeonato-brasileiro-serie-a/scorerliste/wettbewerb/BRA1/saison_id/2025/altersklasse/alle/plus/1/page/7
Gabriel Bontempo,Central Midfield,Santos FC,Brazil,21,1,2,3,2025,https://www.transfermarkt.com/campeonato-brasileiro-serie-a/scorerliste/wettbewerb/BRA1/saison_id/2025/altersklasse/alle/plus/1/page/7
Lucas Ronier,Right Winger,Coritiba Foot Ball Club,Brazil,21,1,2,3,2025,https://www.transfermarkt.com/campeonato-brasileiro-serie-a/scorerliste/wettbewerb/BRA1/saison_id/2025/altersklasse/alle/plus/1/page/7
Ramon Rique,Central Midfield,Clube de Regatas Vasco da Gama,Brazil,18,1,2,3,2025,https://www.transfermarkt.com/campeonato-brasileiro-serie-a/scorerliste/wettbewerb/BRA1/saison_id/2025/altersklasse/alle/plus/1/page/7
Wendell,Left-Back,São Paulo Futebol Clube,Brazil,33,0,3,3,2025,https://www.transfermarkt.com/campeonato-brasileiro-serie-a/scorerliste/wettbewerb/BRA1/saison_id/2025/altersklasse/alle/plus/1/page/7
Gerson,Central Midfield,Cruzeiro Esporte Clube,Brazil,29,0,3,3,2025,https://www.transfermarkt.com/campeonato-brasileiro-serie-a/scorerliste/wettbewerb/BRA1/saison_id/2025/altersklasse/alle/plus/1/page/7
Renan Lodi,Left-Back,Clube Atlético Mineiro,Brazil,28,0,3,3,2025,https://www.transfermarkt.com/campeonato-brasileiro-serie-a/scorerliste/wettbewerb/BRA1/saison_id/2025/altersklasse/alle/plus/1/page/7
José Enamorado,Right Winger,Grêmio Foot-Ball Porto Alegrense,Colombia,27,0,3,3,2025,https://www.transfermarkt.com/campeonato-brasileiro-serie-a/scorerliste/wettbewerb/BRA1/saison_id/2025/altersklasse/alle/plus/1/page/7
Martinelli,Defensive Midfield,Fluminense Football Club,Brazil,24,0,3,3,2025,https://www.transfermarkt.com/campeonato-brasileiro-serie-a/scorerliste/wettbewerb/BRA1/saison_id/2025/altersklasse/alle/plus/1/page/7
Dudu,Left Winger,Clube Atlético Mineiro,Brazil,34,2,0,2,2025,https://www.transfermarkt.com/campeonato-brasileiro-serie-a/scorerliste/wettbewerb/BRA1/saison_id/2025/altersklasse/alle/plus/1/page/7
Vitor Hugo,Centre-Back,Clube Atlético Mineiro,Brazil,35,2,0,2,2025,https://www.transfermarkt.com/campeonato-brasileiro-serie-a/scorerliste/wettbewerb/BRA1/saison_id/2025/altersklasse/alle/plus/1/page/7
Gabriel,Defensive Midfield,Red Bull Bragantino,Brazil,34,2,0,2,2025,https://www.transfermarkt.com/campeonato-brasileiro-serie-a/scorerliste/wettbewerb/BRA1/saison_id/2025/altersklasse/alle/plus/1/page/7
Erick Pulgar,Defensive Midfield,CR Flamengo,Chile,32,2,0,2,2025,https://www.transfermarkt.com/campeonato-brasileiro-serie-a/scorerliste/wettbewerb/BRA1/saison_id/2025/altersklasse/alle/plus/1/page/7
Tiago Volpi,Goalkeeper,Red Bull Bragantino,Brazil,35,2,0,2,2025,https://www.transfermarkt.com/campeonato-brasileiro-serie-a/scorerliste/wettbewerb/BRA1/saison_id/2025/altersklasse/alle/plus/1/page/7
Wanderson,Left Winger,Cruzeiro Esporte Clube,Brazil,31,2,0,2,2025,https://www.transfermarkt.com/campeonato-brasileiro-serie-a/scorerliste/wettbewerb/BRA1/saison_id/2025/altersklasse/alle/plus/1/page/7
Tchê Tchê,Central Midfield,Clube de Regatas Vasco da Gama,Brazil,34,2,0,2,2025,https://www.transfermarkt.com/campeonato-brasileiro-serie-a/scorerliste/wettbewerb/BRA1/saison_id/2025/altersklasse/alle/plus/1/page/8
Thaciano,Attacking Midfield,Santos FC,Brazil,31,2,0,2,2025,https://www.transfermarkt.com/campeonato-brasileiro-serie-a/scorerliste/wettbewerb/BRA1/saison_id/2025/altersklasse/alle/plus/1/page/8
Maycon,Central Midfield,Clube Atlético Mineiro,Brazil,29,2,0,2,2025,https://www.transfermarkt.com/campeonato-brasileiro-serie-a/scorerliste/wettbewerb/BRA1/saison_id/2025/altersklasse/alle/plus/1/page/8
Paulinho,Second Striker,Sociedade Esportiva Palmeiras,Brazil,26,2,0,2,2025,https://www.transfermarkt.com/campeonato-brasileiro-serie-a/scorerliste/wettbewerb/BRA1/saison_id/2025/altersklasse/alle/plus/1/page/8
Santiago Rodríguez,Attacking Midfield,Botafogo de Futebol e Regatas,Uruguay,26,2,0,2,2025,https://www.transfermarkt.com/campeonato-brasileiro-serie-a/scorerliste/wettbewerb/BRA1/saison_id/2025/altersklasse/alle/plus/1/page/8
Raniele,Defensive Midfield,Sport Club Corinthians Paulista,Brazil,29,2,0,2,2025,https://www.transfermarkt.com/campeonato-brasileiro-serie-a/scorerliste/wettbewerb/BRA1/saison_id/2025/altersklasse/alle/plus/1/page/8
Ruan,Centre-Back,Clube Atlético Mineiro,Brazil,27,2,0,2,2025,https://www.transfermarkt.com/campeonato-brasileiro-serie-a/scorerliste/wettbewerb/BRA1/saison_id/2025/altersklasse/alle/plus/1/page/8
Nathan Fogaça,Centre-Forward,Mirassol Futebol Clube (SP),Brazil,26,2,0,2,2025,https://www.transfermarkt.com/campeonato-brasileiro-serie-a/scorerliste/wettbewerb/BRA1/saison_id/2025/altersklasse/alle/plus/1/page/8
Ramon,Left-Back,Esporte Clube Vitória,Brazil,25,2,0,2,2025,https://www.transfermarkt.com/campeonato-brasileiro-serie-a/scorerliste/wettbewerb/BRA1/saison_id/2025/altersklasse/alle/plus/1/page/8
Negueba,Right Winger,Mirassol Futebol Clube (SP),Brazil,26,2,0,2,2025,https://www.transfermarkt.com/campeonato-brasileiro-serie-a/scorerliste/wettbewerb/BRA1/saison_id/2025/altersklasse/alle/plus/1/page/8
Carvalheira,Defensive Midfield,Associação Chapecoense de Futebol,Brazil,27,2,0,2,2025,https://www.transfermarkt.com/campeonato-brasileiro-serie-a/scorerliste/wettbewerb/BRA1/saison_id/2025/altersklasse/alle/plus/1/page/8
Rodriguinho,Attacking Midfield,Red Bull Bragantino,Brazil,22,2,0,2,2025,https://www.transfermarkt.com/campeonato-brasileiro-serie-a/scorerliste/wettbewerb/BRA1/saison_id/2025/altersklasse/alle/plus/1/page/8
Maurício Garcez,Left Winger,Associação Chapecoense de Futebol,Brazil,29,2,0,2,2025,https://www.transfermarkt.com/campeonato-brasileiro-serie-a/scorerliste/wettbewerb/BRA1/saison_id/2025/altersklasse/alle/plus/1/page/8
Mateo Sanabria,Left Winger,Esporte Clube Bahia,Argentina,22,2,0,2,2025,https://www.transfermarkt.com/campeonato-brasileiro-serie-a/scorerliste/wettbewerb/BRA1/saison_id/2025/altersklasse/alle/plus/1/page/8
Gabriel Mec,Right Winger,Grêmio Foot-Ball Porto Alegrense,Brazil,18,2,0,2,2025,https://www.transfermarkt.com/campeonato-brasileiro-serie-a/scorerliste/wettbewerb/BRA1/saison_id/2025/altersklasse/alle/plus/1/page/8
Lucas Moura,Right Winger,São Paulo Futebol Clube,Brazil,33,1,1,2,2025,https://www.transfermarkt.com/campeonato-brasileiro-serie-a/scorerliste/wettbewerb/BRA1/saison_id/2025/altersklasse/alle/plus/1/page/8
Zé Rafael,Central Midfield,Santos FC,Brazil,32,1,1,2,2025,https://www.transfermarkt.com/campeonato-brasileiro-serie-a/scorerliste/wettbewerb/BRA1/saison_id/2025/altersklasse/alle/plus/1/page/8
Danielzinho,Central Midfield,São Paulo Futebol Clube,Brazil,31,1,1,2,2025,https://www.transfermarkt.com/campeonato-brasileiro-serie-a/scorerliste/wettbewerb/BRA1/saison_id/2025/altersklasse/alle/plus/1/page/8
Guilherme Arana,Left-Back,Fluminense Football Club,Brazil,29,1,1,2,2025,https://www.transfermarkt.com/campeonato-brasileiro-serie-a/scorerliste/wettbewerb/BRA1/saison_id/2025/altersklasse/alle/plus/1/page/8
Carlos Eduardo,Right Winger,Mirassol Futebol Clube (SP),Brazil,29,1,1,2,2025,https://www.transfermarkt.com/campeonato-brasileiro-serie-a/scorerliste/wettbewerb/BRA1/saison_id/2025/altersklasse/alle/plus/1/page/8
Léo Ortiz,Centre-Back,CR Flamengo,Brazil,30,1,1,2,2025,https://www.transfermarkt.com/campeonato-brasileiro-serie-a/scorerliste/wettbewerb/BRA1/saison_id/2025/altersklasse/alle/plus/1/page/8
Marlon,Left-Back,Grêmio Foot-Ball Porto Alegrense,Brazil,29,1,1,2,2025,https://www.transfermarkt.com/campeonato-brasileiro-serie-a/scorerliste/wettbewerb/BRA1/saison_id/2025/altersklasse/alle/plus/1/page/8
Brenner,Centre-Forward,Clube de Regatas Vasco da Gama,Brazil,26,1,1,2,2025,https://www.transfermarkt.com/campeonato-brasileiro-serie-a/scorerliste/wettbewerb/BRA1/saison_id/2025/altersklasse/alle/plus/1/page/8
Jovane Cabral,Left Winger,Grêmio Foot-Ball Porto Alegrense,Cape Verde,28,1,1,2,2025,https://www.transfermarkt.com/campeonato-brasileiro-serie-a/scorerliste/wettbewerb/BRA1/saison_id/2025/altersklasse/alle/plus/1/page/8
Nuno Moreira,Right Winger,Clube de Regatas Vasco da Gama,Portugal,27,1,1,2,2025,https://www.transfermarkt.com/campeonato-brasileiro-serie-a/scorerliste/wettbewerb/BRA1/saison_id/2025/altersklasse/alle/plus/1/page/8
Bruno Melo,Left-Back,Coritiba Foot Ball Club,Brazil,33,1,1,2,2025,https://www.transfermarkt.com/campeonato-brasileiro-serie-a/scorerliste/wettbewerb/BRA1/saison_id/2025/altersklasse/alle/plus/1/page/9
Ademir,Right Winger,Esporte Clube Bahia,Brazil,31,1,1,2,2025,https://www.transfermarkt.com/campeonato-brasileiro-serie-a/scorerliste/wettbewerb/BRA1/saison_id/2025/altersklasse/alle/plus/1/page/9
Sabino,Centre-Back,São Paulo Futebol Clube,Brazil,29,1,1,2,2025,https://www.transfermarkt.com/campeonato-brasileiro-serie-a/scorerliste/wettbewerb/BRA1/saison_id/2025/altersklasse/alle/plus/1/page/9
Nonato,Central Midfield,Fluminense Football Club,Brazil,28,1,1,2,2025,https://www.transfermarkt.com/campeonato-brasileiro-serie-a/scorerliste/wettbewerb/BRA1/saison_id/2025/altersklasse/alle/plus/1/page/9
Igor Gomes,Attacking Midfield,Clube Atlético Mineiro,Brazil,27,1,1,2,2025,https://www.transfermarkt.com/campeonato-brasileiro-serie-a/scorerliste/wettbewerb/BRA1/saison_id/2025/altersklasse/alle/plus/1/page/9
Willian Machado,Centre-Back,Mirassol Futebol Clube (SP),Brazil,29,1,1,2,2025,https://www.transfermarkt.com/campeonato-brasileiro-serie-a/scorerliste/wettbewerb/BRA1/saison_id/2025/altersklasse/alle/plus/1/page/9
Bruno Duarte,Centre-Forward,Clube de Regatas Vasco da Gama,Brazil,30,1,1,2,2025,https://www.transfermarkt.com/campeonato-brasileiro-serie-a/scorerliste/wettbewerb/BRA1/saison_id/2025/altersklasse/alle/plus/1/page/9
Zé Ricardo,Defensive Midfield,Clube do Remo (PA),Brazil,27,1,1,2,2025,https://www.transfermarkt.com/campeonato-brasileiro-serie-a/scorerliste/wettbewerb/BRA1/saison_id/2025/altersklasse/alle/plus/1/page/9
Nicolás Acevedo,Defensive Midfield,Esporte Clube Bahia,Uruguay,27,1,1,2,2025,https://www.transfermarkt.com/campeonato-brasileiro-serie-a/scorerliste/wettbewerb/BRA1/saison_id/2025/altersklasse/alle/plus/1/page/9
José Herrera,Right Winger,Red Bull Bragantino,Argentina,23,1,1,2,2025,https://www.transfermarkt.com/campeonato-brasileiro-serie-a/scorerliste/wettbewerb/BRA1/saison_id/2025/altersklasse/alle/plus/1/page/9
Juan Nardoni,Central Midfield,Grêmio Foot-Ball Porto Alegrense,Argentina,24,1,1,2,2025,https://www.transfermarkt.com/campeonato-brasileiro-serie-a/scorerliste/wettbewerb/BRA1/saison_id/2025/altersklasse/alle/plus/1/page/9
Fabinho,Right Winger,Coritiba Foot Ball Club,Brazil,26,1,1,2,2025,https://www.transfermarkt.com/campeonato-brasileiro-serie-a/scorerliste/wettbewerb/BRA1/saison_id/2025/altersklasse/alle/plus/1/page/9
Erick Noriega,Defensive Midfield,Grêmio Foot-Ball Porto Alegrense,Peru,24,1,1,2,2025,https://www.transfermarkt.com/campeonato-brasileiro-serie-a/scorerliste/wettbewerb/BRA1/saison_id/2025/altersklasse/alle/plus/1/page/9
Denilson,Central Midfield,Mirassol Futebol Clube (SP),Brazil,25,1,1,2,2025,https://www.transfermarkt.com/campeonato-brasileiro-serie-a/scorerliste/wettbewerb/BRA1/saison_id/2025/altersklasse/alle/plus/1/page/9
Lucas Villalba,Right Winger,Botafogo de Futebol e Regatas,Uruguay,25,1,1,2,2025,https://www.transfermarkt.com/campeonato-brasileiro-serie-a/scorerliste/wettbewerb/BRA1/saison_id/2025/altersklasse/alle/plus/1/page/9
Dudu,Attacking Midfield,Club Athletico Paranaense,Brazil,20,1,1,2,2025,https://www.transfermarkt.com/campeonato-brasileiro-serie-a/scorerliste/wettbewerb/BRA1/saison_id/2025/altersklasse/alle/plus/1/page/9
Kadir Barría,Centre-Forward,Botafogo de Futebol e Regatas,Panama,19,1,1,2,2025,https://www.transfermarkt.com/campeonato-brasileiro-serie-a/scorerliste/wettbewerb/BRA1/saison_id/2025/altersklasse/alle/plus/1/page/9
Renê,Left-Back,Fluminense Football Club,Brazil,34,0,2,2,2025,https://www.transfermarkt.com/campeonato-brasileiro-serie-a/scorerliste/wettbewerb/BRA1/saison_id/2025/altersklasse/alle/plus/1/page/9
Tinga,Right-Back,Coritiba Foot Ball Club,Brazil,32,0,2,2,2025,https://www.transfermarkt.com/campeonato-brasileiro-serie-a/scorerliste/wettbewerb/BRA1/saison_id/2025/altersklasse/alle/plus/1/page/9
Thiago Maia,Defensive Midfield,Sport Club Internacional,Brazil,29,0,2,2,2025,https://www.transfermarkt.com/campeonato-brasileiro-serie-a/scorerliste/wettbewerb/BRA1/saison_id/2025/altersklasse/alle/plus/1/page/9
Yeferson Soteldo,Left Winger,Fluminense Football Club,Venezuela,29,0,2,2,2025,https://www.transfermarkt.com/campeonato-brasileiro-serie-a/scorerliste/wettbewerb/BRA1/saison_id/2025/altersklasse/alle/plus/1/page/9
Ayrton Lucas,Left-Back,CR Flamengo,Brazil,29,0,2,2,2025,https://www.transfermarkt.com/campeonato-brasileiro-serie-a/scorerliste/wettbewerb/BRA1/saison_id/2025/altersklasse/alle/plus/1/page/9
Lucas Ramon,Right-Back,,Brazil,32,0,2,2,2025,https://www.transfermarkt.com/campeonato-brasileiro-serie-a/scorerliste/wettbewerb/BRA1/saison_id/2025/altersklasse/alle/plus/1/page/9
Agustín Sant'Anna,Right-Back,Red Bull Bragantino,Uruguay,28,0,2,2,2025,https://www.transfermarkt.com/campeonato-brasileiro-serie-a/scorerliste/wettbewerb/BRA1/saison_id/2025/altersklasse/alle/plus/1/page/9
Paulo Henrique,Right-Back,Clube de Regatas Vasco da Gama,Brazil,30,0,2,2,2025,https://www.transfermarkt.com/campeonato-brasileiro-serie-a/scorerliste/wettbewerb/BRA1/saison_id/2025/altersklasse/alle/plus/1/page/9
Luan Cândido,Left-Back,Esporte Clube Vitória,Brazil,25,0,2,2,2025,https://www.transfermarkt.com/campeonato-brasileiro-serie-a/scorerliste/wettbewerb/BRA1/saison_id/2025/altersklasse/alle/plus/1/page/10
Guga,Right-Back,Fluminense Football Club,Brazil,28,0,2,2,2025,https://www.transfermarkt.com/campeonato-brasileiro-serie-a/scorerliste/wettbewerb/BRA1/saison_id/2025/altersklasse/alle/plus/1/page/10
Patrick de Paula,Defensive Midfield,,Brazil,26,0,2,2,2025,https://www.transfermarkt.com/campeonato-brasileiro-serie-a/scorerliste/wettbewerb/BRA1/saison_id/2025/altersklasse/alle/plus/1/page/10
Matheus Bahia,Left-Back,,Brazil,27,0,2,2,2025,https://www.transfermarkt.com/campeonato-brasileiro-serie-a/scorerliste/wettbewerb/BRA1/saison_id/2025/altersklasse/alle/plus/1/page/10
Luciano Rodríguez,Centre-Forward,Cruzeiro Esporte Clube,Uruguay,23,0,2,2,2025,https://www.transfermarkt.com/campeonato-brasileiro-serie-a/scorerliste/wettbewerb/BRA1/saison_id/2025/altersklasse/alle/plus/1/page/10
Damián Bobadilla,Central Midfield,São Paulo Futebol Clube,Paraguay,25,0,2,2,2025,https://www.transfermarkt.com/campeonato-brasileiro-serie-a/scorerliste/wettbewerb/BRA1/saison_id/2025/altersklasse/alle/plus/1/page/10
Kaiki,Left-Back,Cruzeiro Esporte Clube,Brazil,23,0,2,2,2025,https://www.transfermarkt.com/campeonato-brasileiro-serie-a/scorerliste/wettbewerb/BRA1/saison_id/2025/altersklasse/alle/plus/1/page/10
JP Chermont,Right-Back,,Brazil,20,0,2,2,2025,https://www.transfermarkt.com/campeonato-brasileiro-serie-a/scorerliste/wettbewerb/BRA1/saison_id/2025/altersklasse/alle/plus/1/page/10
Kauan Toledo,Right Winger,Botafogo de Futebol e Regatas,Brazil,20,0,2,2,2025,https://www.transfermarkt.com/campeonato-brasileiro-serie-a/scorerliste/wettbewerb/BRA1/saison_id/2025/altersklasse/alle/plus/1/page/10
Gabriel Mercado,Centre-Back,Sport Club Internacional,Argentina,39,1,0,1,2025,https://www.transfermarkt.com/campeonato-brasileiro-serie-a/scorerliste/wettbewerb/BRA1/saison_id/2025/altersklasse/alle/plus/1/page/10
Germán Cano,Centre-Forward,Fluminense Football Club,Argentina,38,1,0,1,2025,https://www.transfermarkt.com/campeonato-brasileiro-serie-a/scorerliste/wettbewerb/BRA1/saison_id/2025/altersklasse/alle/plus/1/page/10
Philippe Coutinho,Attacking Midfield,,Brazil,33,1,0,1,2025,https://www.transfermarkt.com/campeonato-brasileiro-serie-a/scorerliste/wettbewerb/BRA1/saison_id/2025/altersklasse/alle/plus/1/page/10
Gabriel Paulista,Centre-Back,Sport Club Corinthians Paulista,Brazil,35,1,0,1,2025,https://www.transfermarkt.com/campeonato-brasileiro-serie-a/scorerliste/wettbewerb/BRA1/saison_id/2025/altersklasse/alle/plus/1/page/10
Cauly,Attacking Midfield,,Brazil,30,1,0,1,2025,https://www.transfermarkt.com/campeonato-brasileiro-serie-a/scorerliste/wettbewerb/BRA1/saison_id/2025/altersklasse/alle/plus/1/page/10
Eduardo Sasha,Centre-Forward,Red Bull Bragantino,Brazil,34,1,0,1,2025,https://www.transfermarkt.com/campeonato-brasileiro-serie-a/scorerliste/wettbewerb/BRA1/saison_id/2025/altersklasse/alle/plus/1/page/10
Memphis Depay,Centre-Forward,Sport Club Corinthians Paulista,Netherlands,32,1,0,1,2025,https://www.transfermarkt.com/campeonato-brasileiro-serie-a/scorerliste/wettbewerb/BRA1/saison_id/2025/altersklasse/alle/plus/1/page/10
Willian Arão,Defensive Midfield,Santos FC,Brazil,34,1,0,1,2025,https://www.transfermarkt.com/campeonato-brasileiro-serie-a/scorerliste/wettbewerb/BRA1/saison_id/2025/altersklasse/alle/plus/1/page/10
Matheus Dória,Centre-Back,São Paulo Futebol Clube,Brazil,31,1,0,1,2025,https://www.transfermarkt.com/campeonato-brasileiro-serie-a/scorerliste/wettbewerb/BRA1/saison_id/2025/altersklasse/alle/plus/1/page/10
Fabrizio Angileri,Left-Back,Sport Club Corinthians Paulista,Argentina,32,1,0,1,2025,https://www.transfermarkt.com/campeonato-brasileiro-serie-a/scorerliste/wettbewerb/BRA1/saison_id/2025/altersklasse/alle/plus/1/page/10
João Pedro,Centre-Forward,Clube do Remo (PA),Guinea-Bissau,29,1,0,1,2025,https://www.transfermarkt.com/campeonato-brasileiro-serie-a/scorerliste/wettbewerb/BRA1/saison_id/2025/altersklasse/alle/plus/1/page/10
Pedro Henrique,Centre-Back,Red Bull Bragantino,Brazil,30,1,0,1,2025,https://www.transfermarkt.com/campeonato-brasileiro-serie-a/scorerliste/wettbewerb/BRA1/saison_id/2025/altersklasse/alle/plus/1/page/10
Gustavo Scarpa,Attacking Midfield,Clube Atlético Mineiro,Brazil,32,1,0,1,2025,https://www.transfermarkt.com/campeonato-brasileiro-serie-a/scorerliste/wettbewerb/BRA1/saison_id/2025/altersklasse/alle/plus/1/page/10
Luan Peres,Centre-Back,Santos FC,Brazil,32,1,0,1,2025,https://www.transfermarkt.com/campeonato-brasileiro-serie-a/scorerliste/wettbewerb/BRA1/saison_id/2025/altersklasse/alle/plus/1/page/10
Rony,Centre-Forward,,Brazil,31,1,0,1,2025,https://www.transfermarkt.com/campeonato-brasileiro-serie-a/scorerliste/wettbewerb/BRA1/saison_id/2025/altersklasse/alle/plus/1/page/10
Ronaldo,Defensive Midfield,Sport Club Internacional,Brazil,29,1,0,1,2025,https://www.transfermarkt.com/campeonato-brasileiro-serie-a/scorerliste/wettbewerb/BRA1/saison_id/2025/altersklasse/alle/plus/1/page/10
Japa,Central Midfield,,Brazil,22,1,0,1,2025,https://www.transfermarkt.com/campeonato-brasileiro-serie-a/scorerliste/wettbewerb/BRA1/saison_id/2025/altersklasse/alle/plus/1/page/11
Mathías Villasanti,Defensive Midfield,Grêmio Foot-Ball Porto Alegrense,Paraguay,29,1,0,1,2025,https://www.transfermarkt.com/campeonato-brasileiro-serie-a/scorerliste/wettbewerb/BRA1/saison_id/2025/altersklasse/alle/plus/1/page/11
Nahuel Ferraresi,Centre-Back,,Venezuela,27,1,0,1,2025,https://www.transfermarkt.com/campeonato-brasileiro-serie-a/scorerliste/wettbewerb/BRA1/saison_id/2025/altersklasse/alle/plus/1/page/11
Félix Torres,Centre-Back,Sport Club Internacional,Ecuador,29,1,0,1,2025,https://www.transfermarkt.com/campeonato-brasileiro-serie-a/scorerliste/wettbewerb/BRA1/saison_id/2025/altersklasse/alle/plus/1/page/11
Claudio Spinelli,Centre-Forward,Clube de Regatas Vasco da Gama,Argentina,29,1,0,1,2025,https://www.transfermarkt.com/campeonato-brasileiro-serie-a/scorerliste/wettbewerb/BRA1/saison_id/2025/altersklasse/alle/plus/1/page/11
Luis Sinisterra,Left Winger,Cruzeiro Esporte Clube,Colombia,27,1,0,1,2025,https://www.transfermarkt.com/campeonato-brasileiro-serie-a/scorerliste/wettbewerb/BRA1/saison_id/2025/altersklasse/alle/plus/1/page/11
Iago,Left-Back,,Brazil,29,1,0,1,2025,https://www.transfermarkt.com/campeonato-brasileiro-serie-a/scorerliste/wettbewerb/BRA1/saison_id/2025/altersklasse/alle/plus/1/page/11
André Luis,Centre-Forward,Mirassol Futebol Clube (SP),Brazil,32,1,0,1,2025,https://www.transfermarkt.com/campeonato-brasileiro-serie-a/scorerliste/wettbewerb/BRA1/saison_id/2025/altersklasse/alle/plus/1/page/11
Pedro Raul,Centre-Forward,Sport Club Corinthians Paulista,Brazil,29,1,0,1,2025,https://www.transfermarkt.com/campeonato-brasileiro-serie-a/scorerliste/wettbewerb/BRA1/saison_id/2025/altersklasse/alle/plus/1/page/11
Juan Felipe Aguirre,Centre-Back,Club Athletico Paranaense,Colombia,30,1,0,1,2025,https://www.transfermarkt.com/campeonato-brasileiro-serie-a/scorerliste/wettbewerb/BRA1/saison_id/2025/altersklasse/alle/plus/1/page/11
Júnior Santos,Right Winger,,Brazil,31,1,0,1,2025,https://www.transfermarkt.com/campeonato-brasileiro-serie-a/scorerliste/wettbewerb/BRA1/saison_id/2025/altersklasse/alle/plus/1/page/11
Lucas Oliveira,Centre-Back,Mirassol Futebol Clube (SP),Brazil,30,1,0,1,2025,https://www.transfermarkt.com/campeonato-brasileiro-serie-a/scorerliste/wettbewerb/BRA1/saison_id/2025/altersklasse/alle/plus/1/page/11
Jacy,Centre-Back,Coritiba Foot Ball Club,Brazil,29,1,0,1,2025,https://www.transfermarkt.com/campeonato-brasileiro-serie-a/scorerliste/wettbewerb/BRA1/saison_id/2025/altersklasse/alle/plus/1/page/11
Adonis Frías,Centre-Back,Santos FC,Argentina,28,1,0,1,2025,https://www.transfermarkt.com/campeonato-brasileiro-serie-a/scorerliste/wettbewerb/BRA1/saison_id/2025/altersklasse/alle/plus/1/page/11
Cacá,Centre-Back,,Brazil,27,1,0,1,2025,https://www.transfermarkt.com/campeonato-brasileiro-serie-a/scorerliste/wettbewerb/BRA1/saison_id/2025/altersklasse/alle/plus/1/page/11
Gabriel Menino,Right-Back,Santos FC,Brazil,25,1,0,1,2025,https://www.transfermarkt.com/campeonato-brasileiro-serie-a/scorerliste/wettbewerb/BRA1/saison_id/2025/altersklasse/alle/plus/1/page/11
Gustavo Silva,Right Winger,Mirassol Futebol Clube (SP),Brazil,29,1,0,1,2025,https://www.transfermarkt.com/campeonato-brasileiro-serie-a/scorerliste/wettbewerb/BRA1/saison_id/2025/altersklasse/alle/plus/1/page/11
Hugo Moura,Defensive Midfield,Clube de Regatas Vasco da Gama,Brazil,28,1,0,1,2025,https://www.transfermarkt.com/campeonato-brasileiro-serie-a/scorerliste/wettbewerb/BRA1/saison_id/2025/altersklasse/alle/plus/1/page/11
Higor Meritão,Defensive Midfield,Associação Chapecoense de Futebol,Brazil,31,1,0,1,2025,https://www.transfermarkt.com/campeonato-brasileiro-serie-a/scorerliste/wettbewerb/BRA1/saison_id/2025/altersklasse/alle/plus/1/page/11
Cristian Medina,Central Midfield,Botafogo de Futebol e Regatas,Argentina,24,1,0,1,2025,https://www.transfermarkt.com/campeonato-brasileiro-serie-a/scorerliste/wettbewerb/BRA1/saison_id/2025/altersklasse/alle/plus/1/page/11
José Andrés Hurtado,Right-Back,Red Bull Bragantino,Ecuador,24,1,0,1,2025,https://www.transfermarkt.com/campeonato-brasileiro-serie-a/scorerliste/wettbewerb/BRA1/saison_id/2025/altersklasse/alle/plus/1/page/11
Dudu,Defensive Midfield,Esporte Clube Vitória,Brazil,26,1,0,1,2025,https://www.transfermarkt.com/campeonato-brasileiro-serie-a/scorerliste/wettbewerb/BRA1/saison_id/2025/altersklasse/alle/plus/1/page/11
Doma,Centre-Back,Associação Chapecoense de Futebol,Brazil,28,1,0,1,2025,https://www.transfermarkt.com/campeonato-brasileiro-serie-a/scorerliste/wettbewerb/BRA1/saison_id/2025/altersklasse/alle/plus/1/page/11
Lautaro Díaz,Centre-Forward,Santos FC,Argentina,28,1,0,1,2025,https://www.transfermarkt.com/campeonato-brasileiro-serie-a/scorerliste/wettbewerb/BRA1/saison_id/2025/altersklasse/alle/plus/1/page/11
João Paulo,Centre-Back,Associação Chapecoense de Futebol,Brazil,28,1,0,1,2025,https://www.transfermarkt.com/campeonato-brasileiro-serie-a/scorerliste/wettbewerb/BRA1/saison_id/2025/altersklasse/alle/plus/1/page/11
Ênio,Left Winger,Associação Chapecoense de Futebol,Brazil,25,1,0,1,2025,https://www.transfermarkt.com/campeonato-brasileiro-serie-a/scorerliste/wettbewerb/BRA1/saison_id/2025/altersklasse/alle/plus/1/page/12
Thiago Borbas,Centre-Forward,,Uruguay,24,1,0,1,2025,https://www.transfermarkt.com/campeonato-brasileiro-serie-a/scorerliste/wettbewerb/BRA1/saison_id/2025/altersklasse/alle/plus/1/page/12
João Marcelo,Centre-Back,Cruzeiro Esporte Clube,Brazil,26,1,0,1,2025,https://www.transfermarkt.com/campeonato-brasileiro-serie-a/scorerliste/wettbewerb/BRA1/saison_id/2025/altersklasse/alle/plus/1/page/12
Lucas Freitas,Centre-Back,Clube de Regatas Vasco da Gama,Brazil,25,1,0,1,2025,https://www.transfermarkt.com/campeonato-brasileiro-serie-a/scorerliste/wettbewerb/BRA1/saison_id/2025/altersklasse/alle/plus/1/page/12
Zé Vitor,Central Midfield,Esporte Clube Vitória,Brazil,26,1,0,1,2025,https://www.transfermarkt.com/campeonato-brasileiro-serie-a/scorerliste/wettbewerb/BRA1/saison_id/2025/altersklasse/alle/plus/1/page/12
Pablo Maia,Defensive Midfield,São Paulo Futebol Clube,Brazil,24,1,0,1,2025,https://www.transfermarkt.com/campeonato-brasileiro-serie-a/scorerliste/wettbewerb/BRA1/saison_id/2025/altersklasse/alle/plus/1/page/12
Viery,Centre-Back,Grêmio Foot-Ball Porto Alegrense,Brazil,21,1,0,1,2025,https://www.transfermarkt.com/campeonato-brasileiro-serie-a/scorerliste/wettbewerb/BRA1/saison_id/2025/altersklasse/alle/plus/1/page/12
Robert Renan,Centre-Back,Clube de Regatas Vasco da Gama,Brazil,22,1,0,1,2025,https://www.transfermarkt.com/campeonato-brasileiro-serie-a/scorerliste/wettbewerb/BRA1/saison_id/2025/altersklasse/alle/plus/1/page/12
Gustavo Marques,Centre-Back,Red Bull Bragantino,Brazil,24,1,0,1,2025,https://www.transfermarkt.com/campeonato-brasileiro-serie-a/scorerliste/wettbewerb/BRA1/saison_id/2025/altersklasse/alle/plus/1/page/12
Alan Lescano,Attacking Midfield,Clube de Regatas Vasco da Gama,Argentina,24,1,0,1,2025,https://www.transfermarkt.com/campeonato-brasileiro-serie-a/scorerliste/wettbewerb/BRA1/saison_id/2025/altersklasse/alle/plus/1/page/12
Rubens,Right Winger,Associação Chapecoense de Futebol,Brazil,23,1,0,1,2025,https://www.transfermarkt.com/campeonato-brasileiro-serie-a/scorerliste/wettbewerb/BRA1/saison_id/2025/altersklasse/alle/plus/1/page/12
João Pedro Tchoca,Centre-Back,Sport Club Corinthians Paulista,Brazil,22,1,0,1,2025,https://www.transfermarkt.com/campeonato-brasileiro-serie-a/scorerliste/wettbewerb/BRA1/saison_id/2025/altersklasse/alle/plus/1/page/12
Wesley,Left Winger,Cruzeiro Esporte Clube,Brazil,21,1,0,1,2025,https://www.transfermarkt.com/campeonato-brasileiro-serie-a/scorerliste/wettbewerb/BRA1/saison_id/2025/altersklasse/alle/plus/1/page/12
Lorran,Attacking Midfield,CR Flamengo,Brazil,20,1,0,1,2025,https://www.transfermarkt.com/campeonato-brasileiro-serie-a/scorerliste/wettbewerb/BRA1/saison_id/2025/altersklasse/alle/plus/1/page/12
Jorge Rivaldo,Centre-Forward,Club Athletico Paranaense,Colombia,22,1,0,1,2025,https://www.transfermarkt.com/campeonato-brasileiro-serie-a/scorerliste/wettbewerb/BRA1/saison_id/2025/altersklasse/alle/plus/1/page/12
Jordan Barrera,Attacking Midfield,Botafogo de Futebol e Regatas,Colombia,20,1,0,1,2025,https://www.transfermarkt.com/campeonato-brasileiro-serie-a/scorerliste/wettbewerb/BRA1/saison_id/2025/altersklasse/alle/plus/1/page/12
Diego Caito,Right-Back,Grêmio Foot-Ball Porto Alegrense,Brazil,22,1,0,1,2025,https://www.transfermarkt.com/campeonato-brasileiro-serie-a/scorerliste/wettbewerb/BRA1/saison_id/2025/altersklasse/alle/plus/1/page/12
Gustavo Santana,Centre-Forward,São Paulo Futebol Clube,Brazil,21,1,0,1,2025,https://www.transfermarkt.com/campeonato-brasileiro-serie-a/scorerliste/wettbewerb/BRA1/saison_id/2025/altersklasse/alle/plus/1/page/12
Iván Román,Centre-Back,Clube Atlético Mineiro,Chile,19,1,0,1,2025,https://www.transfermarkt.com/campeonato-brasileiro-serie-a/scorerliste/wettbewerb/BRA1/saison_id/2025/altersklasse/alle/plus/1/page/12
Gabriel Justino,Centre-Back,Botafogo de Futebol e Regatas,Brazil,20,1,0,1,2025,https://www.transfermarkt.com/campeonato-brasileiro-serie-a/scorerliste/wettbewerb/BRA1/saison_id/2025/altersklasse/alle/plus/1/page/12
Wallace,Centre-Back,Grêmio Foot-Ball Porto Alegrense,Brazil,21,1,0,1,2025,https://www.transfermarkt.com/campeonato-brasileiro-serie-a/scorerliste/wettbewerb/BRA1/saison_id/2025/altersklasse/alle/plus/1/page/12
Arthur Dias,Centre-Back,Club Athletico Paranaense,Brazil,19,1,0,1,2025,https://www.transfermarkt.com/campeonato-brasileiro-serie-a/scorerliste/wettbewerb/BRA1/saison_id/2025/altersklasse/alle/plus/1/page/12
Román Gómez,Right-Back,Esporte Clube Bahia,Argentina,22,1,0,1,2025,https://www.transfermarkt.com/campeonato-brasileiro-serie-a/scorerliste/wettbewerb/BRA1/saison_id/2025/altersklasse/alle/plus/1/page/12
Kaique Kenji,Left Winger,Cruzeiro Esporte Clube,Brazil,20,1,0,1,2025,https://www.transfermarkt.com/campeonato-brasileiro-serie-a/scorerliste/wettbewerb/BRA1/saison_id/2025/altersklasse/alle/plus/1/page/12
Dieguinho,Right Winger,Sport Club Corinthians Paulista,Brazil,18,1,0,1,2025,https://www.transfermarkt.com/campeonato-brasileiro-serie-a/scorerliste/wettbewerb/BRA1/saison_id/2025/altersklasse/alle/plus/1/page/12
Gui Negão,Centre-Forward,Sport Club Corinthians Paulista,Brazil,19,1,0,1,2025,https://www.transfermarkt.com/campeonato-brasileiro-serie-a/scorerliste/wettbewerb/BRA1/saison_id/2025/altersklasse/alle/plus/1/page/13
Vitão,Centre-Back,Clube Atlético Mineiro,Brazil,18,1,0,1,2025,https://www.transfermarkt.com/campeonato-brasileiro-serie-a/scorerliste/wettbewerb/BRA1/saison_id/2025/altersklasse/alle/plus/1/page/13
Felipe Morais,Attacking Midfield,Cruzeiro Esporte Clube,Brazil,18,1,0,1,2025,https://www.transfermarkt.com/campeonato-brasileiro-serie-a/scorerliste/wettbewerb/BRA1/saison_id/2025/altersklasse/alle/plus/1/page/13
Huguinho,Defensive Midfield,Botafogo de Futebol e Regatas,Brazil,19,1,0,1,2025,https://www.transfermarkt.com/campeonato-brasileiro-serie-a/scorerliste/wettbewerb/BRA1/saison_id/2025/altersklasse/alle/plus/1/page/13
Mamady Cissé,Central Midfield,Clube Atlético Mineiro,Guinea,19,1,0,1,2025,https://www.transfermarkt.com/campeonato-brasileiro-serie-a/scorerliste/wettbewerb/BRA1/saison_id/2025/altersklasse/alle/plus/1/page/13
Lucas Emanuel,Centre-Forward,Botafogo de Futebol e Regatas,Brazil,17,1,0,1,2025,https://www.transfermarkt.com/campeonato-brasileiro-serie-a/scorerliste/wettbewerb/BRA1/saison_id/2025/altersklasse/alle/plus/1/page/13
Ganso,Attacking Midfield,Fluminense Football Club,Brazil,36,0,1,1,2025,https://www.transfermarkt.com/campeonato-brasileiro-serie-a/scorerliste/wettbewerb/BRA1/saison_id/2025/altersklasse/alle/plus/1/page/13
Weverton,Goalkeeper,Grêmio Foot-Ball Porto Alegrense,Brazil,38,0,1,1,2025,https://www.transfermarkt.com/campeonato-brasileiro-serie-a/scorerliste/wettbewerb/BRA1/saison_id/2025/altersklasse/alle/plus/1/page/13
Everson,Goalkeeper,Clube Atlético Mineiro,Brazil,36,0,1,1,2025,https://www.transfermarkt.com/campeonato-brasileiro-serie-a/scorerliste/wettbewerb/BRA1/saison_id/2025/altersklasse/alle/plus/1/page/13
André Carrillo,Central Midfield,Sport Club Corinthians Paulista,Peru,35,0,1,1,2025,https://www.transfermarkt.com/campeonato-brasileiro-serie-a/scorerliste/wettbewerb/BRA1/saison_id/2025/altersklasse/alle/plus/1/page/13
Jesse Lingard,Attacking Midfield,Sport Club Corinthians Paulista,England,33,0,1,1,2025,https://www.transfermarkt.com/campeonato-brasileiro-serie-a/scorerliste/wettbewerb/BRA1/saison_id/2025/altersklasse/alle/plus/1/page/13
Saúl Ñíguez,Central Midfield,CR Flamengo,Spain,31,0,1,1,2025,https://www.transfermarkt.com/campeonato-brasileiro-serie-a/scorerliste/wettbewerb/BRA1/saison_id/2025/altersklasse/alle/plus/1/page/13
Gabriel Pires,Defensive Midfield,Mirassol Futebol Clube (SP),Brazil,32,0,1,1,2025,https://www.transfermarkt.com/campeonato-brasileiro-serie-a/scorerliste/wettbewerb/BRA1/saison_id/2025/altersklasse/alle/plus/1/page/13
Jádson,Central Midfield,Club Athletico Paranaense,Brazil,33,0,1,1,2025,https://www.transfermarkt.com/campeonato-brasileiro-serie-a/scorerliste/wettbewerb/BRA1/saison_id/2025/altersklasse/alle/plus/1/page/13
Joaquín Correa,Second Striker,Botafogo de Futebol e Regatas,Argentina,31,0,1,1,2025,https://www.transfermarkt.com/campeonato-brasileiro-serie-a/scorerliste/wettbewerb/BRA1/saison_id/2025/altersklasse/alle/plus/1/page/13
Alisson,Central Midfield,,Brazil,32,0,1,1,2025,https://www.transfermarkt.com/campeonato-brasileiro-serie-a/scorerliste/wettbewerb/BRA1/saison_id/2025/altersklasse/alle/plus/1/page/13
Gilberto,Right-Back,,Brazil,33,0,1,1,2025,https://www.transfermarkt.com/campeonato-brasileiro-serie-a/scorerliste/wettbewerb/BRA1/saison_id/2025/altersklasse/alle/plus/1/page/13
Lucas Evangelista,Central Midfield,Sociedade Esportiva Palmeiras,Brazil,31,0,1,1,2025,https://www.transfermarkt.com/campeonato-brasileiro-serie-a/scorerliste/wettbewerb/BRA1/saison_id/2025/altersklasse/alle/plus/1/page/13
Kevin Ramírez,Left Winger,Associação Chapecoense de Futebol,Uruguay,32,0,1,1,2025,https://www.transfermarkt.com/campeonato-brasileiro-serie-a/scorerliste/wettbewerb/BRA1/saison_id/2025/altersklasse/alle/plus/1/page/13
Yago Felipe,Central Midfield,Associação Chapecoense de Futebol,Brazil,31,0,1,1,2025,https://www.transfermarkt.com/campeonato-brasileiro-serie-a/scorerliste/wettbewerb/BRA1/saison_id/2025/altersklasse/alle/plus/1/page/13
Matheus Fernandes,Defensive Midfield,Red Bull Bragantino,Brazil,28,0,1,1,2025,https://www.transfermarkt.com/campeonato-brasileiro-serie-a/scorerliste/wettbewerb/BRA1/saison_id/2025/altersklasse/alle/plus/1/page/13
Victor Sá,Left Winger,São Paulo Futebol Clube,Brazil,32,0,1,1,2025,https://www.transfermarkt.com/campeonato-brasileiro-serie-a/scorerliste/wettbewerb/BRA1/saison_id/2025/altersklasse/alle/plus/1/page/13
Allan,Defensive Midfield,,Brazil,29,0,1,1,2025,https://www.transfermarkt.com/campeonato-brasileiro-serie-a/scorerliste/wettbewerb/BRA1/saison_id/2025/altersklasse/alle/plus/1/page/13
Alan Franco,Central Midfield,Clube Atlético Mineiro,Ecuador,28,0,1,1,2025,https://www.transfermarkt.com/campeonato-brasileiro-serie-a/scorerliste/wettbewerb/BRA1/saison_id/2025/altersklasse/alle/plus/1/page/13
Lucas Veríssimo,Centre-Back,Santos FC,Brazil,31,0,1,1,2025,https://www.transfermarkt.com/campeonato-brasileiro-serie-a/scorerliste/wettbewerb/BRA1/saison_id/2025/altersklasse/alle/plus/1/page/13
Gonzalo Escobar,Left-Back,Santos FC,Argentina,29,0,1,1,2025,https://www.transfermarkt.com/campeonato-brasileiro-serie-a/scorerliste/wettbewerb/BRA1/saison_id/2025/altersklasse/alle/plus/1/page/14
Angelo Preciado,Right-Back,Clube Atlético Mineiro,Ecuador,28,0,1,1,2025,https://www.transfermarkt.com/campeonato-brasileiro-serie-a/scorerliste/wettbewerb/BRA1/saison_id/2025/altersklasse/alle/plus/1/page/14
Carlos Cuesta,Centre-Back,Clube de Regatas Vasco da Gama,Colombia,27,0,1,1,2025,https://www.transfermarkt.com/campeonato-brasileiro-serie-a/scorerliste/wettbewerb/BRA1/saison_id/2025/altersklasse/alle/plus/1/page/14
Emerson Royal,Right-Back,CR Flamengo,Brazil,27,0,1,1,2025,https://www.transfermarkt.com/campeonato-brasileiro-serie-a/scorerliste/wettbewerb/BRA1/saison_id/2025/altersklasse/alle/plus/1/page/14
Dudu,Right-Back,,Brazil,29,0,1,1,2025,https://www.transfermarkt.com/campeonato-brasileiro-serie-a/scorerliste/wettbewerb/BRA1/saison_id/2025/altersklasse/alle/plus/1/page/14
Michel Araújo,Right Winger,Esporte Clube Bahia,Uruguay,29,0,1,1,2025,https://www.transfermarkt.com/campeonato-brasileiro-serie-a/scorerliste/wettbewerb/BRA1/saison_id/2025/altersklasse/alle/plus/1/page/14
Tchamba,Centre-Back,Clube do Remo (PA),Cameroon,28,0,1,1,2025,https://www.transfermarkt.com/campeonato-brasileiro-serie-a/scorerliste/wettbewerb/BRA1/saison_id/2025/altersklasse/alle/plus/1/page/14
Danilo,Centre-Forward,Botafogo de Futebol e Regatas,Brazil,27,0,1,1,2025,https://www.transfermarkt.com/campeonato-brasileiro-serie-a/scorerliste/wettbewerb/BRA1/saison_id/2025/altersklasse/alle/plus/1/page/14
Enzo Díaz,Left-Back,São Paulo Futebol Clube,Argentina,30,0,1,1,2025,https://www.transfermarkt.com/campeonato-brasileiro-serie-a/scorerliste/wettbewerb/BRA1/saison_id/2025/altersklasse/alle/plus/1/page/14
Igor Vinícius,Right-Back,Santos FC,Brazil,29,0,1,1,2025,https://www.transfermarkt.com/campeonato-brasileiro-serie-a/scorerliste/wettbewerb/BRA1/saison_id/2025/altersklasse/alle/plus/1/page/14
Matheus Henrique,Central Midfield,Cruzeiro Esporte Clube,Brazil,28,0,1,1,2025,https://www.transfermarkt.com/campeonato-brasileiro-serie-a/scorerliste/wettbewerb/BRA1/saison_id/2025/altersklasse/alle/plus/1/page/14
Chico da Costa,Centre-Forward,Cruzeiro Esporte Clube,Brazil,31,0,1,1,2025,https://www.transfermarkt.com/campeonato-brasileiro-serie-a/scorerliste/wettbewerb/BRA1/saison_id/2025/altersklasse/alle/plus/1/page/14
Sebastián Gómez,Central Midfield,Coritiba Foot Ball Club,Colombia,30,0,1,1,2025,https://www.transfermarkt.com/campeonato-brasileiro-serie-a/scorerliste/wettbewerb/BRA1/saison_id/2025/altersklasse/alle/plus/1/page/14
Marcos Vinícius,Right-Back,Associação Chapecoense de Futebol,Brazil,29,0,1,1,2025,https://www.transfermarkt.com/campeonato-brasileiro-serie-a/scorerliste/wettbewerb/BRA1/saison_id/2025/altersklasse/alle/plus/1/page/14
Mayk,Left-Back,Clube do Remo (PA),Brazil,26,0,1,1,2025,https://www.transfermarkt.com/campeonato-brasileiro-serie-a/scorerliste/wettbewerb/BRA1/saison_id/2025/altersklasse/alle/plus/1/page/14
Fabri,Centre-Forward,Esporte Clube Vitória,Brazil,25,0,1,1,2025,https://www.transfermarkt.com/campeonato-brasileiro-serie-a/scorerliste/wettbewerb/BRA1/saison_id/2025/altersklasse/alle/plus/1/page/14
Aldo Filho,Central Midfield,Mirassol Futebol Clube (SP),Brazil,28,0,1,1,2025,https://www.transfermarkt.com/campeonato-brasileiro-serie-a/scorerliste/wettbewerb/BRA1/saison_id/2025/altersklasse/alle/plus/1/page/14
Lucas Arcanjo,Goalkeeper,Esporte Clube Vitória,Brazil,28,0,1,1,2025,https://www.transfermarkt.com/campeonato-brasileiro-serie-a/scorerliste/wettbewerb/BRA1/saison_id/2025/altersklasse/alle/plus/1/page/14
Khellven,Right-Back,Sociedade Esportiva Palmeiras,Brazil,25,0,1,1,2025,https://www.transfermarkt.com/campeonato-brasileiro-serie-a/scorerliste/wettbewerb/BRA1/saison_id/2025/altersklasse/alle/plus/1/page/14
Lucas Piton,Left-Back,Clube de Regatas Vasco da Gama,Italy,25,0,1,1,2025,https://www.transfermarkt.com/campeonato-brasileiro-serie-a/scorerliste/wettbewerb/BRA1/saison_id/2025/altersklasse/alle/plus/1/page/14
Heitor,Right-Back,Associação Chapecoense de Futebol,Brazil,25,0,1,1,2025,https://www.transfermarkt.com/campeonato-brasileiro-serie-a/scorerliste/wettbewerb/BRA1/saison_id/2025/altersklasse/alle/plus/1/page/14
Bruno Zapelli,Attacking Midfield,Club Athletico Paranaense,Argentina,24,0,1,1,2025,https://www.transfermarkt.com/campeonato-brasileiro-serie-a/scorerliste/wettbewerb/BRA1/saison_id/2025/altersklasse/alle/plus/1/page/14
Natanael,Right-Back,Clube Atlético Mineiro,Brazil,24,0,1,1,2025,https://www.transfermarkt.com/campeonato-brasileiro-serie-a/scorerliste/wettbewerb/BRA1/saison_id/2025/altersklasse/alle/plus/1/page/14
Diego Hernández,Left Winger,Clube do Remo (PA),Uruguay,25,0,1,1,2025,https://www.transfermarkt.com/campeonato-brasileiro-serie-a/scorerliste/wettbewerb/BRA1/saison_id/2025/altersklasse/alle/plus/1/page/14
Jefté,Left-Back,Sociedade Esportiva Palmeiras,Brazil,22,0,1,1,2025,https://www.transfermarkt.com/campeonato-brasileiro-serie-a/scorerliste/wettbewerb/BRA1/saison_id/2025/altersklasse/alle/plus/1/page/14
Mateo Ponte,Right-Back,Botafogo de Futebol e Regatas,Uruguay,23,0,1,1,2025,https://www.transfermarkt.com/campeonato-brasileiro-serie-a/scorerliste/wettbewerb/BRA1/saison_id/2025/altersklasse/alle/plus/1/page/15
Everton,Right-Back,Associação Chapecoense de Futebol,Brazil,31,0,1,1,2025,https://www.transfermarkt.com/campeonato-brasileiro-serie-a/scorerliste/wettbewerb/BRA1/saison_id/2025/altersklasse/alle/plus/1/page/15
Mateus Silva,Right-Back,Esporte Clube Vitória,Brazil,27,0,1,1,2025,https://www.transfermarkt.com/campeonato-brasileiro-serie-a/scorerliste/wettbewerb/BRA1/saison_id/2025/altersklasse/alle/plus/1/page/15
Matheus Cunha,Goalkeeper,,Brazil,25,0,1,1,2025,https://www.transfermarkt.com/campeonato-brasileiro-serie-a/scorerliste/wettbewerb/BRA1/saison_id/2025/altersklasse/alle/plus/1/page/15
Nathan Mendes,Right-Back,Esporte Clube Vitória,Brazil,23,0,1,1,2025,https://www.transfermarkt.com/campeonato-brasileiro-serie-a/scorerliste/wettbewerb/BRA1/saison_id/2025/altersklasse/alle/plus/1/page/15
Evertton Araújo,Defensive Midfield,CR Flamengo,Brazil,23,0,1,1,2025,https://www.transfermarkt.com/campeonato-brasileiro-serie-a/scorerliste/wettbewerb/BRA1/saison_id/2025/altersklasse/alle/plus/1/page/15
Johan Rojas,Attacking Midfield,Clube de Regatas Vasco da Gama,Colombia,23,0,1,1,2025,https://www.transfermarkt.com/campeonato-brasileiro-serie-a/scorerliste/wettbewerb/BRA1/saison_id/2025/altersklasse/alle/plus/1/page/15
Alan Saldivia,Centre-Back,Clube de Regatas Vasco da Gama,Uruguay,24,0,1,1,2025,https://www.transfermarkt.com/campeonato-brasileiro-serie-a/scorerliste/wettbewerb/BRA1/saison_id/2025/altersklasse/alle/plus/1/page/15
Wallace Yan,Centre-Forward,,Brazil,21,0,1,1,2025,https://www.transfermarkt.com/campeonato-brasileiro-serie-a/scorerliste/wettbewerb/BRA1/saison_id/2025/altersklasse/alle/plus/1/page/15
Nathan Fernandes,Right Winger,Botafogo de Futebol e Regatas,Brazil,21,0,1,1,2025,https://www.transfermarkt.com/campeonato-brasileiro-serie-a/scorerliste/wettbewerb/BRA1/saison_id/2025/altersklasse/alle/plus/1/page/15
Marcelinho Braz,Attacking Midfield,Red Bull Bragantino,Brazil,21,0,1,1,2025,https://www.transfermarkt.com/campeonato-brasileiro-serie-a/scorerliste/wettbewerb/BRA1/saison_id/2025/altersklasse/alle/plus/1/page/15
Dantas,Centre-Back,Club Athletico Paranaense,Brazil,22,0,1,1,2025,https://www.transfermarkt.com/campeonato-brasileiro-serie-a/scorerliste/wettbewerb/BRA1/saison_id/2025/altersklasse/alle/plus/1/page/15
Jemmes,Centre-Back,Fluminense Football Club,Brazil,26,0,1,1,2025,https://www.transfermarkt.com/campeonato-brasileiro-serie-a/scorerliste/wettbewerb/BRA1/saison_id/2025/altersklasse/alle/plus/1/page/15
Riquelme,Right Winger,Fluminense Football Club,Brazil,19,0,1,1,2025,https://www.transfermarkt.com/campeonato-brasileiro-serie-a/scorerliste/wettbewerb/BRA1/saison_id/2025/altersklasse/alle/plus/1/page/15
Luis Osorio,Centre-Back,São Paulo Futebol Clube,Brazil,20,0,1,1,2025,https://www.transfermarkt.com/campeonato-brasileiro-serie-a/scorerliste/wettbewerb/BRA1/saison_id/2025/altersklasse/alle/plus/1/page/15
Claudinho,Left-Back,Club Athletico Paranaense,Brazil,20,0,1,1,2025,https://www.transfermarkt.com/campeonato-brasileiro-serie-a/scorerliste/wettbewerb/BRA1/saison_id/2025/altersklasse/alle/plus/1/page/15
Pedro Gabriel,Left-Back,Grêmio Foot-Ball Porto Alegrense,Brazil,19,0,1,1,2025,https://www.transfermarkt.com/campeonato-brasileiro-serie-a/scorerliste/wettbewerb/BRA1/saison_id/2025/altersklasse/alle/plus/1/page/15
Joaquín Freitas,Centre-Forward,CR Flamengo,Argentina,19,0,1,1,2025,https://www.transfermarkt.com/campeonato-brasileiro-serie-a/scorerliste/wettbewerb/BRA1/saison_id/2025/altersklasse/alle/plus/1/page/15
